property_id,neighborhood,property_type,bedrooms,bathrooms,square_feet,lot_size,age,stories,condition,garage_spaces,has_pool,has_fireplace,has_deck,has_fence,has_central_heat,has_central_air,years_since_roof_replaced,years_since_hvac_replaced,kitchen_updated,bathrooms_updated,has_hoa,hoa_fee,has_special_assessment,school_rating,walk_score,transit_score,listing_month,is_spring_summer,annual_tax,estimated_rent,days_on_market,price_reductions,is_foreclosure,has_lien,owner_occupied,num_distress_keywords,estimated_repair_cost,parking_type,heating_type,cooling_type,roof_type,foundation_type,flooring_type,exterior_type,water_source,sewer_type,listing_season,listed_price,true_market_value,spread,spread_percentage,predicted_market_value,predicted_spread,predicted_spread_pct,prediction_error,prediction_error_pct,distress_score,estimated_profit,opportunity_score
PROP_0000,Lyme,Single Family,4,3.0,3014.0,174240.0,53,2,Fair,3,1,0,0,1,0,0,24,20,0,0,0,0,0,8,70,52,2,0,19491,5553,30,2,0,0,1,0,45495,Street,Electric,Window Units,Asphalt Shingle,Slab,Tile,Vinyl Siding,Municipal,Municipal,Winter,849000.0,861479,12479.0,1.45,861731,12731.0,1.48,252,0.03,23.0,-47764.0,2.78
PROP_0001,West Haven,Single Family,5,2.0,2492.0,8276.4,62,2,Distressed,3,0,0,1,1,1,1,25,20,0,0,0,0,0,9,57,46,2,0,5100,1787,10,2,0,0,1,1,38512,Street,Gas,Central AC,Tile,Crawl Space,Tile,Brick,Municipal,Municipal,Winter,274900.0,227818,-47082.0,-20.67,227876,-47024.0,-20.64,58,0.03,26.0,-100536.0,-46.13
PROP_0002,Bridgeport,Townhouse,2,1.0,960.0,8712.0,55,1,Fair,1,0,0,0,0,0,0,24,20,0,1,1,101,0,9,36,33,5,1,2539,826,10,0,0,0,1,0,4858,Garage,Oil,Window Units,Asphalt Shingle,Basement,Hardwood,Wood,Municipal,Municipal,Spring,149000.0,166432,17432.0,10.47,166065,17065.0,10.28,-367,-0.22,1.0,-2793.0,20.48
PROP_0003,Brooklyn,Single Family,3,3.0,1700.0,116305.2,52,2,Poor,2,0,1,0,0,1,1,25,20,0,1,0,0,0,9,52,43,2,0,7903,2138,30,0,0,0,0,0,42244,Garage,Oil,Window Units,Asphalt Shingle,Crawl Space,Carpet,Stucco,Municipal,Municipal,Winter,395000.0,400034,5034.0,1.26,399938,4938.0,1.23,-96,-0.02,3.0,-52306.0,-2.17
PROP_0004,Goshen,Single Family,3,3.0,3828.0,51400.8,49,2,Poor,2,0,0,1,1,1,1,25,20,1,1,0,0,0,6,100,82,4,1,19351,4381,20,0,0,0,1,1,33743,Street,Gas,Central AC,Asphalt Shingle,Slab,Hardwood,Vinyl Siding,Well,Municipal,Spring,789000.0,791433,2433.0,0.31,791403,2403.0,0.3,-30,-0.0,7.0,-46340.0,-2.63
PROP_0005,Milford,Single Family,3,4.0,1929.0,7405.200000000001,56,2,Poor,2,0,0,1,0,1,1,25,20,1,0,0,0,0,7,50,49,4,1,9005,3089,30,1,0,0,1,1,34234,Garage,Gas,,Asphalt Shingle,Slab,Laminate,Vinyl Siding,Municipal,Municipal,Spring,559900.0,537348,-22552.0,-4.2,537392,-22508.0,-4.19,44,0.01,18.0,-71742.0,-11.95
PROP_0006,Mansfield,Single Family,4,3.0,2745.0,65775.6,54,2,Fair,3,0,1,0,1,1,1,25,20,1,0,0,0,0,8,78,64,10,0,8360,3927,120,1,0,0,1,1,35154,Driveway,Gas,Central AC,Asphalt Shingle,Slab,Hardwood,Wood,Municipal,Septic,Fall,599000.0,685354,86354.0,12.6,685434,86434.0,12.61,80,0.01,27.0,36280.0,34.25
PROP_0007,Orange,Single Family,3,4.0,3323.0,40075.2,51,2,Poor,2,0,0,0,1,1,1,24,20,0,0,0,0,0,5,63,61,7,1,17162,4649,10,0,0,0,1,1,47536,Garage,Gas,Window Units,Asphalt Shingle,Slab,Carpet,Brick,Municipal,Septic,Summer,779000.0,834538,55538.0,6.65,834602,55602.0,6.66,64,0.01,6.0,-6934.0,13.83
PROP_0008,Scotland,Townhouse,3,2.0,1848.0,87120.0,45,2,Poor,2,0,0,0,0,1,1,21,20,1,0,1,250,0,8,51,44,3,0,10544,2830,180,0,0,0,1,0,47852,Garage,Electric,Central AC,Asphalt Shingle,Slab,Laminate,Vinyl Siding,Municipal,Municipal,Winter,429000.0,512976,83976.0,16.37,512964,83964.0,16.37,-12,-0.0,18.0,21112.0,38.45
PROP_0009,Danbury,Townhouse,1,1.0,435.0,8712.0,50,1,Poor,0,0,0,0,0,1,1,22,20,0,1,1,306,0,5,27,19,2,0,1973,640,10,0,0,0,1,0,7347,Carport,Oil,,Asphalt Shingle,Slab,Tile,Wood,Municipal,Septic,Winter,105000.0,109471,4471.0,4.08,109445,4445.0,4.06,-26,-0.02,1.0,-17902.0,6.53
PROP_0010,Norwich,Single Family,2,3.0,1304.0,8712.0,66,1,Poor,1,0,0,0,1,1,1,25,20,0,0,0,0,0,9,63,54,5,1,3273,882,90,2,0,0,1,0,17275,Street,Electric,Central AC,Asphalt Shingle,Slab,Hardwood,Brick,Well,Septic,Spring,159900.0,155642,-4258.0,-2.74,150617,-9283.0,-6.16,-5025,-3.23,29.0,-41558.0,-10.68
PROP_0011,Stamford,Single Family,5,4.0,3648.0,7405.200000000001,45,2,Fair,3,1,0,1,1,1,1,16,20,0,1,0,0,0,9,85,74,6,1,11262,4982,20,0,0,0,0,0,34901,Street,Oil,Central AC,Flat,Crawl Space,Hardwood,Brick,Municipal,Septic,Spring,915000.0,988457,73457.0,7.43,988399,73399.0,7.43,-58,-0.01,2.0,23498.0,17.61
PROP_0012,Milford,Single Family,3,1.0,1095.0,9147.6,52,1,Poor,2,0,0,1,1,0,1,17,20,0,0,0,0,0,9,73,59,10,0,4860,1311,10,2,0,0,1,0,15824,Garage,Electric,Central AC,Asphalt Shingle,Crawl Space,Laminate,Wood,Municipal,Municipal,Fall,239900.0,260780,20880.0,8.01,260545,20645.0,7.92,-235,-0.09,21.0,-10179.0,19.02
PROP_0013,Wallingford,Townhouse,2,2.0,1243.0,14374.8,47,1,Poor,1,0,0,0,1,1,1,23,20,0,0,1,139,0,7,76,68,9,0,4024,1765,10,2,0,0,1,1,24651,Driveway,Heat Pump,,Metal,Basement,Laminate,Brick,Municipal,Municipal,Summer,279900.0,271063,-8837.0,-3.26,271200,-8700.0,-3.21,137,0.05,26.0,-48351.0,-6.06
PROP_0014,Harwinton,Townhouse,2,1.0,894.0,10890.0,55,1,Poor,1,0,0,0,0,0,0,19,20,1,1,1,395,0,6,51,36,11,0,5253,1868,20,0,0,0,1,0,38466,Garage,Electric,Window Units,Asphalt Shingle,Basement,Tile,Wood,Municipal,Municipal,Fall,339900.0,308378,-31522.0,-10.22,308378,-31522.0,-10.22,0,0.0,2.0,-84988.0,-28.54
PROP_0015,Bloomfield,Townhouse,2,3.0,2128.0,24829.199999999997,53,2,Poor,1,0,0,0,1,1,1,25,20,0,1,0,0,0,8,90,66,12,0,7672,2896,60,0,0,0,1,0,19932,Driveway,Gas,Central AC,Asphalt Shingle,Crawl Space,Tile,Vinyl Siding,Well,Municipal,Fall,475000.0,472314,-2686.0,-0.57,472385,-2615.0,-0.55,71,0.02,6.0,-37547.0,-3.65
PROP_0016,Southington,Single Family,4,3.0,2377.0,16988.4,57,2,Fair,3,0,1,0,1,0,0,25,20,1,0,0,0,0,6,48,47,4,1,4481,1538,60,1,0,0,0,2,7333,Driveway,Oil,Central AC,Asphalt Shingle,Slab,Hardwood,Stucco,Municipal,Municipal,Spring,250000.0,271307,21307.0,7.85,271434,21434.0,7.9,127,0.05,26.0,-899.0,20.91
PROP_0017,Milford,Single Family,3,2.0,1248.0,4791.6,61,1,Poor,2,0,1,1,0,1,0,25,20,0,0,0,0,0,7,34,29,10,0,4962,2450,20,0,0,0,1,0,37207,Driveway,Oil,Window Units,Asphalt Shingle,Slab,Laminate,Brick,Well,Septic,Fall,399000.0,367879,-31121.0,-8.46,367890,-31110.0,-8.46,11,0.0,2.0,-83317.0,-24.85
PROP_0018,Farmington,Single Family,3,3.0,2511.0,8712.0,46,2,Poor,2,0,1,0,1,1,0,25,20,0,1,0,0,0,6,66,53,8,1,11147,3414,30,0,0,0,1,0,58687,Carport,Electric,Central AC,Asphalt Shingle,Crawl Space,Carpet,Brick,Municipal,Municipal,Summer,556400.0,555861,-539.0,-0.1,555655,-745.0,-0.13,-206,-0.04,3.0,-74432.0,-7.1
PROP_0019,Farmington,Single Family,5,3.0,2500.0,42688.8,51,2,Fair,3,0,0,1,1,1,1,24,20,1,0,0,0,0,6,29,24,10,0,9367,2795,10,0,0,0,0,0,27063,Garage,Gas,Central AC,Tile,Slab,Carpet,Vinyl Siding,Municipal,Municipal,Fall,499900.0,500374,474.0,0.09,500225,325.0,0.06,-149,-0.03,1.0,-41738.0,-3.85
PROP_0020,Norwalk,Townhouse,1,1.0,548.0,8712.0,50,1,Fair,0,0,1,0,1,1,1,20,20,1,0,1,320,1,6,48,44,10,0,3657,1050,10,0,0,0,1,1,5298,Carport,Gas,Central AC,Asphalt Shingle,Basement,Laminate,Stucco,Municipal,Municipal,Fall,174900.0,187004,12104.0,6.47,186996,12096.0,6.47,-8,-0.0,6.0,-8202.0,13.32
PROP_0021,Torrington,Townhouse,2,2.0,1095.0,8712.0,57,1,Fair,1,0,1,0,1,1,1,25,20,0,1,0,0,0,7,41,38,10,0,2126,781,20,0,1,0,0,0,5921,Driveway,Gas,Window Units,Asphalt Shingle,Basement,Tile,Brick,Municipal,Municipal,Fall,132900.0,168425,35525.0,21.09,168430,35530.0,21.09,5,0.0,22.0,14609.0,48.04
PROP_0022,Greenwich,Condo,1,1.0,755.0,8712.0,50,1,Poor,0,0,0,0,0,0,0,25,20,0,0,1,395,0,6,46,42,5,1,6304,2825,60,0,0,0,0,0,39880,Carport,Electric,Central AC,Asphalt Shingle,Crawl Space,Tile,Stucco,Municipal,Municipal,Spring,475000.0,480320,5320.0,1.11,480322,5322.0,1.11,2,0.0,6.0,-49558.0,-1.54
PROP_0023,Montville,Single Family,3,1.0,1084.0,26571.6,45,1,Fair,2,0,0,1,1,1,0,16,20,0,1,0,0,0,7,90,88,2,0,3341,1374,60,1,0,0,1,0,7618,Garage,Electric,Central AC,Asphalt Shingle,Basement,Laminate,Vinyl Siding,Municipal,Septic,Winter,229900.0,251012,21112.0,8.41,246880,16980.0,6.88,-4132,-1.65,16.0,-5638.0,16.4
PROP_0024,Enfield,Single Family,3,2.0,1056.0,5227.2,54,1,Fair,2,0,1,0,1,1,1,25,20,1,0,0,0,0,9,48,45,8,1,4564,1358,30,2,0,0,1,0,8107,Carport,Gas,Central AC,Metal,Slab,Carpet,Vinyl Siding,Municipal,Septic,Summer,209000.0,223357,14357.0,6.43,223434,14434.0,6.46,77,0.03,23.0,-8673.0,16.65
PROP_0025,Stamford,Single Family,4,2.0,2248.0,14374.8,48,2,Fair,3,0,0,1,0,1,0,25,20,0,0,0,0,0,7,43,30,1,0,10290,3875,20,0,0,1,1,0,32151,Garage,Oil,Central AC,Tile,Slab,Carpet,Vinyl Siding,Well,Septic,Winter,639000.0,706546,67546.0,9.56,694457,55457.0,7.99,-12089,-1.71,17.0,8306.0,20.21
PROP_0026,Manchester,Single Family,6,2.0,2568.0,11761.2,58,1,Fair,3,0,1,0,1,1,0,25,20,1,0,0,0,0,7,68,65,5,1,3483,1646,20,1,0,0,0,0,14579,Driveway,Electric,Central AC,Metal,Crawl Space,Hardwood,Vinyl Siding,Well,Municipal,Spring,279000.0,269401,-9599.0,-3.56,269520,-9480.0,-3.52,119,0.04,12.0,-39059.0,-8.55
PROP_0027,Simsbury,Condo,3,1.0,978.0,30491.999999999996,56,1,Poor,2,0,1,0,0,1,0,25,20,0,0,1,264,0,8,100,80,1,0,3247,1168,120,0,0,0,0,0,9754,Garage,Gas,Central AC,Asphalt Shingle,Crawl Space,Carpet,Vinyl Siding,Municipal,Municipal,Winter,214900.0,219054,4154.0,1.9,218943,4043.0,1.85,-111,-0.05,12.0,-20711.0,4.03
PROP_0028,Trumbull,Single Family,3,3.0,2051.0,21780.0,53,2,Fair,2,0,1,0,1,0,1,25,20,1,0,0,0,0,5,27,19,11,0,13288,3248,60,1,0,1,1,0,14875,Garage,Oil,,Asphalt Shingle,Crawl Space,Tile,Vinyl Siding,Municipal,Municipal,Fall,565000.0,738963,173963.0,23.54,738972,173972.0,23.54,9,0.0,31.0,144097.0,67.69
PROP_0029,Fairfield,Single Family,4,3.0,4336.0,45302.4,45,2,Fair,3,1,0,0,0,1,1,23,20,1,1,0,0,0,8,46,43,11,0,32661,9099,20,0,0,0,0,0,66073,Driveway,Gas,Central AC,Asphalt Shingle,Crawl Space,Tile,Vinyl Siding,Municipal,Municipal,Fall,1499000.0,1687678,188678.0,11.18,1687692,188692.0,11.18,14,0.0,2.0,107619.0,33.52
PROP_0030,Woodbury,Townhouse,2,2.0,2434.0,10890.0,57,2,Poor,1,0,0,0,1,1,0,25,20,0,0,0,0,0,6,41,35,2,0,7561,2714,60,1,0,0,0,0,41421,Driveway,Gas,Central AC,Flat,Crawl Space,Hardwood,Stucco,Municipal,Municipal,Winter,429900.0,457095,27195.0,5.95,489979,60079.0,12.26,32884,7.19,16.0,3658.0,28.09
PROP_0031,Madison,Single Family,4,3.0,2499.0,111078.0,53,2,Fair,3,0,0,0,0,1,1,25,20,1,0,0,0,0,7,45,41,4,1,13004,3069,90,3,0,0,1,0,26350,Garage,Heat Pump,Central AC,Asphalt Shingle,Slab,Carpet,Vinyl Siding,Municipal,Septic,Spring,540000.0,534296,-5704.0,-1.07,534142,-5858.0,-1.1,-154,-0.03,39.0,-47208.0,0.88
PROP_0032,Groton,Condo,1,1.0,654.0,8712.0,47,1,Fair,0,0,1,0,1,1,1,25,20,0,1,1,325,1,8,43,39,1,0,1292,599,90,1,0,0,0,0,5917,Driveway,Electric,Central AC,Asphalt Shingle,Basement,Hardwood,Vinyl Siding,Municipal,Municipal,Winter,105000.0,100062,-4938.0,-4.93,100081,-4919.0,-4.92,19,0.02,19.0,-25836.0,-8.62
PROP_0033,Middlefield,Townhouse,1,1.0,530.0,8276.4,55,1,Fair,0,0,0,0,0,0,1,25,20,0,1,0,0,0,6,69,55,5,1,1974,712,10,1,0,1,1,0,7788,Garage,Gas,Window Units,Asphalt Shingle,Crawl Space,Laminate,Vinyl Siding,Municipal,Municipal,Spring,129900.0,164256,34356.0,20.92,164287,34387.0,20.93,31,0.02,26.0,11599.0,48.22
PROP_0034,Cheshire,Single Family,4,3.0,3143.0,86248.8,60,2,Distressed,3,0,0,0,0,1,0,22,20,1,0,0,0,0,8,65,54,12,0,10177,3427,30,0,0,0,0,0,87448,Street,Electric,Central AC,Asphalt Shingle,Basement,Laminate,Brick,Municipal,Municipal,Fall,629900.0,523175,-106725.0,-20.4,523202,-106698.0,-20.39,27,0.01,3.0,-209146.0,-61.09
PROP_0035,Torrington,Single Family,2,2.0,1100.0,3920.4,53,1,Poor,1,0,0,0,1,1,1,17,20,0,1,0,0,0,8,82,65,12,0,1902,896,10,1,0,0,0,0,9360,Driveway,Oil,Central AC,Asphalt Shingle,Slab,Tile,Brick,Municipal,Municipal,Fall,139000.0,126566,-12434.0,-9.82,126648,-12352.0,-9.75,82,0.06,11.0,-36712.0,-20.97
PROP_0036,Greenwich,Townhouse,3,3.0,2308.0,7405.200000000001,47,2,Fair,2,0,1,0,0,1,0,20,20,1,0,1,377,0,6,63,52,5,1,18920,8665,10,0,0,0,1,0,72770,Driveway,Gas,Window Units,Flat,Crawl Space,Carpet,Vinyl Siding,Municipal,Septic,Spring,1500000.0,1460627,-39373.0,-2.7,1460599,-39401.0,-2.7,-28,-0.0,1.0,-127171.0,-17.92
PROP_0037,New Milford,Single Family,3,4.0,6057.0,50965.2,58,3,Fair,2,0,1,1,0,0,0,25,20,0,0,0,0,0,7,46,40,5,1,10611,4744,180,2,0,0,1,0,32254,Garage,Gas,Central AC,Tile,Basement,Laminate,Vinyl Siding,Municipal,Municipal,Spring,850000.0,1030405,180405.0,17.51,1030447,180447.0,17.51,42,0.0,38.0,133193.0,55.94
PROP_0038,Darien,Single Family,5,3.0,2427.0,8276.4,49,1,Poor,3,0,0,0,0,1,1,17,20,1,1,0,0,0,9,6,4,6,1,16603,6241,60,0,0,0,0,0,53618,Driveway,Electric,Central AC,Asphalt Shingle,Basement,Hardwood,Vinyl Siding,Municipal,Municipal,Spring,949900.0,902889,-47011.0,-5.21,902952,-46948.0,-5.2,63,0.01,6.0,-115566.0,-20.76
PROP_0039,Stratford,Townhouse,3,1.0,1044.0,11325.6,46,1,Fair,2,0,0,0,0,1,1,25,20,0,0,0,0,0,6,70,49,3,0,3122,1519,30,1,0,0,1,0,6461,Driveway,Oil,Window Units,Asphalt Shingle,Crawl Space,Hardwood,Vinyl Siding,Municipal,Municipal,Winter,255000.0,264046,9046.0,3.43,257754,2754.0,1.07,-6292,-2.38,13.0,-18707.0,2.87
PROP_0040,Hamden,Single Family,4,4.0,2024.0,13068.0,57,2,Fair,3,0,0,1,0,1,0,25,20,0,0,0,0,0,7,87,82,12,0,4833,2131,60,2,0,0,1,0,18228,Garage,Gas,Window Units,Asphalt Shingle,Basement,Hardwood,Brick,Municipal,Municipal,Fall,324900.0,356349,31449.0,8.83,356356,31456.0,8.83,7,0.0,26.0,-1772.0,22.68
PROP_0041,Bridgeport,Townhouse,4,2.0,1500.0,8276.4,58,2,Fair,3,0,0,0,0,0,1,25,20,0,0,1,414,0,5,59,43,5,1,4286,1574,30,0,0,0,1,0,8007,Driveway,Oil,Window Units,Asphalt Shingle,Crawl Space,Laminate,Wood,Municipal,Municipal,Spring,275000.0,313825,38825.0,12.37,313734,38734.0,12.35,-91,-0.03,3.0,15727.0,26.87
PROP_0042,Southbury,Townhouse,2,2.0,1044.0,8712.0,62,1,Poor,1,0,0,0,0,1,1,25,20,1,0,1,396,0,8,72,54,11,0,2635,1034,120,0,1,0,0,0,18931,Driveway,Gas,Central AC,Asphalt Shingle,Crawl Space,Tile,Stucco,Municipal,Municipal,Fall,174900.0,203544,28644.0,14.07,203575,28675.0,14.09,31,0.02,32.0,-5256.0,34.05
PROP_0043,Manchester,Single Family,3,1.0,1350.0,7405.200000000001,61,1,Distressed,2,0,0,0,0,0,1,25,20,0,0,0,0,0,7,72,57,6,1,3759,1094,180,0,0,0,1,1,19489,Garage,Oil,Central AC,Asphalt Shingle,Slab,Laminate,Wood,Well,Municipal,Spring,169000.0,198993,29993.0,15.07,198886,29886.0,15.03,-107,-0.05,23.0,-4603.0,34.2
PROP_0044,Middlebury,Single Family,7,3.0,3173.0,24829.199999999997,61,2,Distressed,3,0,1,0,1,1,1,25,20,0,0,0,0,0,9,68,63,4,1,8595,2427,10,0,0,0,0,0,70826,Garage,Gas,Central AC,Metal,Basement,Hardwood,Stucco,Municipal,Municipal,Spring,397500.0,360015,-37485.0,-10.41,368899,-28601.0,-7.75,8884,2.47,1.0,-114427.0,-26.74
PROP_0045,Greenwich,Single Family,5,5.0,3500.0,40510.8,50,2,Fair,3,0,0,1,1,1,0,25,20,0,0,0,0,0,8,84,71,3,0,29147,14309,180,2,0,0,1,1,116754,Driveway,Gas,Central AC,Tile,Slab,Tile,Brick,Municipal,Municipal,Winter,2395000.0,2956884,561884.0,19.0,2956826,561826.0,19.0,-58,-0.0,43.0,430072.0,89.61
PROP_0046,New Britain,Condo,2,2.0,840.0,8712.0,64,1,Distressed,1,0,0,0,0,1,0,25,20,1,1,1,354,0,8,54,53,5,1,1740,573,20,3,0,0,1,2,20537,Garage,Electric,Central AC,Asphalt Shingle,Basement,Hardwood,Wood,Municipal,Septic,Spring,92900.0,75741,-17159.0,-22.65,75701,-17199.0,-22.72,-40,-0.05,42.0,-52736.0,-42.31
PROP_0047,Granby,Single Family,4,3.0,2203.0,49658.399999999994,56,2,Fair,3,0,0,0,1,1,0,25,20,0,1,0,0,0,7,60,48,4,1,9074,2079,90,0,0,0,0,1,12988,Garage,Gas,Central AC,Asphalt Shingle,Slab,Hardwood,Wood,Municipal,Municipal,Spring,375000.0,417076,42076.0,10.09,416412,41412.0,9.94,-664,-0.16,14.0,13424.0,24.02
PROP_0048,Monroe,Townhouse,4,3.0,1958.0,25264.8,59,2,Poor,3,0,0,0,1,1,1,25,20,1,1,1,318,0,5,62,57,12,0,6332,2637,10,2,0,0,1,0,26309,Street,Gas,Central AC,Metal,Slab,Hardwood,Vinyl Siding,Municipal,Municipal,Fall,429900.0,413084,-16816.0,-4.07,413027,-16873.0,-4.09,-57,-0.01,21.0,-58182.0,-9.8
PROP_0049,Newtown,Single Family,5,6.0,5016.0,117612.0,57,2,Poor,3,0,0,1,0,1,0,23,20,0,0,0,0,0,7,55,53,9,0,23952,7907,30,1,0,1,1,2,139096,Street,Gas,,Metal,Basement,Hardwood,Vinyl Siding,Municipal,Municipal,Summer,1200000.0,1363270,163270.0,11.98,1363323,163323.0,11.98,53,0.0,38.0,9227.0,32.48
PROP_0050,Danbury,Townhouse,4,3.0,1550.0,48351.600000000006,61,1,Distressed,3,0,1,0,1,1,0,19,20,1,0,1,147,0,7,68,48,8,1,8117,3556,10,0,0,0,1,0,65481,Carport,Gas,Central AC,Asphalt Shingle,Basement,Hardwood,Brick,Municipal,Municipal,Summer,599900.0,573401,-26499.0,-4.62,573421,-26479.0,-4.62,20,0.0,1.0,-106960.0,-19.74
PROP_0051,East Granby,Townhouse,3,2.0,1228.0,16988.4,52,1,Fair,2,0,0,0,1,1,1,16,20,1,0,0,0,0,7,62,49,2,0,6052,1552,30,1,0,0,1,0,7912,Driveway,Heat Pump,Central AC,Asphalt Shingle,Crawl Space,Laminate,Stucco,Municipal,Municipal,Winter,274900.0,309637,34737.0,11.22,309422,34522.0,11.16,-215,-0.07,13.0,11610.0,26.08
PROP_0052,Meriden,Single Family,3,2.0,1572.0,8712.0,67,2,Poor,2,0,1,0,0,1,1,23,20,0,0,0,0,0,7,91,75,8,1,2754,812,30,2,0,0,0,0,11649,Street,Oil,Central AC,Asphalt Shingle,Slab,Hardwood,Brick,Municipal,Municipal,Summer,125000.0,117016,-7984.0,-6.82,117122,-7878.0,-6.73,106,0.09,23.0,-34527.0,-12.31
PROP_0053,East Hartford,Single Family,2,2.0,1287.0,8712.0,64,1,Distressed,1,0,1,1,1,1,1,23,20,0,1,0,0,0,7,61,50,12,0,5901,1541,120,0,0,0,1,0,25056,Driveway,Electric,Central AC,Asphalt Shingle,Crawl Space,Carpet,Vinyl Siding,Municipal,Municipal,Fall,239000.0,216263,-22737.0,-10.51,216388,-22612.0,-10.45,125,0.06,12.0,-62668.0,-24.77
PROP_0054,East Haven,Single Family,3,1.0,1192.0,23958.000000000004,52,1,Poor,2,0,1,0,1,1,0,25,20,0,0,0,0,0,6,62,45,7,1,4211,1698,30,0,0,0,1,0,18221,Street,Gas,Central AC,Metal,Slab,Carpet,Brick,Well,Municipal,Summer,299900.0,283817,-16083.0,-5.67,283533,-16367.0,-5.77,-284,-0.1,3.0,-49588.0,-15.9
PROP_0055,New London,Single Family,5,5.0,3923.0,12632.4,55,3,Poor,3,0,1,0,1,1,0,23,20,0,0,0,0,0,5,80,60,4,1,14071,5651,180,0,0,0,1,0,104838,Driveway,Heat Pump,Central AC,Asphalt Shingle,Crawl Space,Hardwood,Vinyl Siding,Well,Municipal,Spring,925000.0,1123780,198780.0,17.69,963239,38239.0,3.97,-160541,-14.29,18.0,-81599.0,3.38
PROP_0056,New Britain,Single Family,3,2.0,2240.0,8712.0,64,1,Poor,2,0,1,1,1,0,1,25,20,1,1,0,0,0,7,87,85,2,0,7045,1686,120,1,0,1,1,0,15044,Street,Electric,Central AC,Asphalt Shingle,Slab,Laminate,Brick,Municipal,Municipal,Winter,299900.0,357327,57427.0,16.07,357326,57426.0,16.07,-1,-0.0,37.0,27382.0,42.28
PROP_0057,New London,Townhouse,3,2.0,1404.0,6098.400000000001,46,1,Fair,2,0,1,0,1,1,1,15,20,0,0,1,237,0,8,72,55,8,1,6911,1920,60,1,0,0,1,1,14139,Garage,Heat Pump,Central AC,Asphalt Shingle,Slab,Carpet,Vinyl Siding,Municipal,Municipal,Summer,300000.0,297306,-2694.0,-0.91,297372,-2628.0,-0.88,66,0.02,21.0,-31767.0,-0.74
PROP_0058,Greenwich,Single Family,3,4.0,2631.0,191228.4,44,1,Poor,2,0,0,1,0,1,1,25,18,0,1,0,0,0,9,48,35,1,0,37914,12272,90,1,0,0,1,1,189214,Garage,Oil,Central AC,Tile,Crawl Space,Laminate,Vinyl Siding,Municipal,Municipal,Winter,2100000.0,1936743,-163257.0,-8.43,1936761,-163239.0,-8.43,18,0.0,24.0,-367453.0,-48.81
PROP_0059,Waterford,Single Family,3,3.0,1647.0,10018.8,58,1,Fair,2,0,1,1,0,1,1,25,20,1,0,0,0,0,5,66,46,10,0,11649,2910,30,1,0,0,0,0,27660,Driveway,Electric,Central AC,Asphalt Shingle,Crawl Space,Tile,Vinyl Siding,Well,Municipal,Fall,529900.0,609200,79300.0,13.02,584584,54684.0,9.35,-24616,-4.04,13.0,12024.0,22.5
PROP_0060,Kent,Single Family,3,2.0,1800.0,72309.59999999999,58,2,Fair,2,0,0,0,1,1,1,25,20,0,0,0,0,0,6,60,59,9,0,9164,2626,90,0,0,0,1,1,23692,Street,Gas,Central AC,Asphalt Shingle,Slab,Carpet,Brick,Municipal,Septic,Summer,460000.0,500429,40429.0,8.08,439957,-20043.0,-4.56,-60472,-12.08,14.0,-58735.0,-12.19
PROP_0061,Stratford,Single Family,1,2.0,1550.0,8712.0,64,2,Distressed,0,0,0,0,1,1,1,25,20,1,0,0,0,0,7,42,30,12,0,4029,1766,10,0,0,0,0,0,60128,Driveway,Gas,Central AC,Tile,Slab,Hardwood,Brick,Well,Municipal,Fall,269900.0,246322,-23578.0,-9.57,246404,-23496.0,-9.54,82,0.03,1.0,-98624.0,-28.74
PROP_0062,Stafford,Single Family,1,3.0,4740.0,43560.0,60,2,Distressed,0,1,0,0,1,1,0,25,20,0,0,0,0,0,7,75,65,3,0,5602,2509,60,1,0,0,1,0,83271,Street,Electric,Central AC,Tile,Basement,Hardwood,Brick,Municipal,Municipal,Winter,425000.0,391839,-33161.0,-8.46,391810,-33190.0,-8.47,-29,-0.01,16.0,-131461.0,-26.89
PROP_0063,Willington,Single Family,3,2.0,1002.0,97574.4,45,1,Fair,2,0,0,0,0,1,0,25,20,0,0,0,0,0,9,31,28,10,0,3169,1429,30,2,0,0,0,0,10150,Driveway,Heat Pump,Central AC,Flat,Slab,Carpet,Vinyl Siding,Municipal,Municipal,Fall,229000.0,258829,29829.0,11.52,255437,26437.0,10.35,-3392,-1.31,23.0,1287.0,25.43
PROP_0064,Bridgeport,Condo,1,1.0,733.0,8712.0,59,1,Fair,0,0,1,0,0,1,1,25,20,1,0,1,235,0,6,56,55,7,1,1329,411,10,0,0,0,1,0,3189,Garage,Electric,Central AC,Tile,Slab,Carpet,Wood,Municipal,Septic,Summer,65000.0,72449,7449.0,10.28,72515,7515.0,10.36,66,0.09,1.0,-10674.0,19.85
PROP_0065,Brooklyn,Single Family,4,1.0,1180.0,12632.4,56,1,Fair,3,0,0,0,0,0,1,25,20,0,1,0,0,0,7,86,73,7,1,5804,1415,20,1,0,0,1,0,12389,Garage,Gas,Central AC,Metal,Slab,Tile,Brick,Municipal,Municipal,Summer,239900.0,245104,5204.0,2.12,245146,5246.0,2.14,42,0.02,12.0,-22143.0,4.47
PROP_0066,Hamden,Townhouse,3,2.0,1624.0,35719.2,64,1,Poor,2,0,1,0,1,1,1,25,20,1,0,1,156,0,7,59,52,11,0,7785,2028,20,1,0,0,1,3,28094,Driveway,Gas,Window Units,Flat,Crawl Space,Carpet,Wood,Well,Septic,Fall,350000.0,325393,-24607.0,-7.56,352724,2724.0,0.77,27331,8.4,27.0,-40370.0,2.9
PROP_0067,Westport,Single Family,4,3.0,3130.0,43560.0,55,3,Poor,3,0,0,0,0,1,0,25,20,0,1,0,0,0,8,74,72,8,1,32757,12468,20,0,1,0,1,1,185474,Garage,Gas,Central AC,Tile,Slab,Tile,Vinyl Siding,Municipal,Municipal,Summer,1995000.0,2847683,852683.0,29.94,2489982,494982.0,19.88,-357701,-12.56,27.0,294508.0,74.61
PROP_0068,Montville,Single Family,3,2.0,1200.0,14810.4,61,1,Poor,2,0,0,1,1,1,1,21,20,0,1,0,0,0,7,75,66,4,1,6090,1676,30,0,1,0,0,0,13487,Driveway,Electric,Central AC,Metal,Slab,Tile,Brick,Municipal,Municipal,Spring,269900.0,348532,78632.0,22.56,348519,78619.0,22.56,-13,-0.0,23.0,50132.0,54.73
PROP_0069,Cromwell,Condo,2,1.0,938.0,8712.0,50,1,Fair,1,0,1,0,1,1,1,22,20,0,0,1,346,0,6,53,46,11,0,2008,735,10,0,0,0,1,0,3061,Driveway,Electric,Window Units,Asphalt Shingle,Slab,Laminate,Brick,Municipal,Municipal,Fall,135000.0,144454,9454.0,6.54,144392,9392.0,6.5,-62,-0.04,1.0,-8669.0,12.33
PROP_0070,Enfield,Single Family,3,2.0,1308.0,27442.8,60,1,Distressed,2,0,0,0,1,1,1,20,20,1,0,0,0,0,8,49,45,9,0,5793,1530,120,3,0,0,1,0,20458,Garage,Gas,Window Units,Asphalt Shingle,Slab,Carpet,Vinyl Siding,Municipal,Municipal,Summer,269900.0,253832,-16068.0,-6.33,237716,-32184.0,-13.54,-16116,-6.35,42.0,-67642.0,-25.44
PROP_0071,Meriden,Condo,2,1.0,840.0,16117.2,55,1,Poor,1,0,0,0,1,1,0,25,20,0,0,1,203,0,7,59,53,5,1,2743,1089,10,2,0,0,1,0,16799,Street,Heat Pump,Window Units,Asphalt Shingle,Slab,Laminate,Vinyl Siding,Well,Septic,Spring,189900.0,190479,579.0,0.3,190343,443.0,0.23,-136,-0.07,21.0,-31356.0,1.52
PROP_0072,Berlin,Townhouse,4,2.0,1239.0,23086.800000000003,47,1,Fair,3,0,0,0,0,1,0,25,20,1,0,1,324,0,6,44,41,12,0,5602,1594,60,3,0,0,0,0,14041,Carport,Electric,Central AC,Asphalt Shingle,Basement,Carpet,Stucco,Municipal,Municipal,Fall,289000.0,313403,24403.0,7.79,293411,4411.0,1.5,-19992,-6.38,36.0,-24630.0,7.74
PROP_0073,East Hartford,Single Family,4,2.0,1352.0,34848.0,59,1,Poor,3,0,1,0,1,0,1,25,20,0,1,0,0,0,6,39,31,1,0,4676,1559,10,0,0,0,1,0,24868,Street,Heat Pump,Central AC,Tile,Basement,Laminate,Wood,Municipal,Municipal,Winter,260000.0,236903,-23097.0,-9.75,236888,-23112.0,-9.76,-15,-0.01,1.0,-62980.0,-25.62
PROP_0074,New Haven,Single Family,3,1.0,1480.0,8712.0,46,1,Poor,2,0,1,0,0,1,0,25,20,0,1,0,0,0,5,71,62,11,0,5434,2003,30,2,0,0,1,1,19653,Driveway,Gas,Window Units,Asphalt Shingle,Slab,Tile,Brick,Municipal,Municipal,Fall,310000.0,283644,-26356.0,-9.29,283948,-26052.0,-9.17,304,0.11,28.0,-60705.0,-18.81
PROP_0075,Madison,Single Family,4,3.0,3426.0,43995.6,49,3,Poor,3,0,1,1,1,1,0,25,20,0,0,0,0,0,7,51,40,4,1,16204,4843,90,2,0,0,1,0,73285,Driveway,Gas,Central AC,Asphalt Shingle,Crawl Space,Tile,Stucco,Municipal,Municipal,Spring,839000.0,807915,-31085.0,-3.85,807829,-31171.0,-3.86,-86,-0.01,29.0,-119456.0,-13.87
PROP_0076,Wolcott,Single Family,3,3.0,2830.0,82764.0,50,2,Poor,2,1,1,0,1,0,0,25,20,1,1,0,0,0,7,55,41,6,1,11013,2722,30,2,0,0,0,0,33525,Street,Gas,Central AC,Asphalt Shingle,Slab,Hardwood,Wood,Municipal,Municipal,Spring,479000.0,507521,28521.0,5.62,533995,54995.0,10.3,26474,5.22,23.0,6470.0,25.85
PROP_0077,North Haven,Condo,2,1.0,672.0,20037.6,59,1,Poor,1,0,0,0,0,1,0,25,20,0,1,1,477,1,7,23,17,2,0,4131,1408,10,0,0,0,1,0,22607,Street,Heat Pump,Central AC,Metal,Slab,Hardwood,Brick,Municipal,Municipal,Winter,229000.0,220348,-8652.0,-3.93,220323,-8677.0,-3.94,-25,-0.01,1.0,-46284.0,-12.31
PROP_0078,Watertown,Townhouse,3,1.0,988.0,10018.8,58,1,Fair,2,0,1,0,1,0,0,25,20,0,0,0,0,0,9,33,28,10,0,4147,1692,180,1,0,0,0,0,8302,Driveway,Electric,Central AC,Asphalt Shingle,Crawl Space,Laminate,Vinyl Siding,Municipal,Municipal,Fall,259900.0,326808,66908.0,20.47,340229,80329.0,23.61,13421,4.11,28.0,57027.0,58.52
PROP_0079,Waterbury,Single Family,3,2.0,2592.0,6098.400000000001,53,2,Poor,2,0,0,0,0,0,1,25,20,1,0,0,0,0,7,68,50,12,0,6658,1667,90,2,0,0,1,0,20247,Driveway,Gas,Central AC,Metal,Crawl Space,Hardwood,Vinyl Siding,Municipal,Municipal,Fall,279900.0,303222,23322.0,7.69,303115,23215.0,7.66,-107,-0.04,29.0,-12032.0,19.92
PROP_0080,Westbrook,Single Family,4,3.0,1854.0,6098.400000000001,51,1,Fair,3,0,0,1,1,0,1,25,20,1,1,0,0,0,7,67,62,4,1,22144,8076,10,1,0,0,1,0,34390,Street,Oil,Window Units,Asphalt Shingle,Slab,Hardwood,Wood,Municipal,Septic,Spring,1399000.0,1423625,24625.0,1.73,1423552,24552.0,1.72,-73,-0.01,11.0,-24838.0,3.16
PROP_0081,Burlington,Single Family,4,4.0,3179.0,60983.99999999999,55,2,Poor,3,0,0,1,1,0,0,18,20,1,1,0,0,0,7,64,44,1,0,16098,4818,10,1,0,0,0,0,39185,Garage,Gas,Central AC,Metal,Slab,Tile,Vinyl Siding,Municipal,Municipal,Winter,793756.0,846998,53242.0,6.29,846887,53131.0,6.27,-111,-0.01,11.0,-1054.0,14.63
PROP_0082,Stonington,Single Family,3,2.0,2020.0,21344.4,53,2,Poor,2,0,1,1,0,1,1,25,20,1,0,0,0,0,7,84,71,5,1,12754,3577,10,0,0,0,0,0,43203,Garage,Oil,Central AC,Asphalt Shingle,Basement,Carpet,Vinyl Siding,Municipal,Municipal,Spring,550000.0,517361,-32639.0,-6.31,518055,-31945.0,-6.17,694,0.13,1.0,-90148.0,-21.15
PROP_0083,Weston,Single Family,5,5.0,4400.0,56628.0,40,2,Poor,3,0,1,0,0,1,1,25,20,1,0,0,0,0,5,65,48,5,1,26204,13724,10,0,0,0,1,0,198397,Street,Gas,Central AC,Asphalt Shingle,Crawl Space,Laminate,Vinyl Siding,Well,Municipal,Spring,2159000.0,2250570,91570.0,4.07,2250585,91585.0,4.07,15,0.0,1.0,-121812.0,-3.84
PROP_0084,Coventry,Single Family,3,3.0,1540.0,41817.6,61,1,Distressed,2,0,0,0,0,1,1,25,20,0,1,0,0,0,7,62,58,12,0,7432,1871,30,0,0,0,0,0,63104,Driveway,Gas,Central AC,Asphalt Shingle,Crawl Space,Hardwood,Vinyl Siding,Municipal,Municipal,Fall,299900.0,289893,-10007.0,-3.45,289738,-10162.0,-3.51,-155,-0.05,3.0,-88266.0,-15.25
PROP_0085,North Haven,Townhouse,4,3.0,2272.0,8712.0,46,1,Fair,3,0,1,0,0,1,1,20,20,0,0,1,147,0,7,40,30,7,1,7828,2928,10,1,0,0,0,0,28814,Garage,Gas,Central AC,Tile,Basement,Hardwood,Vinyl Siding,Municipal,Municipal,Summer,529900.0,596218,66318.0,11.12,596151,66251.0,11.11,-67,-0.01,11.0,22437.0,26.66
PROP_0086,Lisbon,Single Family,3,2.0,1170.0,21780.0,48,1,Fair,2,0,1,1,0,1,0,18,20,1,1,0,0,0,6,100,88,6,1,6308,1992,90,0,0,0,1,1,8516,Street,Electric,Window Units,Asphalt Shingle,Crawl Space,Tile,Vinyl Siding,Municipal,Municipal,Spring,309900.0,304628,-5272.0,-1.73,346483,36583.0,10.56,41855,13.74,14.0,13067.0,25.23
PROP_0087,Oxford,Single Family,2,2.0,1060.0,36590.4,64,1,Poor,1,0,0,1,1,1,1,25,20,1,0,0,0,0,6,49,40,10,0,2639,1043,60,1,0,0,0,0,9034,Driveway,Electric,Central AC,Asphalt Shingle,Crawl Space,Carpet,Vinyl Siding,Well,Municipal,Fall,175000.0,161265,-13735.0,-8.52,161351,-13649.0,-8.46,86,0.05,16.0,-37683.0,-17.49
PROP_0088,Southbury,Single Family,2,2.0,1044.0,8712.0,47,1,Poor,1,0,1,1,0,1,1,25,19,1,0,0,0,0,7,66,57,8,1,3044,1512,10,0,1,0,0,1,23762,Street,Oil,Window Units,Metal,Basement,Tile,Vinyl Siding,Municipal,Municipal,Summer,230000.0,261309,31309.0,11.98,273662,43662.0,15.95,12353,4.73,26.0,4900.0,37.59
PROP_0089,Danbury,Single Family,3,2.0,1120.0,12632.4,55,1,Poor,2,0,1,0,1,1,1,25,20,0,0,0,0,0,7,81,77,3,0,8214,2338,30,1,0,0,0,1,35171,Driveway,Electric,Central AC,Asphalt Shingle,Slab,Laminate,Brick,Municipal,Septic,Winter,375000.0,374432,-568.0,-0.15,374385,-615.0,-0.16,-47,-0.01,18.0,-50786.0,-1.8
PROP_0090,Southington,Single Family,4,3.0,2688.0,14374.8,59,1,Poor,3,0,0,1,1,0,1,20,20,0,1,0,0,0,8,26,25,2,0,13248,3483,60,0,0,0,0,2,48939,Driveway,Electric,,Asphalt Shingle,Slab,Laminate,Vinyl Siding,Municipal,Municipal,Winter,609900.0,615024,5124.0,0.83,614983,5083.0,0.83,-41,-0.01,16.0,-58856.0,-1.03
PROP_0091,Westport,Single Family,5,6.0,5666.0,43560.0,56,2,Fair,3,0,0,0,1,0,0,25,20,1,1,0,0,0,7,82,68,10,0,49484,16332,10,1,0,0,0,2,136935,Street,Electric,Central AC,Metal,Crawl Space,Tile,Wood,Municipal,Municipal,Fall,2600000.0,2733677,133677.0,4.89,2733685,133685.0,4.89,8,0.0,21.0,-18250.0,12.16
PROP_0092,Essex,Single Family,3,4.0,2744.0,20908.8,56,2,Fair,2,0,0,1,0,1,0,25,20,0,1,0,0,0,8,71,56,7,1,15738,6210,20,0,0,0,0,0,51205,Garage,Gas,Central AC,Flat,Slab,Tile,Wood,Municipal,Municipal,Summer,950000.0,1054465,104465.0,9.91,1054244,104244.0,9.89,-221,-0.02,2.0,38039.0,23.98
PROP_0093,Bridgeport,Single Family,5,3.0,3965.0,8712.0,47,3,Poor,3,1,0,0,1,1,0,23,20,0,0,0,0,0,6,43,31,8,1,11131,3632,10,0,0,0,0,0,37794,Driveway,Heat Pump,Central AC,Asphalt Shingle,Crawl Space,Carpet,Stucco,Municipal,Municipal,Summer,619000.0,576393,-42607.0,-7.39,576459,-42541.0,-7.38,66,0.01,1.0,-95335.0,-24.09
PROP_0094,Madison,Single Family,2,4.0,7030.0,101930.4,55,2,Poor,1,0,1,1,0,0,1,25,20,0,0,0,0,0,5,51,35,9,0,28316,8965,120,0,0,0,1,1,137645,Garage,Gas,Central AC,Asphalt Shingle,Basement,Laminate,Vinyl Siding,Municipal,Municipal,Summer,1495000.0,1537363,42363.0,2.76,1537346,42346.0,2.75,-17,-0.0,17.0,-110299.0,-2.13
PROP_0095,Montville,Single Family,5,3.0,2700.0,160300.80000000002,60,2,Poor,3,0,1,1,0,1,1,25,20,0,0,0,0,0,7,50,38,4,1,3446,1479,10,0,0,0,1,0,22965,Driveway,Electric,Central AC,Asphalt Shingle,Crawl Space,Tile,Vinyl Siding,Municipal,Municipal,Spring,225000.0,226276,1276.0,0.56,226284,1284.0,0.57,8,0.0,1.0,-36681.0,-2.33
PROP_0096,Milford,Single Family,4,2.0,1274.0,9583.2,55,1,Fair,3,0,0,1,1,1,1,25,20,0,0,0,0,0,8,62,61,9,0,4500,1570,60,0,0,0,1,0,12100,Driveway,Electric,Central AC,Metal,Slab,Laminate,Brick,Municipal,Municipal,Summer,250000.0,259645,9645.0,3.71,263990,13990.0,5.3,4345,1.67,6.0,-13110.0,10.49
PROP_0097,Stonington,Single Family,3,2.0,1152.0,8712.0,52,1,Fair,2,0,0,1,0,1,1,25,20,0,0,0,0,0,7,66,53,4,1,1506,562,10,0,0,0,0,0,3414,Garage,Electric,Window Units,Asphalt Shingle,Crawl Space,Carpet,Brick,Municipal,Septic,Spring,99900.0,103150,3250.0,3.15,103115,3215.0,3.12,-35,-0.03,1.0,-15199.0,4.92
PROP_0098,Bristol,Townhouse,3,2.0,1894.0,20037.6,47,1,Fair,2,0,1,0,1,1,0,25,20,0,1,1,188,0,7,39,35,6,1,6757,1849,180,1,0,0,1,0,6257,Garage,Oil,Central AC,Asphalt Shingle,Slab,Hardwood,Vinyl Siding,Municipal,Septic,Spring,289900.0,400776,110876.0,27.67,400776,110876.0,27.67,0,0.0,28.0,89619.0,69.9
PROP_0099,Hamden,Condo,2,2.0,709.0,8712.0,47,1,Fair,1,0,1,0,1,1,0,25,20,0,0,1,355,0,8,65,49,10,0,1699,688,30,1,0,0,1,2,3037,Carport,Gas,Central AC,Asphalt Shingle,Slab,Hardwood,Brick,Municipal,Municipal,Fall,125000.0,136971,11971.0,8.74,136877,11877.0,8.68,-94,-0.07,23.0,-6160.0,21.34
PROP_0100,Southington,Single Family,3,2.0,1929.0,16552.8,50,2,Poor,2,0,1,1,0,0,1,25,20,0,0,0,0,0,7,94,73,7,1,5875,2119,30,0,0,1,0,1,18565,Driveway,Heat Pump,Central AC,Tile,Basement,Hardwood,Vinyl Siding,Municipal,Septic,Summer,389000.0,473140,84140.0,17.78,473075,84075.0,17.77,-65,-0.01,23.0,50510.0,45.19
PROP_0101,Thomaston,Single Family,3,1.0,1320.0,8712.0,48,1,Fair,2,0,1,1,0,1,1,20,20,0,0,0,0,0,7,60,42,1,0,1530,547,30,0,0,0,0,0,4493,Driveway,Electric,Central AC,Metal,Slab,Hardwood,Wood,Municipal,Municipal,Winter,99900.0,109590,9690.0,8.84,97169,-2731.0,-2.81,-12421,-11.33,3.0,-22224.0,-7.24
PROP_0102,Southington,Condo,2,1.0,780.0,8712.0,57,1,Fair,1,0,1,0,1,1,0,22,20,1,1,1,342,0,7,56,40,2,0,1759,493,30,0,0,0,1,0,4376,Garage,Oil,Window Units,Tile,Slab,Hardwood,Brick,Municipal,Municipal,Winter,90000.0,101130,11130.0,11.01,101087,11087.0,10.97,-43,-0.04,3.0,-8289.0,21.71
PROP_0103,Branford,Single Family,3,3.0,2800.0,10890.0,51,1,Fair,2,0,1,0,1,1,1,25,20,0,0,0,0,0,6,80,61,4,1,16558,7389,60,0,0,0,0,0,39455,Driveway,Gas,Window Units,Tile,Basement,Hardwood,Stucco,Municipal,Municipal,Spring,1270000.0,1315795,45795.0,3.48,1315686,45686.0,3.47,-109,-0.01,6.0,-8769.0,7.26
PROP_0104,Stratford,Townhouse,1,1.0,600.0,8712.0,60,1,Poor,0,0,0,0,1,0,1,25,20,1,1,1,265,0,7,52,37,10,0,2406,690,30,1,0,0,1,1,13080,Driveway,Heat Pump,Window Units,Asphalt Shingle,Slab,Carpet,Brick,Municipal,Municipal,Fall,114900.0,117146,2246.0,1.92,117195,2295.0,1.96,49,0.04,18.0,-25785.0,4.94
PROP_0105,Tolland,Single Family,3,3.0,1887.0,8712.0,61,2,Distressed,2,0,0,0,0,1,0,25,20,0,0,0,0,0,9,81,79,7,1,8175,2787,30,0,0,0,1,0,78332,Garage,Oil,Central AC,Flat,Crawl Space,Hardwood,Brick,Well,Municipal,Summer,435000.0,380594,-54406.0,-14.3,380902,-54098.0,-14.2,308,0.08,3.0,-147430.0,-42.54
PROP_0106,New Haven,Single Family,3,2.0,1547.0,6098.400000000001,63,2,Distressed,2,0,0,1,1,1,1,25,20,1,0,0,0,0,6,45,37,10,0,5483,1470,10,1,0,0,1,0,34554,Garage,Gas,Central AC,Asphalt Shingle,Slab,Hardwood,Vinyl Siding,Municipal,Septic,Fall,239900.0,196732,-43168.0,-21.94,197051,-42849.0,-21.75,319,0.16,11.0,-92403.0,-50.54
PROP_0107,Greenwich,Single Family,9,10.0,7104.0,139392.0,43,3,Fair,3,0,1,0,1,1,1,18,20,1,0,0,0,0,7,38,35,7,1,81572,25077,30,2,0,0,1,0,218312,Driveway,Gas,Window Units,Asphalt Shingle,Crawl Space,Carpet,Vinyl Siding,Well,Municipal,Summer,3875000.0,3765015,-109985.0,-2.92,4294860,419860.0,9.78,529845,14.07,23.0,186548.0,42.81
PROP_0108,Haddam,Single Family,2,1.0,1196.0,66646.8,46,1,Fair,1,0,0,0,1,1,1,25,20,1,1,0,0,0,8,78,71,4,1,3640,1651,30,0,0,0,1,0,12056,Street,Gas,Central AC,Asphalt Shingle,Slab,Carpet,Vinyl Siding,Municipal,Septic,Spring,284900.0,316510,31610.0,9.99,316404,31504.0,9.96,-106,-0.03,3.0,4448.0,20.96
PROP_0109,Fairfield,Single Family,3,3.0,2200.0,8712.0,51,2,Fair,2,0,1,0,0,1,0,23,20,0,0,0,0,0,7,84,78,12,0,23669,7063,30,1,0,0,1,0,63662,Street,Gas,Central AC,Asphalt Shingle,Crawl Space,Carpet,Brick,Municipal,Municipal,Fall,1150000.0,1157810,7810.0,0.67,1157610,7610.0,0.66,-200,-0.02,13.0,-71052.0,-3.19
PROP_0110,North Haven,Townhouse,3,3.0,1906.0,8712.0,49,2,Fair,2,0,0,0,1,1,0,25,20,1,0,1,162,0,8,46,45,1,0,8133,2191,120,0,0,0,1,0,19379,Carport,Gas,Central AC,Asphalt Shingle,Slab,Tile,Stucco,Municipal,Septic,Winter,404900.0,389786,-15114.0,-3.88,400325,-4575.0,-1.14,10539,2.7,12.0,-38954.0,-3.78
PROP_0111,Westport,Single Family,4,4.0,3396.0,9583.2,40,3,Fair,3,0,1,0,1,1,1,22,16,0,1,0,0,0,7,83,60,6,1,90894,24900,20,2,0,0,1,0,169558,Driveway,Gas,Central AC,Asphalt Shingle,Slab,Tile,Wood,Municipal,Municipal,Spring,3799000.0,3946921,147921.0,3.75,3946917,147917.0,3.75,-4,-0.0,22.0,-36641.0,8.24
PROP_0112,Tolland,Townhouse,2,2.0,960.0,14810.4,50,1,Poor,1,0,0,0,1,1,1,17,20,0,0,1,190,0,7,83,58,2,0,3232,1212,60,1,0,0,1,1,22282,Street,Gas,Central AC,Asphalt Shingle,Slab,Hardwood,Wood,Municipal,Municipal,Winter,224500.0,224910,410.0,0.18,224921,421.0,0.19,11,0.0,21.0,-36861.0,0.89
PROP_0113,Bridgeport,Single Family,8,3.0,3892.0,5227.2,48,2,Fair,3,1,1,1,1,1,1,16,20,0,1,0,0,0,8,49,41,10,0,5802,2340,30,0,0,0,1,0,7292,Driveway,Gas,Central AC,Metal,Crawl Space,Carpet,Wood,Municipal,Municipal,Fall,359000.0,353895,-5105.0,-1.44,353931,-5069.0,-1.43,36,0.01,3.0,-27361.0,-5.0
PROP_0114,Trumbull,Single Family,3,3.0,2465.0,8712.0,59,2,Fair,2,0,0,1,0,1,1,25,20,0,0,0,0,0,7,41,31,2,0,13961,5686,90,0,0,0,0,0,49058,Garage,Gas,Central AC,Asphalt Shingle,Crawl Space,Tile,Vinyl Siding,Municipal,Municipal,Winter,869995.0,983922,113927.0,11.58,983895,113900.0,11.58,-27,-0.0,9.0,49842.0,29.94
PROP_0115,Cromwell,Single Family,3,2.0,1303.0,10018.8,59,1,Fair,2,0,1,1,0,1,1,19,20,0,1,0,0,0,8,92,81,6,1,6635,1785,10,1,0,0,1,2,8794,Garage,Gas,Central AC,Asphalt Shingle,Slab,Carpet,Brick,Municipal,Municipal,Spring,289000.0,276427,-12573.0,-4.55,276640,-12360.0,-4.47,213,0.08,21.0,-36154.0,-8.36
PROP_0116,Norwalk,Single Family,6,4.0,2135.0,6534.0,61,2,Poor,3,0,1,1,1,0,0,25,20,1,0,0,0,0,6,55,41,6,1,14387,4428,90,0,0,0,0,1,81711,Driveway,Electric,Central AC,Flat,Basement,Laminate,Vinyl Siding,Well,Municipal,Spring,729000.0,721361,-7639.0,-1.06,721322,-7678.0,-1.06,-39,-0.01,14.0,-104389.0,-9.76
PROP_0117,New Canaan,Single Family,3,3.0,1638.0,8712.0,40,2,Fair,2,0,1,0,0,1,1,25,20,1,1,0,0,0,7,60,47,9,0,25211,6051,30,0,0,0,0,0,33613,Garage,Heat Pump,,Metal,Slab,Laminate,Vinyl Siding,Municipal,Municipal,Summer,1095000.0,1053908,-41092.0,-3.9,1054015,-40985.0,-3.89,107,0.01,3.0,-89598.0,-16.14
PROP_0118,Plainfield,Single Family,2,2.0,1580.0,8712.0,55,2,Fair,1,0,0,0,0,1,1,25,20,0,0,0,0,0,7,61,50,11,0,7578,2059,180,2,0,0,0,0,16994,Driveway,Electric,Central AC,Asphalt Shingle,Slab,Laminate,Vinyl Siding,Municipal,Municipal,Fall,319000.0,362955,43955.0,12.11,363089,44089.0,12.14,134,0.04,38.0,12095.0,33.09
PROP_0119,Farmington,Single Family,4,4.0,3753.0,46173.600000000006,49,3,Fair,3,0,0,0,1,1,1,22,20,1,0,0,0,0,6,46,42,4,1,17692,5055,10,0,0,0,0,0,19184,Driveway,Electric,Window Units,Metal,Slab,Carpet,Vinyl Siding,Municipal,Municipal,Spring,849900.0,896036,46136.0,5.15,896100,46200.0,5.16,64,0.01,1.0,12016.0,11.72
PROP_0120,Stonington,Single Family,4,4.0,3368.0,8276.4,57,2,Poor,3,0,0,0,0,1,0,25,20,0,1,0,0,0,6,42,31,11,0,38127,10301,60,0,0,0,1,0,193780,Garage,Gas,Window Units,Asphalt Shingle,Crawl Space,Laminate,Vinyl Siding,Municipal,Municipal,Fall,1750000.0,1629007,-120993.0,-7.43,1667022,-82978.0,-4.98,38015,2.33,6.0,-291758.0,-37.94
PROP_0121,Newtown,Single Family,4,3.0,2760.0,87120.0,57,2,Fair,3,1,1,1,0,1,1,25,20,1,1,0,0,0,6,48,46,9,0,10228,4099,20,1,0,0,1,0,31804,Garage,Heat Pump,,Asphalt Shingle,Crawl Space,Carpet,Brick,Municipal,Septic,Summer,739900.0,844954,105054.0,12.43,844776,104876.0,12.41,-178,-0.02,12.0,58072.0,33.03
PROP_0122,Warren,Single Family,3,4.0,4180.0,7670916.0,38,3,Fair,2,0,1,0,1,1,1,25,15,1,1,0,0,0,7,44,39,9,0,60845,20787,20,0,0,0,1,2,110314,Driveway,Heat Pump,Central AC,Tile,Slab,Tile,Brick,Municipal,Septic,Summer,3495000.0,3840655,345655.0,9.0,3840623,345623.0,9.0,-32,-0.0,12.0,220309.0,42.43
PROP_0123,Hamden,Single Family,2,2.0,1168.0,9147.6,57,1,Poor,1,0,0,0,1,1,1,21,20,0,0,0,0,0,7,61,56,1,0,4674,1406,20,0,0,0,1,1,22546,Carport,Electric,Central AC,Asphalt Shingle,Slab,Carpet,Vinyl Siding,Well,Municipal,Winter,215000.0,225151,10151.0,4.51,225437,10437.0,4.63,286,0.13,7.0,-27109.0,7.95
PROP_0124,Haddam,Single Family,3,2.0,1449.0,10018.8,59,1,Fair,2,0,0,1,1,1,1,17,20,0,0,0,0,0,8,42,35,10,0,5905,2080,120,2,0,0,1,0,9175,Garage,Heat Pump,Central AC,Metal,Basement,Laminate,Vinyl Siding,Municipal,Septic,Fall,342900.0,357159,14259.0,3.99,357150,14250.0,3.99,-9,-0.0,32.0,-9925.0,13.39
PROP_0125,New Fairfield,Condo,2,1.0,886.0,15245.999999999998,60,1,Distressed,1,0,0,0,1,1,1,22,20,0,1,1,176,0,5,100,80,12,0,3921,1525,10,1,0,0,1,0,29962,Driveway,Gas,Central AC,Asphalt Shingle,Slab,Carpet,Stucco,Municipal,Municipal,Fall,249900.0,208854,-41046.0,-19.65,208848,-41052.0,-19.66,-6,-0.0,11.0,-86014.0,-45.72
PROP_0126,New Milford,Single Family,3,2.0,1776.0,8712.0,65,2,Poor,2,0,0,0,1,1,0,25,20,0,1,0,0,0,7,76,56,2,0,5672,1426,180,0,0,0,1,0,27138,Driveway,Gas,,Asphalt Shingle,Crawl Space,Tile,Brick,Municipal,Municipal,Winter,249000.0,330275,81275.0,24.61,330154,81154.0,24.58,-121,-0.04,18.0,39016.0,56.66
PROP_0127,Meriden,Townhouse,2,1.0,952.0,8712.0,47,1,Poor,1,0,1,0,1,1,0,20,20,0,0,1,382,1,7,56,39,9,0,2918,1045,20,0,0,0,1,0,16857,Driveway,Electric,Central AC,Asphalt Shingle,Slab,Tile,Brick,Municipal,Municipal,Summer,184900.0,195172,10272.0,5.26,195061,10161.0,5.21,-111,-0.06,2.0,-21696.0,8.65
PROP_0128,Branford,Single Family,5,3.0,2783.0,18730.8,62,2,Poor,3,0,0,0,1,1,0,25,20,0,1,0,0,0,8,80,75,3,0,5895,1980,10,0,0,0,1,0,17949,Driveway,Oil,Window Units,Flat,Basement,Laminate,Vinyl Siding,Municipal,Municipal,Winter,319900.0,307326,-12574.0,-4.09,307381,-12519.0,-4.07,55,0.02,1.0,-45468.0,-12.49
PROP_0129,Hamden,Single Family,3,2.0,1645.0,30056.4,64,2,Distressed,2,0,1,1,1,0,1,25,20,0,1,0,0,0,5,71,57,3,0,8388,2293,30,0,0,0,0,0,63295,Driveway,Gas,,Asphalt Shingle,Crawl Space,Laminate,Brick,Municipal,Municipal,Winter,354000.0,287185,-66815.0,-23.27,287350,-66650.0,-23.19,165,0.06,3.0,-144945.0,-60.27
PROP_0130,Madison,Townhouse,4,3.0,1925.0,10454.4,47,2,Fair,3,0,0,0,1,1,0,25,20,0,0,1,442,0,6,52,39,10,0,20012,7305,120,1,0,0,0,0,68918,Street,Gas,Central AC,Asphalt Shingle,Crawl Space,Carpet,Brick,Municipal,Septic,Fall,1250000.0,1226521,-23479.0,-1.91,1226541,-23459.0,-1.91,20,0.0,22.0,-107377.0,-10.16
PROP_0131,Fairfield,Single Family,4,4.0,3588.0,119790.0,60,3,Distressed,3,0,0,0,1,1,0,25,20,1,0,0,0,0,8,11,9,10,0,18111,8514,60,1,0,0,1,0,164378,Garage,Gas,Central AC,Asphalt Shingle,Slab,Tile,Vinyl Siding,Municipal,Municipal,Fall,1299000.0,1209971,-89029.0,-7.36,1210015,-88985.0,-7.35,44,0.0,16.0,-268363.0,-38.34
PROP_0132,Hebron,Single Family,2,2.0,1574.0,8712.0,60,1,Poor,1,0,1,0,0,0,1,25,20,1,0,0,0,0,9,45,35,6,1,7264,2049,10,0,0,1,0,1,33705,Street,Electric,Central AC,Asphalt Shingle,Basement,Hardwood,Vinyl Siding,Municipal,Septic,Spring,349900.0,394267,44367.0,11.25,394269,44369.0,11.25,2,0.0,21.0,-4336.0,26.27
PROP_0133,Berlin,Condo,1,1.0,856.0,8712.0,65,1,Distressed,0,0,0,0,1,1,0,25,20,0,0,1,191,0,8,51,38,3,0,2359,947,10,0,0,0,1,1,12042,Street,Gas,Central AC,Asphalt Shingle,Crawl Space,Carpet,Wood,Municipal,Municipal,Winter,159000.0,154884,-4116.0,-2.66,154785,-4215.0,-2.72,-99,-0.06,6.0,-31257.0,-7.37
PROP_0134,Milford,Single Family,2,2.0,1120.0,8712.0,56,1,Fair,1,0,1,1,1,1,1,25,20,0,0,0,0,0,6,69,59,11,0,4865,1907,10,1,1,1,0,0,12442,Driveway,Gas,Central AC,Asphalt Shingle,Slab,Carpet,Vinyl Siding,Municipal,Municipal,Fall,299900.0,318250,18350.0,5.77,318659,18759.0,5.89,409,0.13,46.0,-8683.0,20.11
PROP_0135,Greenwich,Single Family,5,9.0,6140.0,8712.0,52,3,Fair,3,1,1,0,0,1,0,18,20,0,0,0,0,0,5,63,44,11,0,65626,21630,20,0,0,0,0,0,182903,Carport,Electric,Central AC,Metal,Slab,Hardwood,Wood,Municipal,Municipal,Fall,3500000.0,3507387,7387.0,0.21,3507426,7426.0,0.21,39,0.0,2.0,-190477.0,-18.23
PROP_0136,Stamford,Single Family,6,3.0,2488.0,7840.799999999999,61,2,Poor,3,0,0,1,1,1,0,25,20,0,1,0,0,0,7,75,55,4,1,9123,3640,10,1,0,0,0,2,36248,Driveway,Heat Pump,,Asphalt Shingle,Crawl Space,Hardwood,Brick,Municipal,Septic,Spring,599000.0,625412,26412.0,4.22,619325,20325.0,3.28,-6087,-0.97,21.0,-30923.0,7.67
PROP_0137,New Canaan,Single Family,4,4.0,3200.0,200375.99999999997,36,3,Fair,3,0,0,0,0,1,1,13,19,0,0,0,0,0,8,29,25,4,1,47918,12107,30,0,0,0,1,0,117482,Driveway,Gas,Central AC,Tile,Basement,Laminate,Vinyl Siding,Municipal,Municipal,Spring,2100000.0,2222618,122618.0,5.52,2186402,86402.0,3.95,-36216,-1.63,3.0,-46080.0,3.89
PROP_0138,Bridgeport,Townhouse,4,3.0,2200.0,4791.6,49,2,Fair,3,0,0,0,1,1,1,25,20,0,0,1,453,0,9,56,49,7,1,8300,3327,60,1,0,0,0,1,30513,Driveway,Gas,Central AC,Asphalt Shingle,Basement,Carpet,Brick,Municipal,Septic,Summer,529900.0,538820,8920.0,1.66,538770,8870.0,1.65,-50,-0.01,21.0,-36643.0,3.84
PROP_0139,Meriden,Single Family,3,2.0,1040.0,13503.6,48,1,Poor,2,0,0,0,0,1,0,25,20,0,1,0,0,0,7,91,81,4,1,5394,1632,120,0,0,0,1,0,26645,Street,Gas,,Flat,Slab,Tile,Brick,Municipal,Municipal,Spring,259900.0,267282,7382.0,2.76,273867,13967.0,5.1,6585,2.46,12.0,-27678.0,9.83
PROP_0140,Westport,Townhouse,4,2.0,1593.0,27878.4,21,1,Fair,3,0,0,0,0,1,1,6,17,0,0,0,0,0,5,39,33,6,1,67823,20214,20,0,0,0,1,0,80659,Driveway,Electric,Central AC,Asphalt Shingle,Crawl Space,Hardwood,Vinyl Siding,Municipal,Municipal,Spring,3295000.0,3411489,116489.0,3.41,3411492,116492.0,3.41,3,0.0,2.0,20833.0,9.3
PROP_0141,Stamford,Single Family,2,3.0,1204.0,8712.0,45,1,Fair,1,0,1,0,1,1,1,17,18,0,0,0,0,0,5,48,44,4,1,7723,2244,10,0,0,0,1,0,8607,Driveway,Electric,Central AC,Asphalt Shingle,Slab,Tile,Vinyl Siding,Municipal,Septic,Spring,345000.0,391965,46965.0,11.98,392007,47007.0,11.99,42,0.01,1.0,23400.0,26.52
PROP_0142,Stamford,Single Family,3,2.0,1840.0,10018.8,51,2,Poor,2,0,1,1,1,1,0,25,20,1,0,0,0,0,7,38,30,12,0,9429,4247,10,2,0,0,0,3,74831,Driveway,Gas,Central AC,Asphalt Shingle,Slab,Hardwood,Brick,Municipal,Municipal,Fall,699000.0,660996,-38004.0,-5.75,661034,-37966.0,-5.74,38,0.01,36.0,-127797.0,-17.06
PROP_0143,Oxford,Single Family,4,3.0,2917.0,65340.0,46,2,Fair,3,1,1,1,1,1,1,24,20,1,0,0,0,0,6,65,58,6,1,11165,3618,90,0,0,0,1,1,29393,Garage,Gas,Central AC,Asphalt Shingle,Slab,Tile,Vinyl Siding,Municipal,Septic,Spring,625000.0,691463,66463.0,9.61,691390,66390.0,9.6,-73,-0.01,14.0,21997.0,24.2
PROP_0144,Hartford,Condo,2,1.0,865.0,8712.0,62,1,Poor,1,0,1,0,1,1,1,25,20,1,1,1,126,0,6,81,64,9,0,1618,446,20,0,0,0,0,0,7794,Street,Oil,Central AC,Asphalt Shingle,Basement,Hardwood,Vinyl Siding,Municipal,Septic,Summer,74000.0,78764,4764.0,6.05,78648,4648.0,5.91,-116,-0.15,2.0,-18146.0,10.41
PROP_0145,New London,Single Family,7,3.0,2595.0,6098.400000000001,51,2,Fair,3,0,0,1,0,1,0,25,20,0,0,0,0,0,8,86,85,12,0,5864,1525,60,0,0,0,1,0,13375,Carport,Electric,,Tile,Crawl Space,Laminate,Brick,Municipal,Municipal,Fall,239900.0,237757,-2143.0,-0.9,237893,-2007.0,-0.84,136,0.06,6.0,-30382.0,-3.52
PROP_0146,Stamford,Single Family,6,4.0,3432.0,43560.0,62,2,Distressed,3,0,0,0,1,1,1,25,20,0,1,0,0,0,6,61,48,7,1,12085,4902,60,1,0,0,1,0,165933,Driveway,Oil,,Tile,Basement,Laminate,Vinyl Siding,Municipal,Municipal,Summer,885000.0,772355,-112645.0,-14.58,772555,-112445.0,-14.55,200,0.03,16.0,-293378.0,-55.24
PROP_0147,Bristol,Townhouse,2,2.0,1092.0,8712.0,58,1,Fair,1,0,1,0,0,1,1,22,20,0,1,1,443,1,7,74,53,3,0,2722,831,10,0,1,0,0,0,4134,Street,Gas,Central AC,Asphalt Shingle,Crawl Space,Tile,Vinyl Siding,Well,Municipal,Winter,149900.0,210414,60514.0,28.76,210404,60504.0,28.76,-10,-0.0,21.0,41370.0,65.86
PROP_0148,Manchester,Single Family,3,2.0,1828.0,22215.6,46,2,Fair,2,0,0,0,1,1,1,25,20,1,0,0,0,0,5,34,27,3,0,6730,1916,90,1,0,0,1,0,13426,Driveway,Gas,,Tile,Slab,Carpet,Vinyl Siding,Municipal,Septic,Winter,349900.0,364541,14641.0,4.02,364482,14582.0,4.0,-59,-0.02,19.0,-13844.0,10.42
PROP_0149,Hamden,Single Family,2,2.0,1350.0,8712.0,59,1,Fair,1,0,0,1,0,1,1,25,20,1,1,0,0,0,7,48,42,12,0,5209,1362,60,2,0,0,1,2,9952,Garage,Gas,Central AC,Asphalt Shingle,Crawl Space,Laminate,Wood,Municipal,Municipal,Fall,209900.0,210329,429.0,0.2,210585,685.0,0.33,256,0.12,36.0,-24267.0,5.43
PROP_0150,Oxford,Single Family,3,2.0,2589.0,71438.4,49,2,Fair,2,0,1,0,1,1,0,25,20,1,0,0,0,0,7,64,62,6,1,9480,2765,10,0,0,0,0,0,23332,Carport,Gas,Central AC,Asphalt Shingle,Crawl Space,Hardwood,Vinyl Siding,Municipal,Municipal,Spring,489900.0,529017,39117.0,7.39,528704,38804.0,7.34,-313,-0.06,1.0,472.0,14.93
PROP_0151,Seymour,Townhouse,2,1.0,925.0,8712.0,52,1,Fair,1,0,0,0,0,1,1,25,20,0,0,0,0,0,8,100,96,3,0,1721,764,20,2,0,0,1,0,5769,Carport,Gas,Central AC,Asphalt Shingle,Slab,Tile,Wood,Municipal,Municipal,Winter,140000.0,152153,12153.0,7.99,151997,11997.0,7.89,-156,-0.1,22.0,-8772.0,19.3
PROP_0152,Watertown,Townhouse,4,3.0,2266.0,27007.2,50,1,Fair,3,0,0,0,1,0,0,25,20,0,1,1,210,0,7,34,30,1,0,11462,3076,180,0,0,0,1,0,15354,Street,Gas,Central AC,Flat,Slab,Carpet,Vinyl Siding,Well,Municipal,Winter,479900.0,688617,208717.0,30.31,688676,208776.0,30.32,59,0.01,18.0,178422.0,82.08
PROP_0153,Ledyard,Condo,3,1.0,960.0,16117.2,61,1,Poor,2,0,0,0,1,1,1,25,20,1,0,1,453,0,6,54,47,1,0,4854,1487,90,0,0,0,0,1,27321,Street,Heat Pump,Window Units,Tile,Slab,Tile,Vinyl Siding,Municipal,Municipal,Winter,240000.0,253606,13606.0,5.37,253588,13588.0,5.36,-18,-0.01,14.0,-28733.0,10.65
PROP_0154,Naugatuck,Single Family,2,2.0,1650.0,8712.0,57,1,Fair,1,0,0,0,0,0,1,21,20,1,0,0,0,0,7,35,28,9,0,7395,1948,10,1,0,0,0,1,19641,Driveway,Gas,Window Units,Asphalt Shingle,Crawl Space,Tile,Vinyl Siding,Municipal,Municipal,Summer,340000.0,348121,8121.0,2.33,347929,7929.0,2.28,-192,-0.06,16.0,-26712.0,5.09
PROP_0155,Greenwich,Single Family,6,8.0,5086.0,47044.8,44,3,Fair,3,0,0,0,1,1,0,25,17,1,0,0,0,0,9,72,53,4,1,94004,29382,60,1,0,0,1,2,283729,Driveway,Electric,,Tile,Slab,Laminate,Vinyl Siding,Municipal,Municipal,Spring,4795000.0,4844151,49151.0,1.01,4844273,49273.0,1.02,122,0.0,26.0,-249456.0,-17.71
PROP_0156,Norwich,Single Family,7,7.0,4878.0,16117.2,58,2,Poor,3,0,1,0,1,1,0,25,20,1,0,0,0,0,6,7,6,11,0,5724,2306,120,2,0,0,0,1,30742,Driveway,Gas,Window Units,Metal,Slab,Hardwood,Wood,Municipal,Municipal,Fall,389900.0,391837,1937.0,0.49,391809,1909.0,0.49,-28,-0.01,37.0,-43833.0,4.0
PROP_0157,Bridgeport,Condo,2,1.0,948.0,8712.0,63,1,Distressed,1,0,1,0,1,0,0,25,20,0,0,1,351,0,7,32,31,11,0,1346,542,20,2,0,0,1,0,10297,Driveway,Oil,Central AC,Asphalt Shingle,Slab,Hardwood,Brick,Municipal,Municipal,Fall,100000.0,89334,-10666.0,-11.94,89242,-10758.0,-12.05,-92,-0.1,22.0,-36055.0,-23.31
PROP_0158,Stafford Springs,Condo,2,1.0,768.0,1896602.4,49,1,Fair,1,0,1,0,0,1,1,18,20,0,0,1,169,0,6,52,43,3,0,9746,3603,10,2,0,0,1,0,11853,Driveway,Oil,,Asphalt Shingle,Crawl Space,Tile,Vinyl Siding,Municipal,Municipal,Winter,549900.0,552427,2527.0,0.46,636270,86370.0,13.57,83843,15.18,21.0,59517.0,37.29
PROP_0159,Killingly,Single Family,4,2.0,1417.0,13503.6,46,1,Fair,3,0,0,0,1,1,0,25,20,0,0,0,0,0,6,25,22,7,1,3237,1467,60,1,0,0,1,0,13880,Driveway,Electric,Central AC,Asphalt Shingle,Basement,Tile,Wood,Municipal,Septic,Summer,234900.0,226068,-8832.0,-3.91,226184,-8716.0,-3.85,116,0.05,16.0,-37596.0,-8.26
PROP_0160,Waterbury,Single Family,3,3.0,1274.0,8712.0,54,1,Poor,2,0,0,0,0,1,1,25,20,0,0,0,0,0,5,57,49,10,0,3543,1566,180,0,0,0,1,0,21143,Street,Oil,Central AC,Asphalt Shingle,Crawl Space,Hardwood,Brick,Municipal,Municipal,Fall,239900.0,278479,38579.0,13.85,278527,38627.0,13.87,48,0.02,18.0,2484.0,31.59
PROP_0161,Portland,Townhouse,3,1.0,1296.0,10018.8,57,1,Poor,2,0,0,0,1,1,0,25,20,0,1,1,182,0,7,71,70,6,1,4218,1359,60,0,0,0,1,1,10650,Driveway,Gas,,Metal,Slab,Tile,Vinyl Siding,Well,Municipal,Spring,250000.0,262503,12503.0,4.76,262142,12142.0,4.63,-361,-0.14,11.0,-13508.0,10.11
PROP_0162,Southington,Single Family,4,3.0,2475.0,49222.8,52,2,Fair,3,0,1,1,0,0,1,16,20,0,1,0,0,0,7,85,62,2,0,11877,3073,120,2,0,0,0,0,20245,Garage,Gas,,Asphalt Shingle,Crawl Space,Hardwood,Vinyl Siding,Municipal,Municipal,Winter,549900.0,589966,40066.0,6.79,589985,40085.0,6.79,19,0.0,32.0,4840.0,20.46
PROP_0163,New Canaan,Single Family,2,2.0,1236.0,8712.0,33,1,Fair,1,0,0,1,1,1,1,14,20,1,0,0,0,0,9,0,0,9,0,34142,10096,30,2,0,0,0,0,65291,Street,Oil,Central AC,Asphalt Shingle,Slab,Carpet,Stucco,Municipal,Municipal,Summer,1555000.0,1616420,61420.0,3.8,1616411,61411.0,3.8,-9,-0.0,23.0,-18880.0,10.31
PROP_0164,Simsbury,Single Family,2,3.0,1166.0,8712.0,60,1,Poor,1,0,0,1,0,1,0,25,20,1,1,0,0,0,9,46,32,9,0,4028,1123,60,0,0,0,1,0,7836,Driveway,Oil,Central AC,Asphalt Shingle,Slab,Carpet,Brick,Well,Septic,Summer,180000.0,190667,10667.0,5.59,190562,10562.0,5.54,-105,-0.06,6.0,-12274.0,11.05
PROP_0165,Berlin,Single Family,2,2.0,1238.0,23958.000000000004,50,1,Poor,1,0,1,0,0,1,1,18,20,0,0,0,0,0,8,69,64,9,0,5235,1997,30,2,0,0,1,2,21819,Garage,Heat Pump,Central AC,Metal,Crawl Space,Carpet,Brick,Municipal,Municipal,Summer,349900.0,371499,21599.0,5.81,371150,21250.0,5.73,-349,-0.09,33.0,-15569.0,16.5
PROP_0166,Bridgeport,Single Family,4,2.0,1630.0,3049.2000000000003,50,2,Poor,3,0,0,0,1,1,0,19,20,0,0,0,0,0,9,45,39,3,0,3860,1698,30,0,0,0,0,1,11650,Driveway,Electric,Window Units,Flat,Slab,Carpet,Brick,Municipal,Municipal,Winter,265000.0,259884,-5116.0,-1.97,259881,-5119.0,-1.97,-3,-0.0,8.0,-31769.0,-5.52
PROP_0167,Stratford,Single Family,4,3.0,2144.0,50529.6,58,1,Fair,3,0,0,0,1,0,0,25,20,1,1,0,0,0,7,84,71,4,1,7762,3308,60,0,0,1,1,0,22540,Driveway,Electric,Central AC,Asphalt Shingle,Basement,Hardwood,Vinyl Siding,Municipal,Municipal,Spring,529900.0,715441,185541.0,25.93,715396,185496.0,25.93,-45,-0.01,21.0,147956.0,70.86
PROP_0168,Deep River,Condo,2,1.0,884.0,8712.0,54,1,Poor,1,0,0,0,0,0,0,25,20,1,0,1,129,0,5,74,65,5,1,2988,896,120,0,0,1,0,1,13332,Carport,Heat Pump,Central AC,Asphalt Shingle,Basement,Hardwood,Wood,Municipal,Municipal,Spring,159900.0,201692,41792.0,20.72,181349,21449.0,11.83,-20343,-10.09,32.0,-6883.0,29.37
PROP_0169,Hartford,Single Family,3,3.0,1445.0,5227.2,60,1,Distressed,2,0,1,0,1,1,1,24,20,1,1,0,0,0,7,23,19,11,0,3099,830,20,2,0,0,0,0,27325,Street,Heat Pump,,Asphalt Shingle,Crawl Space,Laminate,Wood,Municipal,Municipal,Fall,139900.0,135378,-4522.0,-3.34,135354,-4546.0,-3.36,-24,-0.02,22.0,-46871.0,-7.01
PROP_0170,New Milford,Single Family,1,2.0,1644.0,558003.6,48,2,Fair,0,0,0,1,1,1,1,25,20,0,0,0,0,0,6,95,75,8,1,9007,4522,60,1,1,0,0,0,23259,Garage,Gas,Central AC,Asphalt Shingle,Basement,Carpet,Wood,Municipal,Septic,Summer,750000.0,1026165,276165.0,26.91,1026107,276107.0,26.91,-58,-0.01,36.0,237848.0,84.8
PROP_0171,Trumbull,Townhouse,2,2.0,1400.0,15245.999999999998,56,1,Fair,1,0,0,0,0,0,1,25,20,1,0,0,0,0,8,48,43,9,0,11684,3355,180,2,0,0,1,0,29834,Street,Oil,,Asphalt Shingle,Slab,Laminate,Wood,Municipal,Septic,Summer,574900.0,727172,152272.0,20.94,727238,152338.0,20.95,66,0.01,38.0,107504.0,60.25
PROP_0172,Stratford,Single Family,3,2.0,1134.0,10454.4,53,1,Fair,2,0,1,1,1,1,0,25,20,1,0,0,0,0,6,64,53,4,1,8439,2755,60,2,0,0,1,0,13414,Carport,Electric,Central AC,Metal,Basement,Hardwood,Vinyl Siding,Municipal,Septic,Spring,425000.0,448367,23367.0,5.21,448607,23607.0,5.26,240,0.05,26.0,-4807.0,15.24
PROP_0173,Enfield,Townhouse,3,1.0,1008.0,12632.4,54,1,Fair,2,0,1,0,1,1,1,25,20,1,1,1,365,0,5,71,57,8,1,4188,1580,120,0,0,0,1,0,4954,Driveway,Electric,Central AC,Asphalt Shingle,Crawl Space,Carpet,Brick,Municipal,Municipal,Summer,239900.0,260074,20174.0,7.76,260107,20207.0,7.77,33,0.01,12.0,253.0,17.97
PROP_0174,Uncasville,Single Family,2,2.0,1286.0,8712.0,61,1,Distressed,1,0,1,0,0,0,0,25,20,0,0,0,0,0,7,79,67,8,1,4658,1244,30,0,0,0,0,0,50805,Driveway,Gas,Central AC,Asphalt Shingle,Basement,Hardwood,Vinyl Siding,Well,Municipal,Summer,229995.0,187987,-42008.0,-22.35,185357,-44638.0,-24.08,-2630,-1.4,3.0,-110443.0,-58.6
PROP_0175,Naugatuck,Condo,3,1.0,912.0,9583.2,53,1,Poor,2,0,1,0,0,1,1,25,20,0,0,1,487,0,7,69,60,7,1,3544,1223,60,2,0,0,1,0,13629,Garage,Gas,Central AC,Asphalt Shingle,Crawl Space,Carpet,Brick,Municipal,Municipal,Summer,224000.0,230216,6216.0,2.7,229907,5907.0,2.57,-309,-0.13,26.0,-22722.0,8.07
PROP_0176,Stamford,Single Family,3,2.0,1786.0,15245.999999999998,55,2,Poor,2,0,1,1,1,1,0,20,20,0,0,0,0,0,9,43,33,5,1,7634,3372,10,0,0,0,1,0,68861,Garage,Gas,Central AC,Flat,Crawl Space,Hardwood,Vinyl Siding,Well,Municipal,Spring,599000.0,589154,-9846.0,-1.67,589087,-9913.0,-1.68,-67,-0.01,1.0,-93774.0,-12.54
PROP_0177,Tolland,Single Family,3,3.0,2461.0,192535.2,54,1,Fair,2,0,0,0,1,0,0,19,20,0,0,0,0,0,7,53,51,5,1,9046,3215,120,0,0,0,1,1,14419,Driveway,Gas,Window Units,Asphalt Shingle,Slab,Hardwood,Vinyl Siding,Municipal,Municipal,Spring,498000.0,501076,3076.0,0.61,501223,3223.0,0.64,147,0.03,17.0,-26196.0,2.06
PROP_0178,Windham,Single Family,3,2.0,1781.0,6098.400000000001,49,2,Poor,2,0,0,1,1,1,0,25,20,1,1,0,0,0,8,64,54,10,0,4378,1265,120,1,0,0,1,0,10405,Driveway,Gas,Window Units,Asphalt Shingle,Slab,Hardwood,Vinyl Siding,Municipal,Municipal,Fall,199000.0,198016,-984.0,-0.5,198261,-739.0,-0.37,245,0.12,22.0,-26144.0,1.05
PROP_0179,East Lyme,Single Family,4,4.0,1764.0,20037.6,50,2,Fair,3,0,0,1,1,1,1,16,20,1,0,0,0,0,5,49,36,5,1,7541,2416,10,2,0,0,0,0,17589,Driveway,Electric,Central AC,Asphalt Shingle,Crawl Space,Tile,Vinyl Siding,Municipal,Municipal,Spring,369000.0,351360,-17640.0,-5.02,351701,-17299.0,-4.92,341,0.1,21.0,-49888.0,-10.63
PROP_0180,Greenwich,Single Family,4,3.0,2943.0,13068.0,52,2,Poor,3,1,1,0,1,1,0,17,20,0,1,0,0,0,7,75,68,6,1,58500,14572,120,0,0,0,1,2,240383,Street,Electric,Central AC,Asphalt Shingle,Slab,Carpet,Wood,Municipal,Municipal,Spring,2350000.0,2293991,-56009.0,-2.44,2293977,-56023.0,-2.44,-14,-0.0,22.0,-311406.0,-31.62
PROP_0181,New Britain,Single Family,5,2.0,2328.0,7405.200000000001,63,1,Distressed,3,0,0,0,1,0,0,25,20,0,0,0,0,0,8,22,21,5,1,3511,1544,180,0,0,0,1,1,22834,Carport,Gas,Central AC,Asphalt Shingle,Crawl Space,Hardwood,Stucco,Municipal,Municipal,Spring,259900.0,239133,-20767.0,-8.68,239107,-20793.0,-8.7,-26,-0.01,23.0,-58627.0,-18.66
PROP_0182,New Britain,Single Family,6,3.0,2722.0,5227.2,63,2,Poor,3,0,1,1,0,1,0,23,20,1,0,0,0,0,7,50,45,10,0,6352,1936,60,0,0,0,1,0,35141,Garage,Gas,Central AC,Asphalt Shingle,Slab,Carpet,Wood,Well,Municipal,Fall,325000.0,333820,8820.0,2.64,333859,8859.0,2.65,39,0.01,6.0,-41282.0,2.37
PROP_0183,Danbury,Condo,1,1.0,882.0,8712.0,55,1,Fair,0,0,0,0,1,0,1,25,20,1,0,1,254,0,6,75,69,5,1,3993,1131,10,0,0,0,0,0,7778,Carport,Electric,Central AC,Metal,Basement,Carpet,Wood,Municipal,Municipal,Spring,179000.0,171455,-7545.0,-4.4,171520,-7480.0,-4.36,65,0.04,1.0,-30258.0,-11.55
PROP_0184,New Haven,Townhouse,3,1.0,1353.0,6098.400000000001,62,1,Poor,2,0,1,0,1,1,1,25,20,0,0,1,371,0,7,63,57,10,0,3686,813,120,0,0,0,1,0,8075,Street,Heat Pump,Window Units,Asphalt Shingle,Basement,Carpet,Stucco,Municipal,Septic,Fall,150000.0,157197,7197.0,4.58,141392,-8608.0,-6.09,-15805,-10.05,12.0,-31683.0,-12.95
PROP_0185,Bridgeport,Single Family,4,2.0,1721.0,9583.2,62,2,Distressed,3,0,0,0,1,0,1,25,20,0,0,0,0,0,7,15,10,8,1,7668,2400,180,2,0,0,0,0,34895,Driveway,Oil,Window Units,Asphalt Shingle,Slab,Tile,Vinyl Siding,Well,Municipal,Summer,379900.0,418583,38683.0,9.24,418577,38677.0,9.24,-6,-0.0,38.0,-11218.0,24.96
PROP_0186,Meriden,Condo,1,1.0,968.0,8712.0,54,1,Fair,0,0,1,0,1,1,1,25,20,1,0,1,451,0,8,68,63,5,1,2271,566,120,0,0,0,0,0,4516,Garage,Gas,Central AC,Asphalt Shingle,Crawl Space,Carpet,Wood,Well,Municipal,Spring,100000.0,97760,-2240.0,-2.29,97765,-2235.0,-2.29,5,0.01,12.0,-21751.0,-4.36
PROP_0187,New Fairfield,Single Family,2,3.0,1488.0,8712.0,61,1,Poor,1,0,0,0,0,0,1,25,20,0,0,0,0,0,9,74,59,5,1,8109,2381,20,2,0,0,1,0,36143,Driveway,Gas,Window Units,Asphalt Shingle,Slab,Carpet,Vinyl Siding,Municipal,Municipal,Spring,399999.0,396905,-3094.0,-0.78,396697,-3302.0,-0.83,-208,-0.05,22.0,-54445.0,-2.7
PROP_0188,Bristol,Single Family,6,2.0,2400.0,3920.4,49,2,Fair,3,0,0,0,1,1,0,25,20,0,1,0,0,0,7,55,47,8,1,3839,1681,10,0,0,1,1,2,6195,Garage,Gas,Window Units,Asphalt Shingle,Slab,Hardwood,Vinyl Siding,Municipal,Municipal,Summer,277000.0,329441,52441.0,15.92,329339,52339.0,15.89,-102,-0.03,26.0,31144.0,40.09
PROP_0189,Hamden,Single Family,4,4.0,2696.0,42253.2,51,2,Poor,3,0,1,1,1,1,1,16,20,0,0,0,0,0,7,28,24,6,1,13212,4870,30,2,0,0,1,0,59661,Driveway,Gas,Central AC,Asphalt Shingle,Crawl Space,Laminate,Stucco,Well,Municipal,Spring,799540.0,752063,-47477.0,-6.31,752230,-47310.0,-6.29,167,0.02,23.0,-121971.0,-20.18
PROP_0190,Norwalk,Townhouse,2,2.0,952.0,8712.0,52,1,Poor,1,0,1,0,1,1,1,25,20,1,0,1,201,0,7,68,58,1,0,6747,1933,10,0,0,0,0,0,21303,Garage,Heat Pump,Central AC,Asphalt Shingle,Crawl Space,Tile,Brick,Municipal,Septic,Winter,295000.0,289527,-5473.0,-1.89,289632,-5368.0,-1.85,105,0.04,1.0,-41671.0,-7.67
PROP_0191,Norwich,Townhouse,5,3.0,1917.0,13068.0,49,2,Fair,3,0,0,0,0,1,1,25,20,1,1,0,0,0,8,36,34,1,0,2527,869,30,2,0,0,1,1,4702,Driveway,Heat Pump,Window Units,Asphalt Shingle,Slab,Hardwood,Vinyl Siding,Municipal,Municipal,Winter,159900.0,162508,2608.0,1.6,162484,2584.0,1.59,-24,-0.01,28.0,-17118.0,7.07
PROP_0192,Griswold,Single Family,5,4.0,2976.0,270072.0,59,1,Fair,3,0,1,1,1,1,1,25,20,0,0,0,0,0,6,58,54,5,1,7611,2980,60,0,0,0,1,0,20095,Street,Gas,Central AC,Asphalt Shingle,Basement,Hardwood,Brick,Municipal,Municipal,Spring,525000.0,564842,39842.0,7.05,564745,39745.0,7.04,-97,-0.02,6.0,4650.0,15.74
PROP_0193,Hamden,Single Family,4,3.0,3646.0,174675.59999999998,47,2,Poor,3,0,0,0,1,1,1,14,20,0,1,0,0,0,5,73,58,6,1,12089,4035,60,0,0,0,0,0,42053,Garage,Gas,Window Units,Asphalt Shingle,Crawl Space,Hardwood,Vinyl Siding,Municipal,Municipal,Spring,676400.0,721272,44872.0,6.22,721179,44779.0,6.21,-93,-0.01,6.0,-12274.0,12.39
PROP_0194,Milford,Townhouse,2,2.0,1050.0,8712.0,49,1,Fair,1,0,1,0,1,1,1,22,20,1,1,1,224,0,7,56,46,6,1,7241,1749,20,0,0,0,1,0,7557,Driveway,Electric,Central AC,Tile,Basement,Carpet,Vinyl Siding,Municipal,Municipal,Spring,315000.0,346714,31714.0,9.15,346508,31508.0,9.09,-206,-0.06,2.0,8951.0,19.48
PROP_0195,New Haven,Townhouse,3,1.0,1673.0,4356.0,63,2,Distressed,2,0,1,0,0,0,0,25,20,1,1,1,373,0,7,43,31,5,1,3899,1093,60,1,0,1,1,0,14823,Garage,Gas,Central AC,Asphalt Shingle,Basement,Carpet,Vinyl Siding,Municipal,Municipal,Spring,168900.0,201771,32871.0,16.29,201843,32943.0,16.32,72,0.04,31.0,3120.0,39.15
PROP_0196,Monroe,Single Family,2,2.0,2066.0,8712.0,47,2,Fair,1,0,0,0,1,1,1,17,20,1,0,0,0,0,7,24,17,5,1,11514,3176,10,1,1,0,1,0,10598,Garage,Electric,Central AC,Metal,Crawl Space,Carpet,Brick,Municipal,Municipal,Spring,529900.0,793881,263981.0,33.25,793932,264032.0,33.26,51,0.01,31.0,238434.0,96.56
PROP_0197,Naugatuck,Townhouse,3,2.0,1338.0,3920.4,61,1,Poor,2,0,0,0,0,1,1,24,20,1,0,0,0,0,8,18,15,8,1,6336,1624,180,0,0,0,0,1,11400,Driveway,Gas,Central AC,Asphalt Shingle,Basement,Tile,Wood,Municipal,Septic,Summer,269900.0,330946,61046.0,18.45,331037,61137.0,18.47,91,0.03,23.0,34737.0,45.01
PROP_0198,Norwalk,Townhouse,3,2.0,1650.0,8712.0,56,2,Fair,2,0,0,0,1,1,1,25,20,0,1,1,376,0,9,66,56,6,1,10380,2634,180,0,0,0,1,1,26369,Street,Gas,Central AC,Asphalt Shingle,Slab,Carpet,Brick,Well,Septic,Spring,459900.0,645082,185182.0,28.71,485519,25619.0,5.28,-159563,-24.74,23.0,-15750.0,13.58
PROP_0199,Enfield,Single Family,3,3.0,1234.0,16988.4,55,1,Fair,2,0,1,0,1,1,1,18,20,1,0,0,0,0,8,55,49,7,1,5343,2096,10,0,0,0,1,0,9804,Garage,Electric,,Asphalt Shingle,Slab,Tile,Vinyl Siding,Municipal,Municipal,Summer,339900.0,361213,21313.0,5.9,357403,17503.0,4.9,-3810,-1.05,1.0,-7301.0,9.27
PROP_0200,South Windsor,Condo,3,1.0,912.0,26571.6,58,1,Fair,2,0,0,0,1,0,0,25,20,0,0,1,161,1,7,65,48,7,1,5568,1323,60,1,0,0,1,2,5897,Street,Oil,Central AC,Asphalt Shingle,Crawl Space,Tile,Brick,Municipal,Municipal,Summer,244900.0,248752,3852.0,1.55,248733,3833.0,1.54,-19,-0.01,26.0,-17064.0,6.57
PROP_0201,East Lyme,Single Family,2,2.0,1820.0,8712.0,45,2,Fair,1,0,1,1,1,1,1,20,20,0,1,0,0,0,7,50,45,10,0,7794,3310,30,0,0,0,1,1,14484,Driveway,Gas,Window Units,Asphalt Shingle,Slab,Hardwood,Brick,Municipal,Municipal,Fall,541000.0,570206,29206.0,5.12,570154,29154.0,5.11,-52,-0.01,8.0,-330.0,11.79
PROP_0202,Guilford,Single Family,3,3.0,2044.0,81457.20000000001,58,1,Poor,2,0,0,1,0,1,1,25,20,1,0,0,0,0,9,45,41,11,0,12491,3324,10,1,0,0,1,1,46902,Carport,Electric,Central AC,Asphalt Shingle,Crawl Space,Tile,Vinyl Siding,Municipal,Municipal,Fall,559900.0,546915,-12985.0,-2.37,546952,-12948.0,-2.37,37,0.01,16.0,-74850.0,-9.02
PROP_0203,Orange,Single Family,2,3.0,1150.0,8712.0,53,1,Fair,1,0,0,0,1,0,1,25,20,0,1,0,0,0,6,82,78,9,0,4117,1150,180,3,0,0,0,0,5878,Garage,Electric,Window Units,Asphalt Shingle,Slab,Laminate,Stucco,Municipal,Septic,Summer,186000.0,217284,31284.0,14.4,217236,31236.0,14.38,-48,-0.02,48.0,10358.0,39.4
PROP_0204,West Hartford,Single Family,4,2.0,2020.0,9147.6,59,1,Poor,3,0,0,1,1,1,1,25,20,1,0,0,0,0,7,62,48,4,1,4416,2003,180,0,1,0,1,0,14953,Carport,Gas,Central AC,Asphalt Shingle,Basement,Carpet,Vinyl Siding,Municipal,Municipal,Spring,314900.0,390469,75569.0,19.35,390447,75547.0,19.35,-22,-0.01,38.0,45594.0,50.86
PROP_0205,Hamden,Single Family,3,2.0,2158.0,24829.199999999997,54,2,Poor,2,0,0,0,1,1,0,25,20,0,0,0,0,0,8,88,80,11,0,3605,1634,60,1,0,0,0,1,24883,Garage,Heat Pump,Central AC,Asphalt Shingle,Crawl Space,Carpet,Vinyl Siding,Municipal,Municipal,Fall,299900.0,287435,-12465.0,-4.34,287103,-12797.0,-4.46,-332,-0.12,21.0,-52680.0,-9.99
PROP_0206,Norwich,Single Family,1,2.0,1040.0,8712.0,48,1,Poor,0,0,1,1,0,1,1,22,20,0,0,0,0,0,7,66,59,10,0,4278,1070,90,0,0,0,1,0,15051,Garage,Gas,Central AC,Asphalt Shingle,Slab,Laminate,Vinyl Siding,Municipal,Municipal,Fall,194900.0,205481,10581.0,5.15,205347,10447.0,5.09,-134,-0.07,9.0,-19604.0,10.02
PROP_0207,New Haven,Single Family,8,3.0,3556.0,5662.8,60,2,Distressed,3,0,1,0,0,1,1,25,20,0,1,0,0,0,7,36,26,1,0,4347,1419,180,2,0,0,1,0,30690,Garage,Gas,Window Units,Asphalt Shingle,Slab,Laminate,Brick,Municipal,Municipal,Winter,250000.0,254556,4556.0,1.79,254480,4480.0,1.76,-76,-0.03,38.0,-41210.0,7.0
PROP_0208,Newington,Townhouse,3,3.0,1212.0,6969.6,64,1,Distressed,2,0,0,0,1,1,1,25,20,0,1,1,124,0,7,40,37,1,0,2683,843,60,1,0,0,1,0,25642,Street,Electric,Window Units,Asphalt Shingle,Slab,Tile,Brick,Municipal,Municipal,Winter,139000.0,114891,-24109.0,-20.98,126028,-12972.0,-10.29,11137,9.69,16.0,-53614.0,-22.74
PROP_0209,Hamden,Single Family,3,1.0,1232.0,6098.400000000001,60,1,Poor,2,0,0,0,1,1,0,18,20,0,1,0,0,0,5,42,40,6,1,3790,1772,30,1,0,0,0,3,30564,Driveway,Electric,Central AC,Asphalt Shingle,Slab,Tile,Wood,Municipal,Septic,Spring,275000.0,255844,-19156.0,-7.49,273040,-1960.0,-0.72,17196,6.72,28.0,-47524.0,-0.59
PROP_0210,Southbury,Single Family,2,2.0,1365.0,8712.0,61,1,Distressed,1,0,0,0,1,1,1,19,20,1,0,0,0,0,9,96,76,12,0,4665,1251,10,2,0,0,1,2,39805,Driveway,Electric,Central AC,Asphalt Shingle,Slab,Hardwood,Brick,Municipal,Municipal,Fall,199000.0,184162,-14838.0,-8.06,179517,-19483.0,-10.85,-4645,-2.52,31.0,-74288.0,-22.93
PROP_0211,Stafford,Townhouse,3,1.0,1092.0,8712.0,57,1,Fair,2,0,1,0,0,1,1,25,20,0,1,0,0,0,8,58,55,8,1,4589,1562,30,0,0,0,1,0,7847,Street,Heat Pump,,Asphalt Shingle,Crawl Space,Tile,Vinyl Siding,Municipal,Municipal,Summer,249900.0,263206,13306.0,5.06,263660,13760.0,5.22,454,0.17,3.0,-9087.0,10.13
PROP_0212,Norwalk,Single Family,2,2.0,1297.0,3920.4,44,1,Fair,1,0,0,1,1,1,1,21,20,0,0,0,0,0,8,58,48,2,0,6202,2211,10,0,0,0,0,0,18772,Driveway,Gas,Central AC,Asphalt Shingle,Slab,Carpet,Wood,Municipal,Municipal,Winter,385000.0,388737,3737.0,0.96,388627,3627.0,0.93,-110,-0.03,1.0,-30145.0,-0.95
PROP_0213,Newtown,Single Family,5,5.0,4000.0,108900.0,62,3,Poor,3,0,0,1,1,1,1,25,20,0,0,0,0,0,6,64,58,6,1,13969,5667,120,2,0,0,1,0,102689,Garage,Heat Pump,Central AC,Asphalt Shingle,Slab,Carpet,Stucco,Municipal,Municipal,Spring,979900.0,994994,15094.0,1.52,955972,-23928.0,-2.5,-39022,-3.92,32.0,-141617.0,-12.76
PROP_0214,Greenwich,Single Family,2,2.0,1184.0,2613.6,52,1,Fair,1,0,0,1,0,1,0,21,20,1,1,0,0,0,5,71,63,6,1,12279,4888,10,1,0,0,1,0,20190,Street,Gas,Window Units,Asphalt Shingle,Slab,Hardwood,Brick,Municipal,Municipal,Spring,799999.0,780907,-19092.0,-2.44,780858,-19141.0,-2.45,-49,-0.01,11.0,-54331.0,-8.13
PROP_0215,North Haven,Single Family,4,3.0,2272.0,8712.0,61,2,Distressed,3,0,0,0,1,0,1,25,20,1,1,0,0,0,8,55,54,4,1,8359,2796,20,1,0,0,1,0,51049,Garage,Heat Pump,Window Units,Asphalt Shingle,Basement,Tile,Vinyl Siding,Municipal,Municipal,Spring,489900.0,404681,-85219.0,-21.06,435274,-54626.0,-12.55,30593,7.56,12.0,-120675.0,-34.77
PROP_0216,East Windsor,Townhouse,2,2.0,1700.0,8712.0,61,2,Distressed,1,0,0,0,1,1,1,25,20,0,1,1,497,1,8,75,73,5,1,6019,1964,30,0,0,0,1,0,72668,Driveway,Oil,Central AC,Asphalt Shingle,Slab,Tile,Brick,Municipal,Municipal,Spring,349900.0,317906,-31994.0,-10.06,317838,-32062.0,-10.09,-68,-0.02,3.0,-119730.0,-31.55
PROP_0217,New Britain,Single Family,6,3.0,4577.0,10890.0,53,2,Poor,3,0,0,1,1,1,1,25,20,0,0,0,0,0,9,52,49,8,1,8096,2001,20,0,0,0,1,0,37937,Street,Electric,Central AC,Asphalt Shingle,Crawl Space,Hardwood,Wood,Municipal,Municipal,Summer,329900.0,334747,4847.0,1.45,334782,4882.0,1.46,35,0.01,2.0,-48055.0,-1.49
PROP_0218,Ridgefield,Single Family,6,3.0,3534.0,46173.600000000006,45,2,Fair,3,0,0,1,1,1,1,14,20,0,0,0,0,0,9,71,50,11,0,16216,6263,60,2,0,0,1,0,34504,Garage,Gas,Central AC,Metal,Slab,Tile,Wood,Municipal,Septic,Fall,995000.0,962689,-32311.0,-3.36,996610,1610.0,0.16,33921,3.52,26.0,-47894.0,0.73
PROP_0219,Enfield,Townhouse,3,3.0,2142.0,33105.6,46,2,Fair,2,0,1,0,0,1,0,25,18,0,0,1,416,0,8,44,41,1,0,9016,3061,180,0,0,0,0,0,15462,Garage,Gas,Central AC,Asphalt Shingle,Basement,Carpet,Vinyl Siding,Municipal,Municipal,Winter,499900.0,771121,271221.0,35.17,770838,270938.0,35.15,-283,-0.04,18.0,240476.0,97.95
PROP_0220,Naugatuck,Townhouse,3,2.0,1526.0,21780.0,60,2,Distressed,2,0,1,0,1,0,1,25,20,0,0,1,405,0,9,49,45,1,0,3651,1609,20,0,0,0,0,0,36238,Carport,Gas,Window Units,Asphalt Shingle,Crawl Space,Hardwood,Vinyl Siding,Municipal,Municipal,Winter,285000.0,271785,-13215.0,-4.86,271708,-13292.0,-4.89,-77,-0.03,2.0,-64530.0,-15.83
PROP_0221,Canton,Single Family,3,2.0,2046.0,34848.0,50,2,Poor,2,0,1,0,1,1,1,25,20,1,1,0,0,0,5,46,44,10,0,7694,2362,30,2,0,0,0,2,31191,Garage,Gas,Central AC,Asphalt Shingle,Slab,Carpet,Wood,Municipal,Municipal,Fall,359000.0,385313,26313.0,6.83,396587,37587.0,9.48,11274,2.93,33.0,-8604.0,24.7
PROP_0222,Middletown,Single Family,4,3.0,2150.0,13068.0,62,1,Distressed,3,0,0,0,1,1,1,25,20,0,0,0,0,0,8,48,37,7,1,9599,2579,10,0,0,0,0,0,85331,Garage,Electric,Window Units,Metal,Basement,Carpet,Brick,Municipal,Municipal,Summer,429900.0,385431,-44469.0,-11.54,385343,-44557.0,-11.56,-88,-0.02,1.0,-144888.0,-37.41
PROP_0223,Hebron,Single Family,3,3.0,1772.0,8712.0,60,2,Poor,2,0,0,1,1,1,0,25,20,1,1,0,0,0,9,35,32,7,1,4057,1782,60,3,0,0,1,0,18328,Driveway,Heat Pump,Central AC,Metal,Crawl Space,Carpet,Vinyl Siding,Municipal,Municipal,Summer,300900.0,278886,-22014.0,-7.89,279081,-21819.0,-7.82,195,0.07,36.0,-55147.0,-13.95
PROP_0224,Milford,Single Family,2,3.0,2079.0,8712.0,55,2,Poor,1,0,1,0,0,0,0,25,20,0,0,0,0,0,7,32,31,1,0,7286,2209,20,1,0,0,1,0,21886,Street,Electric,Central AC,Asphalt Shingle,Slab,Laminate,Vinyl Siding,Municipal,Municipal,Winter,349900.0,368455,18555.0,5.04,368603,18703.0,5.07,148,0.04,12.0,-18183.0,10.72
PROP_0225,Deep River,Single Family,3,2.0,2130.0,142005.59999999998,51,2,Fair,2,0,0,0,1,0,0,18,20,0,0,0,0,0,6,81,58,6,1,5307,1571,20,1,0,0,1,0,10079,Garage,Gas,Central AC,Asphalt Shingle,Basement,Carpet,Vinyl Siding,Municipal,Municipal,Spring,239900.0,266490,26590.0,9.98,266544,26644.0,10.0,54,0.02,12.0,1565.0,22.56
PROP_0226,West Hartford,Single Family,3,2.0,1556.0,13503.6,48,2,Fair,2,0,0,0,1,1,1,18,20,0,1,0,0,0,7,76,66,6,1,6340,2194,20,0,1,0,1,0,11902,Street,Gas,Central AC,Asphalt Shingle,Basement,Hardwood,Vinyl Siding,Municipal,Municipal,Spring,389900.0,476016,86116.0,18.09,476049,86149.0,18.1,33,0.01,22.0,59247.0,46.52
PROP_0227,Marlborough,Townhouse,3,2.0,1152.0,41817.6,48,1,Poor,2,0,0,0,0,1,1,19,20,0,0,1,318,0,7,80,70,6,1,5410,1982,30,0,0,0,0,0,13210,Garage,Electric,Central AC,Asphalt Shingle,Slab,Laminate,Vinyl Siding,Municipal,Municipal,Spring,310000.0,309518,-482.0,-0.16,309511,-489.0,-0.16,-7,-0.0,3.0,-28699.0,-2.59
PROP_0228,Stamford,Single Family,4,4.0,3987.0,43560.0,53,2,Fair,3,0,1,0,1,1,1,25,20,1,0,0,0,0,6,62,49,11,0,20169,6256,30,2,0,0,1,0,29536,Garage,Heat Pump,Central AC,Flat,Slab,Hardwood,Brick,Municipal,Septic,Fall,975000.0,1094906,119906.0,10.95,1094966,119966.0,10.96,60,0.01,23.0,75430.0,34.06
PROP_0229,Waterbury,Townhouse,2,2.0,960.0,8276.4,59,1,Fair,1,0,1,0,1,1,1,23,20,0,0,0,0,0,8,72,56,1,0,4991,1316,60,0,0,0,1,1,6330,Driveway,Electric,Central AC,Asphalt Shingle,Slab,Carpet,Stucco,Municipal,Municipal,Winter,217500.0,238532,21032.0,8.82,238409,20909.0,8.77,-123,-0.05,11.0,-421.0,19.7
PROP_0230,Norwalk,Single Family,8,8.0,3540.0,7840.799999999999,50,3,Poor,3,0,0,1,0,1,0,25,20,1,0,0,0,0,5,51,41,9,0,17742,5311,20,2,0,0,0,1,101236,Driveway,Gas,Central AC,Metal,Crawl Space,Carpet,Stucco,Municipal,Municipal,Summer,859000.0,876442,17442.0,1.99,876391,17391.0,1.98,-51,-0.01,27.0,-98845.0,-0.52
PROP_0231,East Hartford,Single Family,4,2.0,1200.0,6098.400000000001,62,1,Poor,3,0,1,0,1,1,1,22,20,0,0,0,0,0,6,60,44,1,0,4160,1270,180,1,0,0,0,0,12441,Garage,Gas,Window Units,Metal,Slab,Carpet,Vinyl Siding,Municipal,Municipal,Winter,195000.0,210813,15813.0,7.5,210876,15876.0,7.53,63,0.03,28.0,-11565.0,19.5
PROP_0232,East Hampton,Townhouse,3,3.0,2262.0,8712.0,52,2,Poor,2,0,0,0,1,0,1,24,20,1,0,1,464,0,8,44,37,11,0,8722,2115,30,1,0,0,1,0,44674,Garage,Electric,Central AC,Asphalt Shingle,Slab,Carpet,Brick,Well,Municipal,Fall,389000.0,395136,6136.0,1.55,395152,6152.0,1.56,16,0.0,13.0,-53522.0,0.37
PROP_0233,East Hampton,Single Family,4,3.0,1767.0,54450.0,51,2,Fair,3,0,1,0,0,1,0,25,20,0,1,0,0,0,8,57,44,1,0,5661,1394,20,0,0,0,0,0,9447,Garage,Electric,Central AC,Asphalt Shingle,Slab,Carpet,Brick,Municipal,Municipal,Winter,239900.0,270928,31028.0,11.45,270949,31049.0,11.46,21,0.01,2.0,6602.0,23.98
PROP_0234,Weston,Single Family,4,5.0,4750.0,87555.59999999999,53,2,Fair,3,0,0,1,0,0,1,25,20,1,0,0,0,0,7,51,46,1,0,42372,11383,120,0,0,0,0,0,119140,Driveway,Electric,,Asphalt Shingle,Basement,Laminate,Wood,Municipal,Municipal,Winter,2100000.0,2386435,286435.0,12.0,2386177,286177.0,11.99,-258,-0.01,12.0,152037.0,41.58
PROP_0235,Meriden,Single Family,6,4.0,2995.0,7840.799999999999,57,1,Poor,3,0,1,0,0,1,0,22,20,1,0,0,0,0,8,59,47,5,1,5601,1502,10,0,0,0,1,0,25847,Street,Gas,Central AC,Tile,Basement,Laminate,Vinyl Siding,Municipal,Municipal,Spring,240000.0,254078,14078.0,5.54,258069,18069.0,7.0,3991,1.57,1.0,-22778.0,11.92
PROP_0236,Thomaston,Single Family,2,2.0,1858.0,17424.0,51,1,Fair,1,0,1,1,1,1,1,25,20,0,1,0,0,0,8,48,37,7,1,3211,1068,120,1,0,0,1,0,4304,Carport,Gas,Central AC,Asphalt Shingle,Crawl Space,Tile,Vinyl Siding,Municipal,Municipal,Summer,175000.0,190231,15231.0,8.01,190119,15119.0,7.95,-112,-0.06,22.0,-4185.0,19.88
PROP_0237,Bloomfield,Single Family,3,4.0,2444.0,8712.0,65,2,Distressed,2,0,0,0,0,1,1,25,20,0,0,0,0,0,8,42,34,8,1,8550,2486,10,0,0,0,1,3,67370,Driveway,Gas,Central AC,Asphalt Shingle,Basement,Carpet,Brick,Well,Municipal,Summer,395000.0,339459,-55541.0,-16.36,363264,-31736.0,-8.74,23805,7.01,16.0,-114106.0,-25.69
PROP_0238,Simsbury,Single Family,4,3.0,2000.0,24829.199999999997,53,1,Poor,3,0,1,1,1,0,0,25,20,0,0,0,0,0,7,88,62,2,0,9789,2310,10,0,0,0,0,0,24243,Garage,Electric,Central AC,Asphalt Shingle,Slab,Tile,Vinyl Siding,Municipal,Municipal,Winter,399900.0,375330,-24570.0,-6.55,375346,-24554.0,-6.54,16,0.0,1.0,-63797.0,-19.26
PROP_0239,Bridgeport,Condo,2,1.0,926.0,4791.6,57,1,Fair,1,0,1,0,0,1,0,24,20,1,1,1,376,1,8,63,47,6,1,6972,1887,30,0,0,0,0,0,9186,Driveway,Gas,Window Units,Metal,Slab,Hardwood,Wood,Municipal,Municipal,Spring,299900.0,318604,18704.0,5.87,318609,18709.0,5.87,5,0.0,3.0,-5477.0,11.79
PROP_0240,Simsbury,Townhouse,3,1.0,1077.0,17859.6,46,1,Fair,2,0,0,0,1,1,0,25,20,0,1,0,0,0,8,70,50,2,0,3304,1164,60,0,0,0,1,1,9251,Driveway,Electric,Central AC,Metal,Slab,Carpet,Wood,Municipal,Municipal,Winter,180000.0,177232,-2768.0,-1.56,177411,-2589.0,-1.46,179,0.1,11.0,-26840.0,-3.4
PROP_0241,Groton,Single Family,4,3.0,3093.0,39639.6,57,2,Fair,3,0,0,1,0,1,0,25,20,1,1,0,0,0,6,88,75,9,0,12542,5132,90,0,0,0,1,1,22720,Garage,Gas,Central AC,Asphalt Shingle,Slab,Carpet,Brick,Municipal,Municipal,Summer,800000.0,894308,94308.0,10.55,894298,94298.0,10.54,-10,-0.0,14.0,56578.0,29.54
PROP_0242,Griswold,Single Family,3,1.0,1422.0,200375.99999999997,50,1,Fair,2,0,1,1,1,1,0,25,20,0,1,0,0,0,8,65,54,2,0,4301,1346,10,1,0,0,1,0,13912,Driveway,Gas,Central AC,Metal,Crawl Space,Carpet,Vinyl Siding,Municipal,Municipal,Winter,239900.0,239721,-179.0,-0.07,239687,-213.0,-0.09,-34,-0.01,11.0,-29125.0,-0.89
PROP_0243,Waterbury,Single Family,3,2.0,1200.0,7840.799999999999,59,1,Poor,2,0,0,0,1,1,1,25,20,0,0,0,0,0,5,57,55,5,1,3015,1242,180,1,0,0,1,2,21882,Garage,Gas,Window Units,Asphalt Shingle,Basement,Hardwood,Vinyl Siding,Municipal,Municipal,Spring,225000.0,245231,20231.0,8.25,245273,20273.0,8.27,42,0.02,38.0,-16609.0,22.48
PROP_0244,Bolton,Single Family,4,4.0,2929.0,40075.2,62,2,Poor,3,0,1,1,0,1,1,25,20,0,0,0,0,0,7,79,75,12,0,8188,2094,90,1,0,0,1,1,44128,Driveway,Oil,Central AC,Metal,Basement,Carpet,Wood,Well,Municipal,Fall,375000.0,391085,16085.0,4.11,387697,12697.0,3.27,-3388,-0.87,24.0,-46431.0,6.7
PROP_0245,New Britain,Single Family,5,4.0,2728.0,16988.4,48,1,Fair,3,0,0,1,1,1,1,25,20,0,0,0,0,0,7,98,79,2,0,4531,1518,10,1,0,0,1,0,13292,Garage,Oil,Central AC,Asphalt Shingle,Slab,Tile,Brick,Municipal,Municipal,Winter,279000.0,283338,4338.0,1.53,283231,4231.0,1.49,-107,-0.04,11.0,-24061.0,2.77
PROP_0246,Plainville,Single Family,4,2.0,1624.0,17859.6,53,2,Fair,3,0,0,0,0,1,1,25,20,0,1,0,0,0,9,43,30,4,1,2584,981,120,1,0,0,0,0,3635,Driveway,Gas,Window Units,Asphalt Shingle,Slab,Hardwood,Wood,Municipal,Municipal,Spring,155000.0,148192,-6808.0,-4.59,148576,-6424.0,-4.32,384,0.26,22.0,-25059.0,-6.75
PROP_0247,Westport,Single Family,3,4.0,3150.0,4791.6,49,2,Fair,2,0,1,0,0,1,1,25,20,0,1,0,0,0,7,100,97,11,0,63864,15296,20,0,0,0,1,0,134882,Street,Gas,Central AC,Asphalt Shingle,Slab,Carpet,Vinyl Siding,Well,Municipal,Fall,2588000.0,2782525,194525.0,6.99,2617399,29399.0,1.12,-165126,-5.93,2.0,-120483.0,-9.41
PROP_0248,East Haven,Townhouse,3,1.0,1452.0,4791.6,49,1,Poor,2,0,0,0,0,1,1,25,20,1,1,1,142,0,6,32,24,10,0,2182,1022,30,0,0,0,0,0,16243,Street,Gas,,Asphalt Shingle,Slab,Tile,Wood,Municipal,Municipal,Fall,165000.0,168987,3987.0,2.36,168928,3928.0,2.33,-59,-0.03,3.0,-27315.0,2.53
PROP_0249,Norwich,Single Family,3,2.0,1404.0,8712.0,49,1,Fair,2,0,1,1,0,1,1,25,20,1,1,0,0,0,6,73,65,8,1,3452,1301,60,1,0,0,0,0,11054,Carport,Gas,Central AC,Asphalt Shingle,Basement,Hardwood,Vinyl Siding,Municipal,Septic,Summer,228500.0,231899,3399.0,1.47,231834,3334.0,1.44,-65,-0.03,16.0,-22720.0,3.81
PROP_0250,New Hartford,Single Family,2,2.0,2087.0,43560.0,62,2,Poor,1,0,0,0,1,1,0,25,20,0,0,0,0,0,8,59,57,12,0,3816,1761,20,0,0,0,1,0,30409,Street,Electric,Window Units,Asphalt Shingle,Basement,Hardwood,Vinyl Siding,Well,Municipal,Fall,285000.0,292762,7762.0,2.65,292677,7677.0,2.62,-85,-0.03,2.0,-37732.0,1.87
PROP_0251,New Canaan,Single Family,4,4.0,3413.0,43995.6,49,2,Poor,3,0,0,1,1,1,0,25,20,0,1,0,0,0,6,64,46,6,1,29180,7980,20,0,0,0,0,0,144413,Driveway,Electric,Window Units,Asphalt Shingle,Crawl Space,Laminate,Wood,Municipal,Municipal,Spring,1349000.0,1259632,-89368.0,-7.09,1259879,-89121.0,-7.07,247,0.02,2.0,-248534.0,-38.59
PROP_0252,Watertown,Townhouse,3,3.0,1826.0,53578.8,57,1,Fair,2,0,0,0,1,1,1,25,20,1,0,1,166,0,5,28,23,11,0,5806,2115,30,1,0,0,1,1,10455,Street,Electric,Central AC,Asphalt Shingle,Crawl Space,Carpet,Vinyl Siding,Municipal,Septic,Fall,369000.0,417685,48685.0,11.66,417684,48684.0,11.66,-1,-0.0,18.0,23229.0,29.24
PROP_0253,Monroe,Single Family,2,2.0,2066.0,8712.0,49,2,Fair,1,0,1,0,1,1,1,17,20,0,1,0,0,0,6,69,59,7,1,7124,3543,120,0,0,0,1,0,26511,Driveway,Oil,Central AC,Tile,Basement,Hardwood,Vinyl Siding,Well,Municipal,Summer,549900.0,615941,66041.0,10.72,615884,65984.0,10.71,-57,-0.01,12.0,24473.0,26.27
PROP_0254,East Lyme,Single Family,2,2.0,1610.0,8712.0,58,2,Fair,1,0,0,1,0,1,1,25,20,0,1,0,0,0,8,81,64,2,0,7348,3726,10,0,0,0,1,1,32572,Street,Gas,Central AC,Asphalt Shingle,Slab,Carpet,Vinyl Siding,Well,Municipal,Winter,569000.0,549581,-19419.0,-3.53,588849,19849.0,3.37,39268,7.15,6.0,-27723.0,5.17
PROP_0255,New Canaan,Townhouse,3,2.0,1125.0,260488.8,46,1,Fair,2,0,1,0,1,1,1,25,20,1,0,0,0,0,7,16,13,7,1,23855,6282,20,3,1,0,1,0,24546,Carport,Electric,Central AC,Asphalt Shingle,Basement,Hardwood,Brick,Municipal,Municipal,Summer,1050000.0,1305820,255820.0,19.59,1305773,255773.0,19.59,-47,-0.0,52.0,216227.0,71.2
PROP_0256,Waterbury,Single Family,3,2.0,1272.0,6534.0,47,1,Fair,2,0,0,0,0,1,0,25,20,0,1,0,0,0,9,62,56,9,0,2609,1186,90,1,1,0,0,1,9321,Driveway,Gas,,Asphalt Shingle,Crawl Space,Carpet,Vinyl Siding,Municipal,Municipal,Summer,180000.0,239840,59840.0,24.95,227944,47944.0,21.03,-11896,-4.96,44.0,23623.0,53.22
PROP_0257,Westport,Single Family,5,4.0,2578.0,26136.0,53,1,Fair,3,0,1,1,0,1,1,25,20,0,0,0,0,0,8,63,52,7,1,21049,9221,180,3,0,0,1,0,32881,Garage,Electric,,Asphalt Shingle,Crawl Space,Laminate,Vinyl Siding,Municipal,Municipal,Summer,1400000.0,1887385,487385.0,25.82,1887190,487190.0,25.82,-195,-0.01,48.0,439309.0,105.17
PROP_0258,Stamford,Single Family,2,1.0,1050.0,8712.0,54,1,Fair,1,0,1,0,1,1,1,25,20,1,0,0,0,0,7,55,49,9,0,4799,1481,30,0,0,0,0,0,11629,Driveway,Gas,Central AC,Metal,Crawl Space,Laminate,Vinyl Siding,Municipal,Municipal,Summer,255000.0,275302,20302.0,7.37,274925,19925.0,7.25,-377,-0.14,3.0,-6704.0,14.43
PROP_0259,New Britain,Single Family,4,4.0,2260.0,12632.4,57,1,Fair,3,0,0,1,0,0,1,25,20,0,1,0,0,0,7,65,60,3,0,6473,2012,20,0,0,0,1,0,14349,Garage,Gas,Window Units,Asphalt Shingle,Basement,Laminate,Wood,Municipal,Municipal,Winter,335000.0,341837,6837.0,2.0,344306,9306.0,2.7,2469,0.72,2.0,-20043.0,3.8
PROP_0260,South Windsor,Single Family,4,3.0,3123.0,40075.2,60,2,Poor,3,0,0,1,0,1,1,25,20,0,0,0,0,0,8,79,57,2,0,13012,4046,60,1,1,0,1,0,35744,Garage,Heat Pump,Central AC,Asphalt Shingle,Slab,Carpet,Vinyl Siding,Municipal,Municipal,Winter,669000.0,904100,235100.0,26.0,761165,92165.0,12.11,-142935,-15.81,36.0,41421.0,35.56
PROP_0261,Simsbury,Single Family,4,4.0,3723.0,87120.0,60,2,Distressed,3,1,1,0,1,0,1,23,20,0,1,0,0,0,7,32,30,10,0,19722,4435,90,2,0,0,0,1,152020,Garage,Gas,Window Units,Asphalt Shingle,Crawl Space,Laminate,Wood,Municipal,Municipal,Fall,799000.0,720247,-78753.0,-10.93,875098,76098.0,8.7,154851,21.5,34.0,-90922.0,15.11
PROP_0262,Sherman,Townhouse,4,3.0,2462.0,155073.6,51,2,Poor,3,0,0,0,1,1,1,25,20,1,0,1,285,0,7,51,42,6,1,33838,7645,60,1,0,0,0,0,111617,Driveway,Electric,Central AC,Asphalt Shingle,Slab,Hardwood,Vinyl Siding,Municipal,Municipal,Spring,1375000.0,1246990,-128010.0,-10.27,1247092,-127908.0,-10.26,102,0.01,16.0,-254525.0,-42.77
PROP_0263,Cromwell,Single Family,3,2.0,1632.0,14810.4,53,2,Poor,2,0,0,1,1,0,1,21,20,0,1,0,0,0,6,36,32,1,0,4167,1504,60,0,0,0,0,1,19293,Garage,Gas,Central AC,Asphalt Shingle,Basement,Laminate,Brick,Municipal,Municipal,Winter,260000.0,250374,-9626.0,-3.84,250320,-9680.0,-3.87,-54,-0.02,11.0,-43973.0,-9.94
PROP_0264,Rocky Hill,Condo,2,1.0,840.0,10454.4,46,1,Poor,1,0,0,0,1,1,1,16,20,1,0,1,139,0,9,56,53,6,1,3946,1251,90,3,0,0,1,0,18326,Garage,Electric,Central AC,Flat,Crawl Space,Tile,Brick,Municipal,Municipal,Spring,199900.0,180705,-19195.0,-10.62,180764,-19136.0,-10.59,59,0.03,39.0,-52462.0,-18.63
PROP_0265,Stonington,Single Family,6,3.0,2959.0,28749.6,56,2,Fair,3,1,1,0,0,0,0,22,20,0,0,0,0,0,6,52,42,5,1,40576,11179,30,0,0,0,0,0,81333,Garage,Gas,Central AC,Asphalt Shingle,Crawl Space,Hardwood,Brick,Municipal,Municipal,Spring,1695000.0,1694290,-710.0,-0.04,1795961,100961.0,5.62,101671,6.0,3.0,4628.0,12.3
PROP_0266,Waterford,Single Family,4,3.0,2681.0,52707.6,52,1,Poor,3,0,1,1,0,1,0,25,20,0,1,0,0,0,5,74,62,5,1,7595,3182,60,0,0,0,0,0,56899,Driveway,Electric,Central AC,Metal,Crawl Space,Carpet,Brick,Municipal,Municipal,Spring,520000.0,558304,38304.0,6.86,558198,38198.0,6.84,-106,-0.02,6.0,-33701.0,11.51
PROP_0267,Cromwell,Single Family,3,2.0,1581.0,21780.0,48,2,Fair,2,0,0,1,1,1,1,22,20,0,0,0,0,0,8,37,33,4,1,6982,1932,20,0,0,0,1,0,10800,Garage,Electric,Central AC,Asphalt Shingle,Basement,Hardwood,Stucco,Municipal,Municipal,Spring,299900.0,305887,5987.0,1.96,306248,6348.0,2.07,361,0.12,2.0,-19452.0,2.59
PROP_0268,Madison,Single Family,4,4.0,4004.0,24393.6,50,2,Fair,3,0,1,1,1,0,1,25,20,0,1,0,0,0,7,54,42,1,0,22945,5822,60,0,0,0,0,0,20647,Street,Heat Pump,Central AC,Asphalt Shingle,Slab,Carpet,Brick,Municipal,Municipal,Winter,989000.0,1060920,71920.0,6.78,1060741,71741.0,6.76,-179,-0.02,6.0,36094.0,18.33
PROP_0269,East Lyme,Single Family,2,1.0,1100.0,10018.8,48,1,Poor,1,0,1,1,1,1,1,25,20,1,0,0,0,0,6,85,66,4,1,7042,2004,20,1,0,0,0,1,22860,Driveway,Gas,Central AC,Asphalt Shingle,Basement,Tile,Brick,Municipal,Septic,Spring,339900.0,331374,-8526.0,-2.57,331166,-8734.0,-2.64,-208,-0.06,17.0,-46594.0,-6.54
PROP_0270,Coventry,Townhouse,4,3.0,2313.0,74923.2,45,2,Poor,3,0,0,0,1,1,1,16,20,1,0,1,316,0,8,68,52,7,1,9814,3364,120,3,0,0,1,2,27817,Driveway,Gas,Central AC,Asphalt Shingle,Slab,Carpet,Wood,Municipal,Municipal,Summer,519900.0,473237,-46663.0,-9.86,473384,-46516.0,-9.83,147,0.03,52.0,-89333.0,-18.19
PROP_0271,Middlebury,Single Family,4,3.0,2400.0,15245.999999999998,50,2,Poor,3,0,0,0,1,0,0,25,20,0,1,0,0,0,9,22,16,3,0,10871,3194,20,0,0,0,1,1,31968,Street,Gas,Central AC,Flat,Crawl Space,Carpet,Vinyl Siding,Municipal,Municipal,Winter,549900.0,574430,24530.0,4.27,574305,24405.0,4.25,-125,-0.02,7.0,-22563.0,7.64
PROP_0272,Bethel,Single Family,3,3.0,2100.0,8712.0,56,2,Fair,2,0,0,1,0,1,0,25,20,0,0,0,0,0,9,35,26,7,1,11493,3418,10,0,0,0,0,0,19797,Street,Heat Pump,,Asphalt Shingle,Basement,Tile,Wood,Municipal,Municipal,Summer,556995.0,621253,64258.0,10.34,621284,64289.0,10.35,31,0.0,1.0,29492.0,23.85
PROP_0273,Plainville,Single Family,3,2.0,1056.0,12632.4,63,1,Poor,2,0,1,0,0,1,0,25,20,0,1,0,0,0,6,66,60,12,0,5442,1658,10,2,0,0,1,0,31686,Driveway,Gas,,Tile,Crawl Space,Laminate,Stucco,Well,Septic,Fall,269900.0,253390,-16510.0,-6.52,253467,-16433.0,-6.48,77,0.03,21.0,-63119.0,-15.07
PROP_0274,Norwalk,Single Family,4,2.0,1152.0,6969.6,47,1,Fair,3,0,1,1,0,1,0,21,20,0,0,0,0,0,7,49,46,8,1,12065,3183,30,0,0,0,1,0,11021,Garage,Electric,,Metal,Slab,Carpet,Vinyl Siding,Municipal,Municipal,Summer,524900.0,543187,18287.0,3.37,543250,18350.0,3.38,63,0.01,3.0,-7671.0,6.59
PROP_0275,Danbury,Single Family,3,2.0,1170.0,7840.799999999999,51,1,Fair,2,0,1,1,1,0,1,25,20,0,1,0,0,0,6,50,35,9,0,7209,2254,20,0,1,0,0,0,11568,Driveway,Gas,,Asphalt Shingle,Basement,Laminate,Wood,Municipal,Municipal,Summer,349000.0,518799,169799.0,32.73,447046,98046.0,21.93,-71753,-13.83,22.0,71478.0,55.41
PROP_0276,Stratford,Single Family,3,2.0,1596.0,22215.6,51,2,Fair,2,0,0,0,0,1,0,19,20,1,0,0,0,0,6,68,54,5,1,7209,3190,120,0,0,0,0,0,10784,Driveway,Gas,Window Units,Asphalt Shingle,Crawl Space,Tile,Brick,Municipal,Municipal,Spring,525000.0,537788,12788.0,2.38,537858,12858.0,2.39,70,0.01,12.0,-12926.0,5.89
PROP_0277,Bridgewater,Single Family,4,4.0,3400.0,108900.0,48,2,Fair,3,1,0,1,0,1,0,20,20,0,0,0,0,0,7,51,40,12,0,18332,5479,20,0,0,0,1,0,36697,Garage,Heat Pump,Central AC,Metal,Slab,Tile,Brick,Municipal,Municipal,Fall,869000.0,914972,45972.0,5.02,962531,93531.0,9.72,47559,5.2,2.0,41834.0,24.02
PROP_0278,Plainfield,Single Family,6,2.0,3409.0,41382.0,64,2,Distressed,3,0,0,1,1,1,0,25,20,0,0,0,0,0,9,28,23,5,1,2409,1187,90,0,0,0,0,1,34663,Garage,Heat Pump,Central AC,Asphalt Shingle,Basement,Tile,Vinyl Siding,Municipal,Municipal,Spring,199000.0,181895,-17105.0,-9.4,181909,-17091.0,-9.4,14,0.01,14.0,-66754.0,-22.68
PROP_0279,New Haven,Single Family,6,2.0,2116.0,4356.0,62,1,Distressed,3,0,0,0,0,1,0,25,20,1,1,0,0,0,8,73,57,2,0,6357,1713,10,0,0,0,1,0,45267,Driveway,Electric,Central AC,Flat,Slab,Hardwood,Wood,Municipal,Municipal,Winter,270000.0,260492,-9508.0,-3.65,260549,-9451.0,-3.63,57,0.02,1.0,-69718.0,-14.03
PROP_0280,Hamden,Single Family,4,3.0,2373.0,14374.8,60,1,Poor,3,0,0,0,1,1,1,20,20,1,1,0,0,0,5,29,27,10,0,6033,1946,10,2,0,0,1,0,37703,Garage,Gas,Central AC,Asphalt Shingle,Slab,Carpet,Brick,Municipal,Municipal,Fall,349999.0,356260,6261.0,1.76,320328,-29671.0,-9.26,-35932,-10.09,21.0,-82374.0,-22.56
PROP_0281,Preston,Condo,3,2.0,883.0,10890.0,54,1,Poor,2,0,1,0,1,1,1,25,20,1,1,1,305,0,7,96,83,7,1,5026,1190,20,1,0,0,0,0,10496,Garage,Gas,Central AC,Asphalt Shingle,Crawl Space,Tile,Vinyl Siding,Municipal,Municipal,Summer,219500.0,202888,-16612.0,-8.19,211832,-7668.0,-3.62,8944,4.41,12.0,-33164.0,-8.16
PROP_0282,Watertown,Single Family,3,2.0,1040.0,11325.6,61,1,Distressed,2,0,0,1,1,1,1,19,20,0,1,0,0,0,9,58,42,12,0,5806,1740,20,1,0,0,0,0,48751,Driveway,Gas,Central AC,Asphalt Shingle,Basement,Carpet,Vinyl Siding,Municipal,Municipal,Fall,269900.0,229443,-40457.0,-17.63,229515,-40385.0,-17.6,72,0.03,12.0,-104136.0,-43.21
PROP_0283,Goshen,Single Family,4,3.0,3735.0,435600.0,53,3,Fair,3,0,1,0,1,0,1,24,20,0,1,0,0,0,7,42,31,1,0,18145,6533,20,1,0,0,1,0,52064,Driveway,Gas,,Tile,Crawl Space,Hardwood,Vinyl Siding,Municipal,Municipal,Winter,1095000.0,1209597,114597.0,9.47,1209552,114552.0,9.47,-45,-0.0,12.0,47488.0,26.09
PROP_0284,Milford,Single Family,3,2.0,1617.0,11761.2,56,2,Fair,2,0,1,0,1,1,1,25,20,0,1,0,0,0,7,45,37,1,0,5828,1807,20,1,0,0,0,1,18871,Garage,Gas,Central AC,Flat,Crawl Space,Hardwood,Brick,Well,Municipal,Winter,330000.0,313698,-16302.0,-5.2,314051,-15949.0,-5.08,353,0.11,17.0,-49820.0,-11.74
PROP_0285,Rocky Hill,Condo,2,1.0,716.0,20037.6,52,1,Fair,1,0,1,0,1,1,0,18,20,1,1,1,481,0,6,62,46,3,0,6342,1876,30,0,0,0,1,0,13268,Driveway,Gas,Central AC,Asphalt Shingle,Crawl Space,Laminate,Brick,Municipal,Municipal,Winter,305000.0,317154,12154.0,3.83,317201,12201.0,3.85,47,0.01,3.0,-16067.0,6.69
PROP_0286,Darien,Single Family,4,4.0,3670.0,43560.0,49,3,Fair,3,0,1,0,0,1,0,25,20,0,0,0,0,0,6,40,35,6,1,44581,12242,20,1,0,0,0,0,38179,Garage,Gas,Central AC,Asphalt Shingle,Crawl Space,Carpet,Brick,Municipal,Municipal,Spring,1895000.0,1907666,12666.0,0.66,1907853,12853.0,0.67,187,0.01,12.0,-40326.0,-0.29
PROP_0287,Portland,Single Family,3,2.0,1155.0,10454.4,47,1,Poor,2,0,0,0,1,1,0,21,20,0,1,0,0,0,5,48,44,10,0,3609,1278,10,2,0,0,0,0,23699,Driveway,Gas,Central AC,Tile,Slab,Carpet,Brick,Municipal,Septic,Fall,215000.0,199665,-15335.0,-7.68,199717,-15283.0,-7.65,52,0.03,21.0,-53982.0,-16.5
PROP_0288,Bridgeport,Single Family,2,2.0,1149.0,8712.0,50,1,Poor,1,0,0,1,0,1,1,25,20,0,0,0,0,0,7,73,59,2,0,1981,916,20,0,0,0,1,0,15851,Driveway,Heat Pump,Central AC,Asphalt Shingle,Crawl Space,Tile,Stucco,Municipal,Municipal,Winter,150000.0,153531,3531.0,2.3,153545,3545.0,2.31,14,0.01,2.0,-27306.0,2.29
PROP_0289,Southington,Single Family,3,2.0,1448.0,38332.8,49,1,Fair,2,0,1,0,0,1,1,25,20,1,0,0,0,0,8,61,53,11,0,6961,2118,30,1,0,0,1,0,18654,Driveway,Gas,Central AC,Asphalt Shingle,Crawl Space,Tile,Vinyl Siding,Municipal,Municipal,Fall,390000.0,389349,-651.0,-0.17,383640,-6360.0,-1.66,-5709,-1.47,13.0,-40014.0,-4.72
PROP_0290,Naugatuck,Single Family,3,3.0,3042.0,13503.6,48,2,Fair,2,0,1,1,0,1,1,25,20,0,1,0,0,0,7,86,61,2,0,5811,2189,10,1,0,0,0,0,13546,Driveway,Oil,Window Units,Asphalt Shingle,Crawl Space,Laminate,Vinyl Siding,Well,Septic,Winter,375975.0,391534,15559.0,3.97,391486,15511.0,3.96,-48,-0.01,11.0,-13035.0,8.82
PROP_0291,Southington,Single Family,3,3.0,1900.0,50965.2,54,1,Fair,2,0,0,1,1,1,1,19,20,0,1,0,0,0,5,77,55,7,1,8802,3223,10,0,0,0,0,0,17992,Driveway,Gas,Central AC,Metal,Slab,Carpet,Vinyl Siding,Municipal,Municipal,Summer,499900.0,523760,23860.0,4.56,523811,23911.0,4.56,51,0.01,1.0,-9081.0,8.41
PROP_0292,Naugatuck,Townhouse,3,1.0,1459.0,9583.2,63,1,Distressed,2,0,0,0,1,1,1,25,20,0,0,0,0,0,8,69,68,8,1,3316,1441,180,1,0,0,0,0,30216,Driveway,Electric,,Metal,Slab,Laminate,Vinyl Siding,Municipal,Municipal,Summer,248000.0,291492,43492.0,14.92,243928,-4072.0,-1.67,-47564,-16.32,28.0,-49288.0,-2.67
PROP_0293,Bristol,Townhouse,2,2.0,1017.0,8712.0,49,1,Poor,1,0,0,0,1,1,0,25,20,0,0,1,413,0,7,16,15,2,0,3632,853,30,0,0,0,1,0,8657,Driveway,Heat Pump,Central AC,Asphalt Shingle,Slab,Laminate,Vinyl Siding,Municipal,Municipal,Winter,148000.0,137092,-10908.0,-7.96,137192,-10808.0,-7.88,100,0.07,3.0,-34465.0,-18.61
PROP_0294,Mansfield,Single Family,4,3.0,1964.0,88426.79999999999,65,2,Poor,3,0,0,1,0,0,1,25,20,0,1,0,0,0,9,52,36,4,1,6693,2094,20,0,0,0,0,1,19109,Driveway,Gas,Central AC,Asphalt Shingle,Basement,Hardwood,Wood,Municipal,Municipal,Spring,369900.0,346461,-23439.0,-6.77,370621,721.0,0.19,24160,6.97,7.0,-33388.0,-1.56
PROP_0295,Suffield,Single Family,4,4.0,4089.0,60112.8,47,2,Fair,3,0,1,0,1,1,1,25,20,1,1,0,0,0,8,51,39,9,0,16853,4902,10,0,0,1,1,1,18936,Carport,Oil,Central AC,Metal,Crawl Space,Laminate,Brick,Municipal,Municipal,Summer,827000.0,1175414,348414.0,29.64,1175236,348236.0,29.63,-178,-0.02,21.0,314300.0,94.89
PROP_0296,Bristol,Townhouse,2,3.0,1883.0,8712.0,50,2,Fair,1,0,1,0,1,1,1,25,20,0,0,0,0,0,6,38,32,1,0,4213,2267,10,2,0,0,1,3,19656,Carport,Gas,Window Units,Asphalt Shingle,Crawl Space,Laminate,Vinyl Siding,Well,Municipal,Winter,349900.0,394338,44438.0,11.27,386016,36116.0,9.36,-8322,-2.11,36.0,1460.0,26.07
PROP_0297,Old Saybrook,Single Family,4,3.0,1718.0,43124.4,46,2,Poor,3,0,1,1,0,1,0,25,20,0,1,0,0,0,7,67,47,12,0,9494,3327,20,1,0,0,0,0,65656,Street,Electric,Window Units,Asphalt Shingle,Slab,Tile,Wood,Municipal,Septic,Fall,549000.0,561861,12861.0,2.29,561733,12733.0,2.27,-128,-0.02,12.0,-67923.0,0.15
PROP_0298,New Haven,Single Family,3,3.0,1500.0,5227.2,46,1,Poor,2,0,0,1,0,1,0,25,20,0,1,0,0,0,7,54,43,1,0,4533,1488,90,0,0,0,0,0,27732,Driveway,Oil,Central AC,Asphalt Shingle,Slab,Tile,Brick,Municipal,Septic,Winter,260000.0,257229,-2771.0,-1.08,245308,-14692.0,-5.99,-11921,-4.63,9.0,-57424.0,-15.92
PROP_0299,Middlebury,Single Family,3,3.0,2638.0,8712.0,59,1,Fair,2,0,0,0,0,0,0,25,20,0,1,0,0,0,7,82,77,10,0,12792,3527,60,1,0,0,1,1,21746,Driveway,Gas,Central AC,Metal,Basement,Hardwood,Vinyl Siding,Municipal,Septic,Fall,550000.0,621273,71273.0,11.47,602839,52839.0,8.77,-18434,-2.97,21.0,16093.0,23.35
PROP_0300,Danbury,Townhouse,3,3.0,1673.0,8712.0,57,2,Fair,2,0,0,0,1,1,1,25,20,1,1,1,344,0,6,87,84,7,1,14494,3784,10,3,0,0,1,2,27150,Carport,Heat Pump,Central AC,Asphalt Shingle,Slab,Laminate,Brick,Municipal,Municipal,Summer,610995.0,653227,42232.0,6.47,653279,42284.0,6.47,52,0.01,41.0,134.0,21.15
PROP_0301,New Haven,Single Family,7,3.0,2998.0,5662.8,54,2,Fair,3,1,0,1,1,1,0,24,20,0,0,0,0,0,6,24,21,12,0,13285,3302,10,0,0,0,1,0,34664,Street,Heat Pump,Central AC,Metal,Slab,Hardwood,Wood,Municipal,Septic,Fall,579900.0,620497,40597.0,6.54,620428,40528.0,6.53,-69,-0.01,1.0,-9136.0,12.35
PROP_0302,Middlefield,Single Family,4,4.0,2074.0,32234.4,56,2,Fair,3,0,0,0,1,0,1,25,20,0,0,0,0,0,9,71,55,8,1,6961,2378,60,0,0,0,0,1,11777,Street,Electric,Window Units,Asphalt Shingle,Crawl Space,Carpet,Wood,Municipal,Municipal,Summer,370000.0,351945,-18055.0,-5.13,352070,-17930.0,-5.09,125,0.04,11.0,-44707.0,-12.45
PROP_0303,Naugatuck,Single Family,3,2.0,1651.0,10454.4,49,1,Poor,2,0,1,0,1,1,1,25,20,0,0,0,0,0,8,55,47,3,0,4014,1818,120,1,0,0,1,0,31561,Street,Heat Pump,Central AC,Asphalt Shingle,Slab,Tile,Brick,Municipal,Municipal,Winter,310000.0,294080,-15920.0,-5.41,294130,-15870.0,-5.4,50,0.02,22.0,-62431.0,-12.64
PROP_0304,Southington,Townhouse,2,1.0,696.0,7405.200000000001,46,1,Fair,1,0,0,0,1,1,1,25,20,1,0,1,498,0,8,85,70,9,0,4013,1272,60,2,0,0,1,0,10612,Driveway,Gas,Window Units,Asphalt Shingle,Slab,Laminate,Stucco,Municipal,Municipal,Summer,192900.0,213863,20963.0,9.8,213861,20961.0,9.8,-2,-0.0,26.0,-4651.0,24.33
PROP_0305,Trumbull,Single Family,4,4.0,2956.0,31363.199999999997,52,1,Fair,3,0,0,1,0,1,0,25,20,0,1,0,0,0,7,53,51,8,1,9056,4380,10,1,0,0,1,0,26955,Driveway,Heat Pump,Central AC,Metal,Slab,Carpet,Stucco,Municipal,Septic,Summer,699900.0,744814,44914.0,6.03,745039,45139.0,6.06,225,0.03,11.0,3184.0,14.64
PROP_0306,Darien,Single Family,6,5.0,4621.0,37026.0,51,2,Poor,3,0,0,0,1,0,0,25,20,1,1,0,0,0,7,69,56,1,0,35178,15714,90,0,1,0,1,0,146560,Driveway,Heat Pump,Window Units,Metal,Basement,Carpet,Wood,Municipal,Municipal,Winter,2500000.0,3153483,653483.0,20.72,3153550,653550.0,20.72,67,0.0,29.0,491990.0,96.44
PROP_0307,Bristol,Single Family,2,2.0,1052.0,8712.0,51,1,Poor,1,0,0,1,0,0,0,25,20,0,0,0,0,0,5,56,41,3,0,3496,955,120,0,0,0,1,1,9618,Garage,Electric,,Asphalt Shingle,Crawl Space,Tile,Vinyl Siding,Municipal,Municipal,Winter,164900.0,163640,-1260.0,-0.77,166648,1748.0,1.05,3008,1.84,17.0,-22870.0,3.21
PROP_0308,Meriden,Single Family,3,2.0,1080.0,10454.4,56,1,Fair,2,0,0,1,1,1,0,25,20,1,1,0,0,0,6,46,38,11,0,3946,1005,10,1,0,0,1,0,4346,Driveway,Heat Pump,Central AC,Asphalt Shingle,Slab,Hardwood,Vinyl Siding,Municipal,Municipal,Fall,175000.0,192078,17078.0,8.89,192015,17015.0,8.86,-63,-0.03,11.0,-2331.0,19.69
PROP_0309,Middletown,Single Family,3,1.0,1040.0,3920.4,58,1,Poor,2,0,0,0,1,1,0,23,20,1,0,0,0,0,6,39,28,9,0,2432,895,120,0,0,0,1,0,8099,Street,Heat Pump,Central AC,Tile,Basement,Hardwood,Brick,Municipal,Septic,Summer,164000.0,160262,-3738.0,-2.33,147665,-16335.0,-11.06,-12597,-7.86,12.0,-39434.0,-23.66
PROP_0310,Winchester,Single Family,5,3.0,2482.0,601128.0,57,2,Fair,3,0,0,1,1,1,0,25,20,0,1,0,0,0,9,58,54,1,0,5209,2211,10,1,1,0,0,0,13578,Garage,Heat Pump,Central AC,Asphalt Shingle,Slab,Hardwood,Vinyl Siding,Municipal,Municipal,Winter,365000.0,439137,74137.0,16.88,446798,81798.0,18.31,7661,1.74,31.0,53220.0,48.14
PROP_0311,Cromwell,Single Family,3,2.0,1448.0,8712.0,66,1,Distressed,2,0,0,1,1,1,1,25,20,0,0,0,0,0,9,99,73,12,0,2585,1295,90,1,0,1,1,0,35853,Driveway,Gas,Central AC,Asphalt Shingle,Slab,Carpet,Vinyl Siding,Municipal,Municipal,Fall,209900.0,263093,53193.0,20.22,263090,53190.0,20.22,-3,-0.0,34.0,2337.0,47.47
PROP_0312,Meriden,Townhouse,2,2.0,1294.0,14810.4,48,1,Poor,1,0,0,0,1,1,0,23,20,1,1,1,165,0,8,51,40,8,1,5818,1775,20,1,0,0,0,1,17962,Garage,Gas,Central AC,Metal,Crawl Space,Tile,Vinyl Siding,Municipal,Municipal,Summer,315900.0,306956,-8944.0,-2.91,295754,-20146.0,-6.81,-11202,-3.65,17.0,-53108.0,-15.53
PROP_0313,East Haddam,Single Family,4,3.0,2350.0,33976.8,50,1,Fair,3,0,1,0,1,0,1,23,20,0,0,0,0,0,7,97,78,10,0,9048,3091,60,0,0,0,1,0,24492,Garage,Electric,Central AC,Asphalt Shingle,Crawl Space,Laminate,Brick,Municipal,Municipal,Fall,485700.0,524911,39211.0,7.47,525011,39311.0,7.49,100,0.02,6.0,-181.0,16.16
PROP_0314,Waterbury,Single Family,2,1.0,1008.0,10018.8,65,1,Poor,1,0,0,1,0,0,1,25,20,0,1,0,0,0,7,53,43,8,1,2408,904,10,0,0,1,0,0,13666,Garage,Gas,Central AC,Asphalt Shingle,Slab,Hardwood,Vinyl Siding,Municipal,Municipal,Summer,149900.0,154486,4586.0,2.97,175553,25653.0,14.61,21067,13.64,16.0,-3013.0,32.12
PROP_0315,Bridgeport,Single Family,3,2.0,1184.0,2613.6,50,1,Poor,2,0,0,1,0,1,1,25,20,0,0,0,0,0,7,62,51,4,1,5694,1498,60,1,0,0,1,0,22151,Driveway,Oil,Window Units,Asphalt Shingle,Slab,Hardwood,Vinyl Siding,Municipal,Septic,Spring,245000.0,242537,-2463.0,-1.02,242721,-2279.0,-0.94,184,0.08,16.0,-39430.0,-2.62
PROP_0316,Canterbury,Single Family,2,2.0,1469.0,139392.0,64,1,Poor,1,0,0,0,0,1,1,25,20,0,0,0,0,0,9,54,51,11,0,4668,1952,120,0,1,0,1,0,37623,Garage,Gas,Central AC,Asphalt Shingle,Slab,Hardwood,Vinyl Siding,Municipal,Municipal,Fall,355000.0,466373,111373.0,23.88,466312,111312.0,23.87,-61,-0.01,32.0,58689.0,60.01
PROP_0317,East Hartford,Condo,2,1.0,624.0,6969.6,54,1,Fair,1,0,1,0,0,1,0,25,20,0,0,1,230,0,7,76,70,7,1,2842,868,30,3,0,0,1,0,6835,Garage,Gas,Central AC,Asphalt Shingle,Slab,Hardwood,Brick,Municipal,Municipal,Summer,158500.0,158841,341.0,0.21,158778,278.0,0.18,-63,-0.04,33.0,-21557.0,4.8
PROP_0318,Monroe,Townhouse,3,2.0,1799.0,44431.2,63,2,Poor,2,0,1,0,1,0,1,25,20,1,0,1,356,0,8,33,25,4,1,8221,2697,90,3,0,0,0,0,20752,Garage,Oil,Window Units,Asphalt Shingle,Slab,Hardwood,Vinyl Siding,Municipal,Municipal,Spring,409900.0,416928,7028.0,1.69,520740,110840.0,21.29,103812,24.9,39.0,75088.0,57.89
PROP_0319,Norwalk,Single Family,4,3.0,1952.0,11325.6,63,2,Poor,3,0,0,1,0,1,1,25,20,1,0,0,0,0,5,59,49,9,0,9461,3611,60,1,0,0,0,0,34922,Street,Gas,Window Units,Asphalt Shingle,Slab,Carpet,Brick,Municipal,Municipal,Summer,562000.0,545068,-16932.0,-3.11,618246,56246.0,9.1,73178,13.43,16.0,6324.0,22.03
PROP_0320,East Hartford,Single Family,2,1.0,1384.0,7840.799999999999,64,1,Poor,1,0,0,1,1,0,1,21,20,0,1,0,0,0,8,90,75,6,1,3731,967,10,1,0,0,0,0,16509,Street,Heat Pump,Central AC,Flat,Slab,Hardwood,Vinyl Siding,Municipal,Municipal,Spring,167500.0,167651,151.0,0.09,167569,69.0,0.04,-82,-0.05,11.0,-31440.0,-0.86
PROP_0321,Plymouth,Condo,1,1.0,480.0,3920.4,47,1,Fair,0,0,0,0,1,1,1,24,20,1,0,1,418,0,7,54,47,7,1,1532,480,30,1,0,1,0,2,2552,Street,Heat Pump,Central AC,Tile,Crawl Space,Hardwood,Stucco,Municipal,Municipal,Summer,79900.0,98152,18252.0,18.6,109716,29816.0,27.18,11564,11.78,38.0,12264.0,63.19
PROP_0322,Waterbury,Single Family,4,2.0,1943.0,12632.4,51,1,Fair,3,0,0,1,1,1,0,25,20,0,0,0,0,0,7,77,67,1,0,6387,1462,60,1,0,0,1,0,11693,Garage,Gas,Window Units,Metal,Slab,Hardwood,Vinyl Siding,Municipal,Municipal,Winter,260000.0,281891,21891.0,7.77,281774,21774.0,7.73,-117,-0.04,16.0,-4919.0,18.17
PROP_0323,Bethlehem,Condo,1,1.0,674.0,21780.0,58,1,Poor,0,0,0,0,1,1,1,25,20,1,0,1,364,1,8,66,51,3,0,4950,1980,120,2,0,0,0,0,24855,Driveway,Gas,Central AC,Metal,Crawl Space,Tile,Vinyl Siding,Municipal,Septic,Winter,342900.0,320864,-22036.0,-6.87,320916,-21984.0,-6.85,52,0.02,32.0,-61839.0,-13.48
PROP_0324,Danbury,Single Family,3,2.0,1092.0,14810.4,45,1,Fair,2,0,1,0,1,1,1,25,20,0,0,0,0,0,5,68,50,1,0,7103,2570,60,0,0,0,0,1,24566,Garage,Oil,,Asphalt Shingle,Basement,Laminate,Vinyl Siding,Municipal,Municipal,Winter,414900.0,472115,57215.0,12.12,471826,56926.0,12.07,-289,-0.06,11.0,17360.0,28.08
PROP_0325,East Haven,Single Family,3,3.0,2128.0,62290.8,54,2,Fair,2,0,1,1,0,1,0,25,20,0,0,0,0,0,7,100,97,10,0,8309,2703,120,0,0,0,1,1,26553,Garage,Electric,Central AC,Asphalt Shingle,Basement,Carpet,Wood,Municipal,Municipal,Fall,500000.0,513206,13206.0,2.57,513148,13148.0,2.56,-58,-0.01,17.0,-28405.0,5.68
PROP_0326,Brookfield,Single Family,4,4.0,2524.0,8712.0,46,2,Poor,3,1,1,0,1,1,1,25,20,1,1,0,0,0,8,53,37,12,0,14163,3680,30,0,0,0,1,2,36276,Driveway,Gas,Central AC,Metal,Basement,Tile,Vinyl Siding,Municipal,Septic,Fall,609000.0,598148,-10852.0,-1.81,598256,-10744.0,-1.8,108,0.02,13.0,-62020.0,-7.2
PROP_0327,New Haven,Single Family,4,3.0,2591.0,7840.799999999999,48,2,Fair,3,0,0,1,1,1,0,25,20,0,1,0,0,0,7,42,39,10,0,7857,3566,10,0,0,0,1,0,28441,Garage,Gas,Central AC,Asphalt Shingle,Slab,Tile,Vinyl Siding,Municipal,Municipal,Fall,545000.0,619731,74731.0,12.06,594632,49632.0,8.35,-25099,-4.05,1.0,6191.0,17.52
PROP_0328,Naugatuck,Single Family,5,3.0,1704.0,13503.6,55,1,Poor,3,0,0,1,1,1,0,25,20,1,1,0,0,0,8,47,35,5,1,5664,1951,180,1,0,0,1,1,34606,Garage,Electric,Window Units,Asphalt Shingle,Slab,Carpet,Brick,Municipal,Municipal,Spring,299900.0,360491,60591.0,16.81,366915,67015.0,18.26,6424,1.78,33.0,17409.0,44.86
PROP_0329,Killingly,Single Family,4,2.0,2002.0,36154.8,50,2,Fair,3,0,0,1,1,0,0,25,20,1,0,0,0,0,6,37,27,8,1,6605,1931,120,0,0,0,0,0,12059,Garage,Oil,Central AC,Asphalt Shingle,Basement,Laminate,Vinyl Siding,Municipal,Municipal,Summer,340000.0,361524,21524.0,5.95,361433,21433.0,5.93,-91,-0.03,12.0,-5626.0,13.7
PROP_0330,West Haven,Single Family,3,2.0,1192.0,5662.8,47,1,Fair,2,0,1,0,0,1,1,20,20,0,0,0,0,0,6,60,49,6,1,5669,2088,30,0,0,0,0,0,9725,Driveway,Gas,Central AC,Metal,Slab,Tile,Vinyl Siding,Municipal,Septic,Spring,349900.0,387094,37194.0,9.61,386773,36873.0,9.53,-321,-0.08,3.0,12148.0,20.87
PROP_0331,Lebanon,Single Family,3,1.0,1080.0,54014.4,62,1,Poor,2,0,0,1,0,0,0,22,20,1,0,0,0,0,7,67,55,3,0,3668,1481,120,0,0,0,0,0,23338,Garage,Electric,Central AC,Tile,Slab,Hardwood,Stucco,Well,Septic,Winter,259900.0,270222,10322.0,3.82,270203,10303.0,3.81,-19,-0.01,12.0,-28035.0,7.22
PROP_0332,Darien,Single Family,6,9.0,9764.0,87120.0,50,2,Fair,3,1,0,1,0,0,0,17,20,0,1,0,0,0,7,53,42,8,1,79196,26752,180,0,0,0,1,0,220841,Carport,Electric,Central AC,Asphalt Shingle,Slab,Hardwood,Brick,Municipal,Municipal,Summer,4295000.0,4932150,637150.0,12.92,4474570,179570.0,4.01,-457580,-9.28,18.0,-56271.0,5.99
PROP_0333,Westport,Single Family,5,9.0,7193.0,87120.0,43,2,Fair,3,0,0,1,1,1,1,22,17,0,0,0,0,0,8,27,20,5,1,87255,25581,10,0,0,0,1,2,167430,Driveway,Gas,Central AC,Asphalt Shingle,Crawl Space,Laminate,Brick,Municipal,Septic,Spring,3995000.0,4473216,478216.0,10.69,4473359,478359.0,10.69,143,0.0,11.0,295929.0,53.17
PROP_0334,Bristol,Single Family,4,3.0,3098.0,25700.4,64,3,Poor,3,0,0,0,1,1,0,25,20,1,1,0,0,0,8,67,64,5,1,6957,3084,20,0,0,0,0,0,50299,Street,Electric,Central AC,Asphalt Shingle,Crawl Space,Laminate,Stucco,Well,Municipal,Spring,479900.0,460420,-19480.0,-4.23,460440,-19460.0,-4.23,20,0.0,2.0,-84759.0,-16.54
PROP_0335,Bristol,Single Family,3,2.0,1116.0,8712.0,66,1,Distressed,2,0,1,1,0,1,1,25,20,1,1,0,0,0,6,49,43,7,1,3335,962,30,1,0,0,0,0,15060,Driveway,Gas,Window Units,Asphalt Shingle,Crawl Space,Hardwood,Brick,Municipal,Municipal,Summer,149900.0,121329,-28571.0,-23.55,121404,-28496.0,-23.47,75,0.06,13.0,-58556.0,-50.2
PROP_0336,Enfield,Single Family,3,2.0,1456.0,6098.400000000001,60,1,Poor,2,0,0,1,1,0,0,25,20,0,0,0,0,0,6,67,60,8,1,6369,1698,60,0,0,0,1,0,14119,Driveway,Gas,Central AC,Asphalt Shingle,Basement,Hardwood,Vinyl Siding,Municipal,Municipal,Summer,295000.0,314138,19138.0,6.09,313959,18959.0,6.04,-179,-0.06,6.0,-10160.0,12.26
PROP_0337,Stamford,Townhouse,4,3.0,2110.0,10018.8,62,2,Poor,3,0,1,0,0,1,0,25,20,1,0,0,0,0,6,75,67,7,1,11493,4024,180,0,0,0,1,2,63454,Driveway,Gas,Window Units,Asphalt Shingle,Slab,Hardwood,Brick,Municipal,Municipal,Summer,640000.0,869205,229205.0,26.37,869137,229137.0,26.36,-68,-0.01,28.0,150683.0,73.39
PROP_0338,Danbury,Townhouse,3,3.0,2323.0,27442.8,46,2,Poor,2,0,0,0,0,1,1,24,20,1,0,1,281,0,6,47,44,12,0,16049,4223,60,0,0,0,1,1,48307,Garage,Electric,,Asphalt Shingle,Crawl Space,Carpet,Vinyl Siding,Municipal,Municipal,Fall,655000.0,591352,-63648.0,-10.76,591440,-63560.0,-10.75,88,0.01,11.0,-126867.0,-31.99
PROP_0339,Southington,Single Family,3,2.0,1296.0,24393.6,52,1,Fair,2,0,0,1,0,1,0,16,20,1,0,0,0,0,8,69,58,10,0,6638,1730,20,0,0,0,0,0,10795,Driveway,Gas,Window Units,Asphalt Shingle,Slab,Carpet,Brick,Municipal,Septic,Fall,304000.0,341177,37177.0,10.9,340978,36978.0,10.84,-199,-0.06,2.0,11183.0,23.2
PROP_0340,Wallingford,Single Family,2,2.0,1026.0,8712.0,65,1,Poor,1,0,1,0,1,1,0,25,20,0,0,0,0,0,6,32,29,11,0,3691,998,20,0,0,0,1,0,18087,Driveway,Heat Pump,Window Units,Metal,Basement,Carpet,Vinyl Siding,Municipal,Municipal,Fall,165000.0,180164,15164.0,8.42,180126,15126.0,8.4,-38,-0.02,2.0,-17961.0,15.4
PROP_0341,Wilton,Single Family,6,6.0,5694.0,87991.2,50,2,Fair,3,0,0,0,1,1,1,25,20,0,1,0,0,0,7,70,69,3,0,23280,7434,20,2,0,0,0,2,73968,Carport,Gas,Central AC,Asphalt Shingle,Crawl Space,Tile,Wood,Municipal,Municipal,Winter,1295000.0,1319585,24585.0,1.86,1319554,24554.0,1.86,-31,-0.0,32.0,-64414.0,3.68
PROP_0342,Watertown,Single Family,4,3.0,1396.0,14810.4,63,1,Poor,3,0,0,0,0,1,0,25,20,1,0,0,0,0,9,45,32,5,1,4594,1571,30,1,0,0,1,0,15876,Garage,Electric,Window Units,Asphalt Shingle,Basement,Hardwood,Wood,Municipal,Municipal,Spring,289900.0,295461,5561.0,1.88,295326,5426.0,1.84,-135,-0.05,13.0,-25450.0,3.74
PROP_0343,Woodbridge,Condo,2,2.0,935.0,16988.4,50,1,Fair,1,0,1,0,1,0,1,25,20,0,0,1,430,0,7,46,43,10,0,8299,2498,20,0,0,0,0,0,20582,Driveway,Gas,Central AC,Metal,Slab,Carpet,Vinyl Siding,Municipal,Municipal,Fall,389900.0,436966,47066.0,10.77,436986,47086.0,10.78,20,0.0,2.0,11504.0,23.11
PROP_0344,Stafford,Single Family,4,2.0,1629.0,40946.399999999994,61,2,Distressed,3,0,0,0,1,1,1,23,20,0,1,0,0,0,8,49,43,3,0,4540,1364,60,0,0,0,0,0,20798,Street,Gas,Central AC,Asphalt Shingle,Basement,Carpet,Brick,Municipal,Septic,Winter,220000.0,194317,-25683.0,-13.22,194338,-25662.0,-13.2,21,0.01,6.0,-61460.0,-31.35
PROP_0345,Greenwich,Single Family,2,2.0,1596.0,1306.8,48,1,Poor,1,0,1,0,1,1,0,25,20,1,1,0,0,0,6,60,55,11,0,16098,4218,10,0,0,0,0,0,57883,Garage,Gas,Central AC,Metal,Slab,Hardwood,Vinyl Siding,Municipal,Septic,Fall,695000.0,633183,-61817.0,-9.76,633236,-61764.0,-9.75,53,0.01,1.0,-134647.0,-32.76
PROP_0346,Stamford,Single Family,5,5.0,5272.0,87120.0,62,2,Distressed,3,0,0,0,1,1,1,25,20,1,1,0,0,0,7,99,96,2,0,21423,8940,10,0,0,0,0,0,147319,Garage,Electric,Central AC,Asphalt Shingle,Slab,Laminate,Vinyl Siding,Municipal,Municipal,Winter,1649000.0,1519676,-129324.0,-8.51,1363321,-285679.0,-20.95,-156355,-10.29,1.0,-447998.0,-86.5
PROP_0347,New Britain,Single Family,3,2.0,1188.0,12632.4,55,1,Poor,2,0,1,1,1,0,1,25,20,0,0,0,0,0,6,64,61,1,0,3469,1329,30,0,0,0,1,0,23215,Driveway,Gas,Central AC,Asphalt Shingle,Crawl Space,Carpet,Vinyl Siding,Municipal,Municipal,Winter,245000.0,250385,5385.0,2.15,249985,4985.0,1.99,-400,-0.16,3.0,-33230.0,1.26
PROP_0348,Windsor Locks,Townhouse,3,2.0,1665.0,7405.200000000001,62,2,Poor,2,0,0,0,1,1,1,25,20,0,0,0,0,0,9,43,35,4,1,5143,1451,20,2,0,0,1,0,22831,Carport,Electric,Window Units,Flat,Slab,Laminate,Brick,Municipal,Municipal,Spring,249900.0,270270,20370.0,7.54,270006,20106.0,7.45,-264,-0.1,22.0,-17725.0,17.53
PROP_0349,Hamden,Single Family,3,2.0,1412.0,10890.0,64,1,Poor,2,0,1,1,0,0,0,25,20,1,1,0,0,0,6,55,43,2,0,5892,1640,20,2,0,0,1,1,23135,Street,Gas,Window Units,Asphalt Shingle,Basement,Hardwood,Vinyl Siding,Well,Municipal,Winter,250000.0,233497,-16503.0,-7.07,233681,-16319.0,-6.98,184,0.08,27.0,-54454.0,-14.01
PROP_0350,Berlin,Single Family,3,3.0,1400.0,7405.200000000001,66,1,Poor,2,0,0,0,0,1,0,23,20,0,0,0,0,0,8,60,49,12,0,4290,1093,20,0,0,0,1,1,12588,Driveway,Electric,,Asphalt Shingle,Slab,Tile,Brick,Municipal,Municipal,Fall,189900.0,185086,-4814.0,-2.6,185101,-4799.0,-2.59,15,0.01,7.0,-32387.0,-7.02
PROP_0351,Guilford,Single Family,2,3.0,3837.0,104108.4,45,2,Fair,1,0,0,0,0,1,1,15,20,1,0,0,0,0,8,86,75,4,1,22903,8952,60,1,0,0,1,1,62850,Street,Oil,Central AC,Asphalt Shingle,Basement,Hardwood,Wood,Municipal,Septic,Spring,1450000.0,1659696,209696.0,12.63,1452359,2359.0,0.16,-207337,-12.49,21.0,-75491.0,-3.03
PROP_0352,Bridgeport,Single Family,6,3.0,3602.0,2613.6,62,2,Distressed,3,1,0,0,1,1,1,24,20,1,0,0,0,0,7,61,49,6,1,9940,2306,20,1,0,0,0,2,49675,Garage,Electric,Window Units,Asphalt Shingle,Slab,Laminate,Brick,Well,Municipal,Spring,425000.0,390739,-34261.0,-8.77,390701,-34299.0,-8.78,-38,-0.01,22.0,-98974.0,-23.06
PROP_0353,Milford,Single Family,4,4.0,2850.0,3049.2000000000003,55,2,Fair,3,1,0,1,0,1,0,25,20,0,0,0,0,0,9,59,54,9,0,14356,5411,20,0,0,0,1,0,29199,Garage,Heat Pump,Central AC,Asphalt Shingle,Crawl Space,Carpet,Wood,Well,Municipal,Summer,849900.0,880135,30235.0,3.44,880262,30362.0,3.45,127,0.01,2.0,-13837.0,5.92
PROP_0354,Rocky Hill,Single Family,3,4.0,1706.0,8712.0,55,2,Fair,2,0,0,0,0,1,1,17,20,0,1,0,0,0,7,57,48,1,0,7413,2581,20,0,0,0,1,0,13056,Driveway,Electric,Window Units,Asphalt Shingle,Slab,Hardwood,Vinyl Siding,Municipal,Municipal,Winter,399000.0,411518,12518.0,3.04,411640,12640.0,3.07,122,0.03,2.0,-15416.0,5.0
PROP_0355,Newington,Single Family,4,3.0,2059.0,20037.6,48,2,Fair,3,0,1,1,0,1,1,25,20,1,1,0,0,0,7,38,29,3,0,7656,2224,20,1,0,0,1,0,21972,Street,Gas,Central AC,Asphalt Shingle,Basement,Carpet,Brick,Municipal,Municipal,Winter,394900.0,422960,28060.0,6.63,404029,9129.0,2.26,-18931,-4.48,12.0,-27843.0,4.14
PROP_0356,Darien,Single Family,6,6.0,3873.0,21344.4,49,2,Fair,3,0,1,0,0,1,0,20,19,0,0,0,0,0,6,47,34,8,1,32134,15998,60,1,0,0,1,0,95432,Street,Gas,,Asphalt Shingle,Slab,Hardwood,Brick,Municipal,Municipal,Summer,2495000.0,2863098,368098.0,12.86,2862962,367962.0,12.85,-136,-0.0,16.0,257530.0,54.65
PROP_0357,Westport,Townhouse,3,3.0,2340.0,59677.2,52,2,Poor,2,0,0,0,1,1,0,25,20,0,0,1,498,0,7,42,33,10,0,14226,5239,60,0,0,0,1,0,111950,Garage,Gas,Central AC,Asphalt Shingle,Basement,Hardwood,Wood,Municipal,Municipal,Fall,969000.0,921225,-47775.0,-5.19,921158,-47842.0,-5.19,-67,-0.01,6.0,-174792.0,-26.66
PROP_0358,Danbury,Single Family,2,3.0,1460.0,8712.0,50,1,Poor,1,0,0,1,1,1,1,25,20,0,0,0,0,0,7,39,35,1,0,8013,2299,30,2,0,0,1,1,31786,Street,Gas,Central AC,Asphalt Shingle,Crawl Space,Hardwood,Brick,Municipal,Septic,Winter,399000.0,385171,-13829.0,-3.59,385206,-13794.0,-3.58,35,0.01,28.0,-60580.0,-7.62
PROP_0359,West Haven,Single Family,5,3.0,2541.0,5662.8,64,2,Poor,3,0,0,1,1,1,1,25,20,0,1,0,0,0,7,38,37,6,1,4752,1653,10,0,0,0,0,2,30862,Garage,Electric,Central AC,Asphalt Shingle,Slab,Laminate,Stucco,Municipal,Municipal,Spring,279900.0,289571,9671.0,3.34,289539,9639.0,3.33,-32,-0.01,11.0,-36223.0,5.24
PROP_0360,Manchester,Single Family,3,1.0,1120.0,20037.6,56,1,Fair,2,0,1,0,0,1,1,25,20,0,0,0,0,0,5,41,40,3,0,3738,1515,90,0,0,0,1,0,10477,Driveway,Gas,Central AC,Asphalt Shingle,Crawl Space,Laminate,Wood,Well,Municipal,Winter,239900.0,258656,18756.0,7.25,258684,18784.0,7.26,28,0.01,9.0,-6693.0,15.65
PROP_0361,Orange,Single Family,4,4.0,2291.0,39204.0,48,2,Poor,3,0,0,0,1,1,1,25,20,0,0,0,0,0,7,52,49,4,1,14912,3980,30,1,0,0,1,0,32950,Driveway,Oil,Central AC,Asphalt Shingle,Basement,Tile,Wood,Municipal,Municipal,Spring,679000.0,647219,-31781.0,-4.91,724950,45950.0,6.34,77731,12.01,13.0,-2000.0,15.08
PROP_0362,West Hartford,Single Family,4,3.0,1898.0,14374.8,61,1,Poor,3,0,0,0,1,0,0,25,20,0,1,0,0,0,7,99,75,5,1,9285,2868,20,1,0,0,1,0,39569,Garage,Oil,Central AC,Asphalt Shingle,Basement,Laminate,Vinyl Siding,Municipal,Municipal,Spring,508900.0,550124,41224.0,7.49,549617,40717.0,7.41,-507,-0.09,12.0,-13852.0,15.83
PROP_0363,Litchfield,Single Family,4,4.0,2900.0,474804.0,61,2,Distressed,3,0,0,1,1,1,1,25,20,1,0,0,0,0,7,70,55,8,1,13044,4645,10,0,0,0,1,2,168707,Garage,Electric,Central AC,Tile,Basement,Carpet,Wood,Municipal,Municipal,Summer,849900.0,720505,-129395.0,-17.96,827235,-22665.0,-2.74,106730,14.81,11.0,-206372.0,-23.92
PROP_0364,Litchfield,Single Family,4,4.0,2932.0,26136.0,57,1,Poor,3,0,1,0,1,1,1,22,20,0,0,0,0,0,6,36,35,8,1,9270,3556,10,0,0,0,1,2,36092,Garage,Heat Pump,Central AC,Asphalt Shingle,Basement,Hardwood,Vinyl Siding,Municipal,Municipal,Summer,565000.0,611324,46324.0,7.58,611455,46455.0,7.6,131,0.02,11.0,-4637.0,16.94
PROP_0365,Danbury,Single Family,3,2.0,1808.0,6969.6,45,2,Poor,2,0,1,0,1,1,1,19,20,0,0,0,0,0,8,66,64,2,0,17686,6119,30,0,0,0,1,1,107262,Driveway,Gas,Central AC,Asphalt Shingle,Crawl Space,Hardwood,Vinyl Siding,Municipal,Municipal,Winter,999900.0,1073695,73795.0,6.87,1000307,407.0,0.04,-73388,-6.84,8.0,-121855.0,-10.51
PROP_0366,New Haven,Single Family,3,3.0,1322.0,16552.8,63,1,Distressed,2,0,0,0,0,1,0,25,20,0,0,0,0,0,7,37,29,6,1,3938,2109,10,0,0,0,0,2,32890,Driveway,Gas,,Tile,Basement,Hardwood,Stucco,Municipal,Municipal,Spring,325000.0,311023,-13977.0,-4.49,311096,-13904.0,-4.47,73,0.02,11.0,-61794.0,-12.92
PROP_0367,Somers,Condo,2,1.0,846.0,19602.0,59,1,Poor,1,0,1,0,0,1,0,25,20,0,1,1,409,1,6,55,41,7,1,3339,1201,120,0,0,0,0,0,14572,Garage,Heat Pump,Central AC,Asphalt Shingle,Crawl Space,Hardwood,Brick,Municipal,Septic,Summer,189900.0,195960,6060.0,3.09,196002,6102.0,3.11,42,0.02,12.0,-23470.0,6.27
PROP_0368,Hamden,Single Family,2,2.0,1788.0,11325.6,66,1,Distressed,1,0,0,1,0,1,0,25,20,0,1,0,0,0,7,86,76,11,0,6454,1528,90,0,0,0,1,0,42115,Garage,Gas,Window Units,Asphalt Shingle,Crawl Space,Carpet,Stucco,Municipal,Septic,Fall,263000.0,250792,-12208.0,-4.87,250704,-12296.0,-4.9,-88,-0.04,9.0,-69411.0,-14.94
PROP_0369,Fairfield,Single Family,5,7.0,5198.0,41817.6,40,2,Fair,3,0,1,1,0,1,1,25,17,0,0,0,0,0,7,73,59,7,1,48718,22732,20,0,0,0,1,0,173664,Driveway,Gas,Window Units,Asphalt Shingle,Crawl Space,Tile,Stucco,Municipal,Septic,Summer,3988000.0,3904446,-83554.0,-2.14,3904454,-83546.0,-2.14,8,0.0,2.0,-272210.0,-31.1
PROP_0370,Southington,Townhouse,3,1.0,1200.0,20037.6,53,1,Fair,2,0,0,0,1,1,1,25,20,0,0,0,0,0,8,44,39,10,0,4977,1721,60,0,0,0,0,0,8211,Street,Gas,Window Units,Asphalt Shingle,Slab,Laminate,Wood,Municipal,Municipal,Fall,299900.0,298310,-1590.0,-0.53,314142,14242.0,4.53,15832,5.31,6.0,-8969.0,9.36
PROP_0371,East Haven,Townhouse,3,2.0,1152.0,6534.0,49,1,Poor,2,0,0,0,0,1,1,25,20,1,0,0,0,0,9,62,49,8,1,4809,1453,120,2,0,0,1,0,14605,Driveway,Heat Pump,Central AC,Asphalt Shingle,Basement,Carpet,Wood,Municipal,Municipal,Summer,239900.0,241377,1477.0,0.61,248508,8608.0,3.46,7131,2.95,32.0,-20997.0,11.22
PROP_0372,Middletown,Condo,2,2.0,950.0,8712.0,65,1,Distressed,1,0,1,0,1,0,1,25,20,0,1,1,404,0,8,29,27,10,0,2607,913,20,0,0,0,0,0,13188,Driveway,Gas,Central AC,Asphalt Shingle,Slab,Carpet,Vinyl Siding,Municipal,Septic,Fall,150000.0,133674,-16326.0,-12.21,133702,-16298.0,-12.19,28,0.02,2.0,-44486.0,-28.43
PROP_0373,Milford,Single Family,2,2.0,1006.0,8712.0,58,1,Fair,1,0,0,1,0,1,1,25,20,1,0,0,0,0,7,100,87,8,1,5770,1909,90,1,0,0,1,0,17953,Street,Oil,Central AC,Metal,Slab,Laminate,Brick,Municipal,Municipal,Summer,299700.0,335038,35338.0,10.55,334919,35219.0,10.52,-119,-0.04,19.0,2266.0,25.07
PROP_0374,Hamden,Townhouse,3,2.0,1396.0,7840.799999999999,53,1,Poor,2,0,1,0,1,1,1,24,20,1,1,0,0,0,6,83,80,6,1,5104,1870,90,1,0,0,1,2,27360,Driveway,Electric,,Asphalt Shingle,Crawl Space,Carpet,Brick,Municipal,Municipal,Spring,297000.0,318196,21196.0,6.66,318057,21057.0,6.62,-139,-0.04,29.0,-21303.0,16.91
PROP_0375,Simsbury,Single Family,5,6.0,4639.0,121968.0,58,2,Poor,3,0,0,0,1,1,1,25,20,0,1,0,0,0,6,58,55,1,0,14673,7135,90,0,0,0,0,0,69014,Street,Oil,Window Units,Metal,Slab,Laminate,Vinyl Siding,Municipal,Municipal,Winter,1200000.0,1119050,-80950.0,-7.23,1118965,-81035.0,-7.24,-85,-0.01,9.0,-165049.0,-29.18
PROP_0376,Putnam,Townhouse,4,2.0,1828.0,38768.4,51,1,Fair,3,0,1,0,0,1,0,15,20,0,1,1,303,0,8,61,53,1,0,4017,1421,10,1,0,0,0,0,4776,Garage,Gas,Central AC,Metal,Basement,Tile,Vinyl Siding,Municipal,Septic,Winter,229000.0,259181,30181.0,11.64,259208,30208.0,11.65,27,0.01,11.0,10432.0,26.54
PROP_0377,Southington,Single Family,3,1.0,1072.0,12196.8,56,1,Fair,2,0,0,0,1,0,0,24,20,1,1,0,0,0,7,45,32,3,0,4768,1560,120,0,0,0,0,1,14130,Street,Gas,Window Units,Asphalt Shingle,Crawl Space,Hardwood,Vinyl Siding,Well,Municipal,Winter,248900.0,271181,22281.0,8.22,279782,30882.0,11.04,8601,3.17,17.0,1752.0,25.66
PROP_0378,Sherman,Single Family,4,3.0,1864.0,80586.0,56,2,Fair,3,0,0,0,1,1,0,25,20,0,0,0,0,0,7,77,56,8,1,11620,3286,30,0,0,0,1,0,17537,Driveway,Electric,Central AC,Asphalt Shingle,Slab,Hardwood,Vinyl Siding,Municipal,Septic,Summer,525000.0,576757,51757.0,8.97,576471,51471.0,8.93,-286,-0.05,3.0,18934.0,20.35
PROP_0379,Griswold,Single Family,3,3.0,2088.0,130244.4,55,1,Fair,2,0,1,1,1,1,1,17,20,0,1,0,0,0,8,95,87,12,0,6313,2419,30,1,0,0,0,2,19723,Garage,Gas,,Asphalt Shingle,Crawl Space,Laminate,Brick,Municipal,Municipal,Fall,374900.0,416441,41541.0,9.98,416397,41497.0,9.97,-44,-0.01,23.0,6774.0,25.22
PROP_0380,Harwinton,Single Family,4,3.0,3300.0,174240.0,53,2,Fair,3,0,1,0,1,0,1,25,20,1,1,0,0,0,7,47,39,2,0,12211,3226,20,1,0,0,0,0,13700,Garage,Electric,Central AC,Asphalt Shingle,Slab,Tile,Wood,Municipal,Municipal,Winter,525000.0,518007,-6993.0,-1.35,518024,-6976.0,-1.35,17,0.0,12.0,-35676.0,-3.87
PROP_0381,Cromwell,Condo,2,2.0,979.0,8712.0,61,1,Poor,1,0,0,0,1,1,1,25,20,0,0,1,136,0,7,59,51,6,1,2306,948,60,0,0,0,1,0,11977,Driveway,Gas,Central AC,Asphalt Shingle,Basement,Hardwood,Vinyl Siding,Municipal,Septic,Spring,144900.0,138244,-6656.0,-4.81,138296,-6604.0,-4.78,52,0.04,6.0,-33581.0,-11.72
PROP_0382,Glastonbury,Single Family,4,4.0,2943.0,60983.99999999999,60,2,Distressed,3,1,0,1,0,1,0,25,20,0,0,0,0,0,5,40,38,8,1,10755,4108,30,0,0,0,1,0,52609,Garage,Gas,Central AC,Asphalt Shingle,Basement,Hardwood,Vinyl Siding,Municipal,Septic,Summer,699900.0,674636,-25264.0,-3.74,698198,-1702.0,-0.24,23562,3.49,3.0,-69311.0,-6.81
PROP_0383,Danbury,Single Family,2,2.0,1536.0,8712.0,46,2,Fair,1,0,0,1,0,1,1,25,20,0,0,0,0,0,7,38,36,7,1,8881,2208,20,0,0,0,1,0,7723,Carport,Gas,Central AC,Asphalt Shingle,Slab,Tile,Brick,Municipal,Municipal,Summer,364000.0,367973,3973.0,1.08,367987,3987.0,1.08,14,0.0,2.0,-18736.0,0.69
PROP_0384,Windsor,Single Family,3,3.0,2286.0,28749.6,47,2,Fair,2,0,1,0,0,1,1,25,20,1,1,0,0,0,5,82,77,10,0,6806,2158,30,1,0,0,0,1,16770,Garage,Gas,Central AC,Asphalt Shingle,Basement,Hardwood,Brick,Municipal,Municipal,Fall,399000.0,390237,-8763.0,-2.25,390337,-8663.0,-2.22,100,0.03,18.0,-40433.0,-4.88
PROP_0385,Stonington,Single Family,4,5.0,2290.0,12196.8,40,1,Poor,3,0,0,0,0,1,1,25,20,1,1,0,0,0,6,64,47,7,1,40874,10898,30,1,0,0,1,0,161656,Street,Gas,Window Units,Asphalt Shingle,Basement,Carpet,Vinyl Siding,Municipal,Municipal,Summer,1875000.0,1981700,106700.0,5.38,1981649,106649.0,5.38,-51,-0.0,13.0,-70007.0,6.36
PROP_0386,Litchfield,Single Family,3,3.0,2100.0,66211.2,57,1,Fair,2,0,1,1,1,0,1,25,20,1,1,0,0,0,9,49,42,10,0,11770,2848,120,2,0,0,0,0,28773,Driveway,Gas,Central AC,Asphalt Shingle,Slab,Tile,Wood,Municipal,Municipal,Fall,499000.0,558632,59632.0,10.67,558681,59681.0,10.68,49,0.01,32.0,15908.0,29.35
PROP_0387,Waterbury,Single Family,3,1.0,1116.0,7405.200000000001,55,1,Fair,2,0,1,1,1,0,0,25,20,0,0,0,0,0,8,76,63,2,0,4423,1202,30,0,0,0,0,0,6522,Garage,Oil,Central AC,Tile,Slab,Carpet,Brick,Well,Municipal,Winter,204900.0,207781,2881.0,1.39,207853,2953.0,1.42,72,0.03,3.0,-18569.0,1.58
PROP_0388,Danbury,Townhouse,4,3.0,2461.0,8712.0,53,2,Fair,3,0,0,0,0,1,0,20,20,0,0,0,0,0,6,27,21,1,0,11618,3276,20,0,0,0,0,0,30905,Garage,Gas,Central AC,Asphalt Shingle,Slab,Hardwood,Vinyl Siding,Municipal,Municipal,Winter,519000.0,499565,-19435.0,-3.89,499971,-19029.0,-3.81,406,0.08,2.0,-64934.0,-13.71
PROP_0389,Shelton,Single Family,4,3.0,2052.0,23522.4,44,2,Fair,3,0,1,0,0,1,1,16,20,0,0,0,0,0,8,37,35,1,0,9177,3105,30,1,0,0,0,0,30287,Driveway,Gas,Window Units,Flat,Crawl Space,Carpet,Stucco,Municipal,Municipal,Winter,555000.0,558852,3852.0,0.69,558876,3876.0,0.69,24,0.0,13.0,-41411.0,-0.16
PROP_0390,Norwalk,Single Family,4,3.0,3202.0,33976.8,51,3,Fair,3,0,0,0,1,1,1,18,20,1,0,0,0,0,6,82,64,12,0,18623,5505,20,1,1,0,1,0,33069,Driveway,Gas,,Flat,Basement,Hardwood,Vinyl Siding,Municipal,Municipal,Fall,849900.0,1191121,341221.0,28.65,1190976,341076.0,28.64,-145,-0.01,32.0,293007.0,92.98
PROP_0391,Bridgeport,Single Family,5,3.0,2862.0,6534.0,54,2,Fair,3,0,0,1,1,0,0,25,20,0,0,0,0,0,7,74,70,8,1,6870,2686,60,2,0,0,0,0,10483,Driveway,Oil,Window Units,Tile,Basement,Hardwood,Vinyl Siding,Municipal,Septic,Summer,419000.0,444199,25199.0,5.67,444182,25182.0,5.67,-17,-0.0,26.0,-301.0,16.51
PROP_0392,Bridgeport,Single Family,3,3.0,1485.0,17859.6,56,1,Fair,2,0,0,0,1,0,1,25,20,1,0,0,0,0,7,50,49,6,1,4486,1533,120,1,0,0,0,0,15302,Street,Gas,,Asphalt Shingle,Crawl Space,Carpet,Stucco,Municipal,Municipal,Spring,259000.0,295795,36795.0,12.44,295570,36570.0,12.37,-225,-0.08,22.0,6268.0,29.77
PROP_0393,Griswold,Townhouse,4,2.0,2364.0,4791.6,62,1,Distressed,3,0,0,0,1,1,0,24,20,0,0,1,440,0,8,70,63,1,0,3819,1050,30,0,0,0,0,0,25318,Driveway,Gas,Window Units,Tile,Slab,Hardwood,Vinyl Siding,Municipal,Municipal,Winter,175000.0,165864,-9136.0,-5.51,165893,-9107.0,-5.49,29,0.02,3.0,-49425.0,-15.32
PROP_0394,Middletown,Single Family,3,3.0,1401.0,5227.2,65,1,Poor,2,0,1,0,1,0,1,25,20,0,0,0,0,0,9,53,43,11,0,4984,1521,90,0,0,0,1,2,13943,Carport,Gas,Central AC,Metal,Crawl Space,Hardwood,Wood,Municipal,Septic,Fall,249900.0,248056,-1844.0,-0.74,248178,-1722.0,-0.69,122,0.05,19.0,-30665.0,-0.65
PROP_0395,New Britain,Townhouse,2,1.0,966.0,8712.0,49,1,Fair,1,0,1,0,1,1,1,25,20,0,1,0,0,0,6,64,59,3,0,2553,711,10,0,0,0,0,0,6493,Driveway,Gas,Central AC,Asphalt Shingle,Crawl Space,Laminate,Wood,Municipal,Municipal,Winter,130000.0,124695,-5305.0,-4.25,124868,-5132.0,-4.11,173,0.14,1.0,-26625.0,-10.68
PROP_0396,Bridgeport,Townhouse,3,1.0,936.0,4356.0,59,1,Poor,2,0,0,0,1,0,0,25,20,1,1,0,0,0,6,62,45,1,0,1671,847,10,2,0,0,0,0,15015,Garage,Gas,Central AC,Asphalt Shingle,Slab,Carpet,Wood,Municipal,Municipal,Winter,129900.0,131430,1530.0,1.16,131494,1594.0,1.21,64,0.05,21.0,-28421.0,3.78
PROP_0397,Harwinton,Single Family,3,3.0,3488.0,519235.2,50,2,Fair,2,0,0,0,1,1,0,15,20,1,1,0,0,0,7,41,33,8,1,14176,5546,30,1,0,0,1,1,20445,Garage,Heat Pump,Central AC,Asphalt Shingle,Basement,Carpet,Vinyl Siding,Well,Municipal,Summer,925000.0,948801,23801.0,2.51,948803,23803.0,2.51,2,0.0,18.0,-11642.0,7.46
PROP_0398,Brookfield,Single Family,4,4.0,5268.0,108464.4,46,3,Poor,3,0,0,0,0,1,0,25,20,0,0,0,0,0,7,74,52,11,0,22640,11770,120,1,0,0,1,0,159403,Driveway,Gas,Central AC,Asphalt Shingle,Basement,Tile,Brick,Municipal,Septic,Fall,1799000.0,1867735,68735.0,3.68,1867689,68689.0,3.68,-46,-0.0,22.0,-105714.0,1.19
PROP_0399,Madison,Single Family,4,3.0,2850.0,82764.0,54,2,Poor,3,1,1,0,0,0,0,19,20,1,0,0,0,0,6,76,55,5,1,9372,4136,20,0,0,0,0,0,37755,Garage,Gas,Central AC,Tile,Slab,Hardwood,Brick,Well,Septic,Spring,699900.0,708918,9018.0,1.27,708980,9080.0,1.28,62,0.01,2.0,-43675.0,-1.41
PROP_0400,Bridgeport,Single Family,6,3.0,3874.0,6969.6,53,2,Poor,3,0,1,1,1,1,0,25,20,1,1,0,0,0,7,19,15,12,0,10066,2797,20,0,0,0,0,2,22807,Carport,Gas,Central AC,Asphalt Shingle,Basement,Tile,Brick,Municipal,Septic,Fall,439900.0,426565,-13335.0,-3.13,426608,-13292.0,-3.12,43,0.01,12.0,-51099.0,-8.95
PROP_0401,Ashford,Single Family,3,3.0,2013.0,33976.8,48,2,Fair,2,0,0,1,1,1,1,23,20,0,1,0,0,0,8,54,45,5,1,4860,2351,20,3,0,0,1,2,10268,Street,Gas,Central AC,Metal,Slab,Laminate,Brick,Municipal,Municipal,Spring,399900.0,433839,33939.0,7.82,433759,33859.0,7.81,-80,-0.02,42.0,8591.0,24.88
PROP_0402,Berlin,Townhouse,3,3.0,2096.0,8712.0,64,2,Distressed,2,0,1,0,1,0,0,24,20,1,0,0,0,0,8,42,33,11,0,4979,2021,30,0,0,0,1,0,67033,Carport,Gas,Central AC,Asphalt Shingle,Crawl Space,Carpet,Brick,Municipal,Municipal,Fall,369900.0,318023,-51877.0,-16.31,318045,-51855.0,-16.3,22,0.01,3.0,-133888.0,-45.39
PROP_0403,East Granby,Single Family,3,3.0,1663.0,24829.199999999997,57,1,Poor,2,0,0,1,0,0,1,23,20,0,1,0,0,0,8,78,76,11,0,3718,1812,10,0,0,0,1,0,21996,Street,Gas,Central AC,Asphalt Shingle,Crawl Space,Laminate,Stucco,Municipal,Septic,Fall,289900.0,269112,-20788.0,-7.72,269273,-20627.0,-7.66,161,0.06,1.0,-57623.0,-20.88
PROP_0404,Old Lyme,Townhouse,2,2.0,1896.0,10018.8,58,1,Fair,1,0,1,0,0,1,1,25,20,0,0,1,450,0,7,55,42,2,0,8149,3526,30,1,0,0,1,0,28010,Driveway,Gas,Central AC,Asphalt Shingle,Basement,Tile,Vinyl Siding,Municipal,Municipal,Winter,559000.0,561088,2088.0,0.37,561659,2659.0,0.47,571,0.1,13.0,-40351.0,-0.5
PROP_0405,Burlington,Single Family,4,5.0,5976.0,217800.0,61,2,Distressed,3,0,1,1,0,0,0,25,20,0,1,0,0,0,6,81,68,3,0,35655,9220,20,0,0,0,1,0,154698,Street,Gas,Central AC,Metal,Basement,Carpet,Vinyl Siding,Well,Municipal,Winter,1497000.0,1360633,-136367.0,-10.02,1360612,-136388.0,-10.02,-21,-0.0,2.0,-306086.0,-50.25
PROP_0406,Madison,Single Family,3,2.0,2093.0,133293.6,58,2,Poor,2,0,1,1,0,1,0,25,20,1,1,0,0,0,8,56,47,11,0,8935,2897,60,1,0,0,1,1,48808,Garage,Gas,Window Units,Asphalt Shingle,Basement,Tile,Vinyl Siding,Well,Municipal,Fall,460000.0,444083,-15917.0,-3.58,444129,-15871.0,-3.57,46,0.01,21.0,-79679.0,-10.91
PROP_0407,Darien,Single Family,6,7.0,8100.0,87120.0,39,2,Fair,3,1,0,0,0,1,1,25,20,0,0,0,0,0,9,59,45,5,1,59872,30913,30,0,0,0,1,0,186122,Garage,Oil,Central AC,Asphalt Shingle,Basement,Tile,Brick,Municipal,Municipal,Spring,4750000.0,5131317,381317.0,7.43,5130736,380736.0,7.42,-581,-0.01,3.0,179614.0,33.4
PROP_0408,Fairfield,Single Family,5,5.0,4500.0,48787.2,40,2,Poor,3,1,1,1,0,1,1,25,20,0,0,0,0,0,6,81,71,4,1,54312,12524,10,0,0,0,1,0,254053,Street,Gas,Central AC,Metal,Crawl Space,Carpet,Vinyl Siding,Municipal,Municipal,Spring,2289000.0,2477627,188627.0,7.61,2399476,110476.0,4.6,-78151,-3.15,1.0,-158577.0,-6.46
PROP_0409,East Hampton,Single Family,4,3.0,2402.0,44866.8,61,2,Distressed,3,0,0,0,1,0,1,19,20,0,0,0,0,0,7,44,37,1,0,12340,3031,20,1,0,0,1,0,60054,Driveway,Electric,Central AC,Tile,Crawl Space,Tile,Vinyl Siding,Municipal,Septic,Winter,554900.0,536949,-17951.0,-3.34,536931,-17969.0,-3.35,-18,-0.0,12.0,-93023.0,-13.6
PROP_0410,New Haven,Single Family,2,2.0,1130.0,8712.0,55,1,Fair,1,0,0,0,0,1,1,17,20,0,0,0,0,0,5,48,41,3,0,2653,1194,20,1,0,0,1,0,8827,Garage,Gas,Central AC,Asphalt Shingle,Basement,Hardwood,Wood,Municipal,Municipal,Winter,199900.0,208944,9044.0,4.33,208866,8966.0,4.29,-78,-0.04,12.0,-14861.0,9.49
PROP_0411,Windham,Single Family,3,2.0,1132.0,9147.6,60,1,Distressed,2,0,0,0,0,1,0,21,20,1,1,0,0,0,7,91,79,12,0,2772,925,120,0,0,0,0,0,14135,Driveway,Heat Pump,Central AC,Asphalt Shingle,Basement,Carpet,Stucco,Well,Municipal,Fall,160000.0,138636,-21364.0,-15.41,145860,-14140.0,-9.69,7224,5.21,12.0,-43275.0,-21.31
PROP_0412,New Britain,Single Family,3,3.0,1130.0,15245.999999999998,50,1,Fair,2,0,0,1,0,1,0,25,20,0,1,0,0,0,8,79,64,8,1,6282,1811,10,0,0,0,0,0,13184,Garage,Gas,Central AC,Metal,Slab,Laminate,Vinyl Siding,Well,Septic,Summer,279900.0,319889,39989.0,12.5,319800,39900.0,12.48,-89,-0.03,1.0,11716.0,26.33
PROP_0413,Groton,Single Family,4,1.0,1000.0,20037.6,46,1,Poor,3,0,1,1,0,1,1,19,20,0,0,0,0,0,8,100,78,1,0,4841,1347,10,1,1,0,1,0,12854,Garage,Electric,Central AC,Flat,Crawl Space,Tile,Brick,Municipal,Municipal,Winter,210000.0,276017,66017.0,23.92,276006,66006.0,23.91,-11,-0.0,31.0,38152.0,57.84
PROP_0414,New Haven,Single Family,4,2.0,1680.0,11761.2,60,1,Distressed,3,0,1,0,1,1,1,25,20,0,0,0,0,0,6,31,25,6,1,10058,2512,10,0,1,0,0,1,49574,Street,Heat Pump,Central AC,Asphalt Shingle,Crawl Space,Hardwood,Vinyl Siding,Municipal,Municipal,Spring,419000.0,401670,-17330.0,-4.31,401712,-17288.0,-4.3,42,0.01,26.0,-81862.0,-11.59
PROP_0415,Shelton,Single Family,4,3.0,1816.0,7405.200000000001,59,2,Poor,3,0,1,0,1,1,1,25,20,0,0,0,0,0,8,94,67,5,1,10965,2824,20,0,0,0,0,0,30077,Street,Gas,Central AC,Asphalt Shingle,Crawl Space,Hardwood,Vinyl Siding,Municipal,Septic,Spring,450000.0,470405,20405.0,4.34,470446,20446.0,4.35,41,0.01,2.0,-24631.0,6.64
PROP_0416,Waterbury,Single Family,2,1.0,1581.0,6534.0,55,2,Poor,1,0,1,0,0,1,1,22,20,0,0,0,0,0,7,100,86,1,0,2707,692,60,2,0,0,1,1,12141,Garage,Heat Pump,Central AC,Asphalt Shingle,Basement,Carpet,Vinyl Siding,Municipal,Municipal,Winter,108999.0,104800,-4199.0,-4.01,104870,-4129.0,-3.94,70,0.07,31.0,-31270.0,-4.81
PROP_0417,Derby,Townhouse,2,2.0,1740.0,15245.999999999998,59,2,Poor,1,0,1,0,1,0,0,25,20,0,0,1,199,0,7,7,6,4,1,7408,2146,90,2,0,0,0,0,23045,Garage,Electric,Central AC,Asphalt Shingle,Slab,Laminate,Brick,Municipal,Municipal,Spring,364900.0,372049,7149.0,1.92,372067,7167.0,1.93,18,0.0,29.0,-30878.0,6.57
PROP_0418,New London,Single Family,5,4.0,2910.0,12196.8,53,2,Fair,3,0,0,1,1,0,1,18,20,0,0,0,0,0,7,68,53,8,1,9658,2521,10,1,0,0,0,0,20409,Garage,Gas,Central AC,Asphalt Shingle,Crawl Space,Carpet,Stucco,Municipal,Municipal,Summer,399000.0,390148,-8852.0,-2.27,390428,-8572.0,-2.2,280,0.07,11.0,-43981.0,-6.6
PROP_0419,Norwalk,Single Family,3,3.0,3073.0,25700.4,62,2,Poor,2,0,1,1,0,1,0,25,20,1,0,0,0,0,7,56,51,1,0,15397,5202,90,0,0,0,0,0,68918,Garage,Heat Pump,Central AC,Asphalt Shingle,Crawl Space,Hardwood,Stucco,Well,Municipal,Winter,948728.0,882132,-66596.0,-7.55,882296,-66432.0,-7.53,164,0.02,9.0,-150350.0,-28.3
PROP_0420,New London,Single Family,6,5.0,3396.0,6534.0,62,3,Poor,3,0,0,0,0,0,1,25,20,0,0,0,0,0,6,42,33,3,0,4733,1981,90,0,0,0,1,0,14691,Driveway,Heat Pump,Central AC,Asphalt Shingle,Slab,Carpet,Wood,Municipal,Municipal,Winter,350000.0,374195,24195.0,6.47,373953,23953.0,6.41,-242,-0.06,9.0,-5738.0,14.05
PROP_0421,Beacon Falls,Townhouse,4,3.0,2456.0,77101.2,58,2,Poor,3,0,0,0,0,1,1,24,20,1,1,0,0,0,5,74,52,4,1,10180,2807,60,1,0,0,1,0,49137,Street,Oil,Window Units,Asphalt Shingle,Slab,Carpet,Vinyl Siding,Municipal,Municipal,Spring,519900.0,491280,-28620.0,-5.83,491265,-28635.0,-5.83,-15,-0.0,16.0,-92772.0,-17.74
PROP_0422,Middlebury,Single Family,4,3.0,2924.0,220413.6,64,2,Poor,3,0,0,0,1,1,1,19,20,1,1,0,0,0,7,49,42,12,0,12644,3696,30,0,0,0,1,1,65081,Garage,Oil,Central AC,Asphalt Shingle,Basement,Hardwood,Wood,Municipal,Municipal,Fall,600000.0,559097,-40903.0,-7.32,559212,-40788.0,-7.29,115,0.02,8.0,-120869.0,-25.07
PROP_0423,Kent,Townhouse,4,3.0,2272.0,397702.8000000001,58,2,Fair,3,0,1,0,1,1,0,18,20,1,0,1,355,0,7,63,46,5,1,20044,5271,10,1,0,0,1,0,28976,Garage,Electric,Central AC,Asphalt Shingle,Basement,Carpet,Brick,Municipal,Septic,Spring,900000.0,1016410,116410.0,11.45,1016344,116344.0,11.45,-66,-0.01,11.0,72368.0,32.34
PROP_0424,Watertown,Single Family,4,4.0,3423.0,30491.999999999996,58,2,Fair,3,1,1,1,0,0,1,25,20,0,0,0,0,0,6,79,66,2,0,8891,2836,90,1,0,0,1,0,19195,Garage,Gas,Central AC,Asphalt Shingle,Slab,Carpet,Stucco,Municipal,Municipal,Winter,490000.0,557063,67063.0,12.04,556982,66982.0,12.03,-81,-0.01,19.0,32787.0,31.14
PROP_0425,Bridgeport,Condo,1,2.0,837.0,8712.0,48,1,Poor,0,0,0,0,1,1,1,23,20,1,0,1,226,0,8,80,71,4,1,3606,887,10,1,0,0,1,0,13350,Street,Gas,Window Units,Asphalt Shingle,Basement,Carpet,Stucco,Well,Municipal,Spring,149900.0,160624,10724.0,6.68,156369,6469.0,4.14,-4255,-2.65,11.0,-21881.0,8.29
PROP_0426,Canton,Townhouse,4,3.0,2384.0,82764.0,54,2,Fair,3,0,0,0,1,1,1,25,20,1,1,0,0,0,8,33,26,10,0,5395,2207,30,0,0,0,1,0,17361,Street,Electric,Window Units,Metal,Crawl Space,Tile,Brick,Municipal,Municipal,Fall,349900.0,334725,-15175.0,-4.53,335038,-14862.0,-4.44,313,0.09,3.0,-47223.0,-13.0
PROP_0427,Seymour,Single Family,3,3.0,1959.0,43995.6,61,2,Distressed,2,0,0,0,1,1,0,25,20,1,0,0,0,0,5,34,24,1,0,9445,3459,180,0,0,0,1,0,43777,Garage,Electric,Central AC,Asphalt Shingle,Basement,Laminate,Brick,Municipal,Municipal,Winter,525000.0,580913,55913.0,9.63,580909,55909.0,9.62,-4,-0.0,18.0,-2868.0,22.55
PROP_0428,Prospect,Single Family,3,2.0,2049.0,23958.000000000004,57,2,Fair,2,0,0,0,1,0,1,25,20,0,0,0,0,0,8,40,28,10,0,6566,2304,90,1,0,0,1,0,12874,Driveway,Gas,Window Units,Asphalt Shingle,Slab,Laminate,Vinyl Siding,Municipal,Municipal,Fall,359900.0,394389,34489.0,8.74,394582,34682.0,8.79,193,0.05,19.0,6808.0,22.06
PROP_0429,Burlington,Single Family,4,4.0,3098.0,174675.59999999998,52,2,Fair,3,0,1,1,0,1,0,25,20,1,0,0,0,0,6,63,50,11,0,17354,3898,10,0,0,0,1,0,35500,Street,Electric,Central AC,Asphalt Shingle,Slab,Tile,Vinyl Siding,Municipal,Septic,Fall,699900.0,776603,76703.0,9.88,668354,-31546.0,-4.72,-108249,-13.94,1.0,-82046.0,-17.44
PROP_0430,Meriden,Single Family,3,2.0,1068.0,3049.2000000000003,64,1,Distressed,2,0,1,0,1,1,1,21,20,0,0,0,0,0,8,33,25,4,1,1880,821,30,0,0,0,1,0,13862,Driveway,Oil,Central AC,Asphalt Shingle,Crawl Space,Carpet,Vinyl Siding,Municipal,Municipal,Spring,149900.0,122414,-27486.0,-22.45,122252,-27648.0,-22.62,-162,-0.13,3.0,-56510.0,-50.29
PROP_0431,Tolland,Single Family,3,3.0,1924.0,45302.4,60,2,Distressed,2,0,0,0,1,0,0,25,20,1,1,0,0,0,6,64,56,1,0,7309,2034,30,2,0,0,0,3,49202,Street,Electric,,Asphalt Shingle,Slab,Laminate,Wood,Well,Municipal,Winter,312000.0,263799,-48201.0,-18.27,263837,-48163.0,-18.25,38,0.01,38.0,-112365.0,-40.14
PROP_0432,New Milford,Single Family,2,3.0,2700.0,8712.0,46,1,Fair,1,0,1,1,1,1,1,21,20,0,1,0,0,0,7,62,58,8,1,9806,3799,20,2,0,0,1,0,30716,Garage,Gas,,Asphalt Shingle,Basement,Tile,Vinyl Siding,Well,Municipal,Summer,699900.0,667626,-32274.0,-4.83,644997,-54903.0,-8.51,-22629,-3.39,22.0,-100619.0,-22.68
PROP_0433,Milford,Single Family,4,3.0,2886.0,3920.4,46,1,Fair,3,0,1,1,1,1,1,25,20,0,1,0,0,0,7,49,48,3,0,45791,15478,20,3,0,0,1,0,137348,Garage,Electric,,Asphalt Shingle,Crawl Space,Tile,Wood,Municipal,Municipal,Winter,2759000.0,3071605,312605.0,10.18,3071558,312558.0,10.18,-47,-0.0,32.0,160210.0,42.78
PROP_0434,Avon,Single Family,4,5.0,2888.0,87555.59999999999,65,2,Poor,3,0,1,1,0,0,1,25,20,0,1,0,0,0,6,36,35,3,0,9143,3020,180,2,0,0,1,1,40890,Street,Gas,Window Units,Asphalt Shingle,Basement,Tile,Vinyl Siding,Well,Septic,Winter,519900.0,609750,89850.0,14.74,609747,89847.0,14.74,-3,-0.0,43.0,33957.0,41.48
PROP_0435,Old Lyme,Single Family,5,3.0,2184.0,18730.8,57,1,Poor,3,0,1,0,1,0,0,25,20,0,1,0,0,0,7,55,54,10,0,24878,7452,60,0,0,0,1,0,71130,Street,Oil,Central AC,Asphalt Shingle,Slab,Carpet,Wood,Municipal,Septic,Fall,1250000.0,1149110,-100890.0,-8.78,1149253,-100747.0,-8.77,143,0.01,6.0,-186877.0,-35.03
PROP_0436,Greenwich,Single Family,5,7.0,7034.0,54450.0,41,2,Poor,3,0,0,1,0,1,1,22,17,1,0,0,0,0,6,30,21,4,1,87912,25040,30,1,0,0,0,0,538391,Garage,Electric,Window Units,Asphalt Shingle,Basement,Tile,Brick,Municipal,Municipal,Spring,4600000.0,4842992,242992.0,5.02,4237024,-362976.0,-8.57,-605968,-12.51,13.0,-916367.0,-106.18
PROP_0437,Branford,Townhouse,3,1.0,1210.0,37026.0,50,1,Fair,2,0,1,0,1,1,0,22,20,0,0,0,0,0,5,74,68,12,0,5236,1792,10,0,0,0,1,0,7662,Garage,Gas,Window Units,Asphalt Shingle,Crawl Space,Hardwood,Brick,Municipal,Municipal,Fall,309900.0,337533,27633.0,8.19,337244,27344.0,8.11,-289,-0.09,1.0,4682.0,16.89
PROP_0438,Plainville,Single Family,3,3.0,1478.0,12196.8,56,1,Poor,2,0,0,1,0,1,0,25,20,0,0,0,0,0,8,27,21,2,0,8465,2153,120,0,0,0,1,1,32203,Carport,Heat Pump,Central AC,Asphalt Shingle,Slab,Carpet,Vinyl Siding,Well,Municipal,Winter,349900.0,351693,1793.0,0.51,352040,2140.0,0.61,347,0.1,17.0,-45063.0,0.11
PROP_0439,Wilton,Single Family,5,6.0,5390.0,87555.59999999999,44,3,Fair,3,0,0,0,0,1,0,21,20,0,0,0,0,0,6,69,51,9,0,24715,11612,120,0,0,0,0,1,100263,Street,Gas,Central AC,Asphalt Shingle,Slab,Laminate,Vinyl Siding,Municipal,Septic,Summer,1799000.0,1835435,36435.0,1.99,1978232,179232.0,9.06,142797,7.78,17.0,63969.0,27.92
PROP_0440,Griswold,Townhouse,3,4.0,2064.0,273556.8,44,2,Fair,2,0,0,0,1,1,1,25,20,0,0,1,232,0,8,27,23,6,1,24859,6577,10,2,0,0,1,0,31798,Driveway,Gas,Window Units,Asphalt Shingle,Basement,Hardwood,Brick,Well,Septic,Spring,1100000.0,1260763,160763.0,12.75,1260706,160706.0,12.75,-57,-0.0,21.0,113908.0,41.09
PROP_0441,East Hartford,Condo,3,1.0,960.0,12632.4,54,1,Poor,2,0,0,0,0,1,1,23,20,1,0,1,108,0,8,60,49,7,1,4773,1334,90,3,0,0,0,0,15057,Driveway,Gas,Central AC,Metal,Slab,Carpet,Brick,Municipal,Municipal,Summer,219000.0,227947,8947.0,3.93,228043,9043.0,3.97,96,0.04,39.0,-21014.0,13.64
PROP_0442,Waterbury,Townhouse,4,3.0,2430.0,6098.400000000001,65,2,Poor,3,0,1,0,0,0,1,25,20,1,0,0,0,0,6,44,37,9,0,2220,1143,30,0,0,0,0,0,21599,Street,Electric,Central AC,Metal,Crawl Space,Hardwood,Wood,Municipal,Municipal,Summer,185000.0,185036,36.0,0.02,185083,83.0,0.04,47,0.03,3.0,-36516.0,-2.97
PROP_0443,Haddam,Townhouse,1,1.0,504.0,4791.6,56,1,Fair,0,0,1,0,1,0,1,25,20,0,0,1,445,0,7,63,45,5,1,3677,1082,10,1,0,0,1,0,9576,Garage,Oil,Central AC,Asphalt Shingle,Slab,Tile,Vinyl Siding,Well,Municipal,Spring,175000.0,174079,-921.0,-0.53,174108,-892.0,-0.51,29,0.02,11.0,-25468.0,-1.37
PROP_0444,Weston,Single Family,3,2.0,1518.0,18295.2,42,2,Poor,2,0,0,0,0,1,0,23,20,1,0,0,0,0,8,75,69,12,0,8352,4051,120,2,0,0,1,0,78908,Garage,Oil,Central AC,Asphalt Shingle,Slab,Laminate,Wood,Municipal,Municipal,Fall,685000.0,679968,-5032.0,-0.74,679979,-5021.0,-0.74,11,0.0,32.0,-98929.0,-4.97
PROP_0445,Branford,Single Family,4,3.0,3280.0,8712.0,57,2,Fair,3,0,1,0,0,1,1,25,20,0,1,0,0,0,9,70,58,8,1,10620,4308,10,0,1,0,0,0,27653,Driveway,Gas,Central AC,Metal,Basement,Tile,Wood,Municipal,Septic,Summer,779900.0,954450,174550.0,18.29,750511,-29389.0,-3.92,-203939,-21.37,21.0,-72042.0,-10.84
PROP_0446,Hamden,Single Family,3,3.0,1248.0,19602.0,47,1,Poor,2,0,0,1,1,1,0,25,19,1,0,0,0,0,6,61,60,10,0,6637,1638,20,0,0,0,1,0,19397,Garage,Oil,Central AC,Metal,Crawl Space,Carpet,Stucco,Municipal,Municipal,Fall,269000.0,261055,-7945.0,-3.04,261301,-7699.0,-2.95,246,0.09,2.0,-42096.0,-9.71
PROP_0447,Windsor,Townhouse,4,3.0,2402.0,8712.0,51,2,Fair,3,0,0,0,1,0,1,25,20,0,0,0,0,0,9,59,58,5,1,6845,2212,120,3,0,0,1,0,8939,Carport,Electric,Window Units,Asphalt Shingle,Crawl Space,Hardwood,Brick,Municipal,Municipal,Spring,339999.0,357806,17807.0,4.98,357861,17862.0,4.99,55,0.02,42.0,-6077.0,17.77
PROP_0448,Woodstock,Townhouse,2,3.0,1344.0,13068.0,61,1,Distressed,1,0,0,0,1,0,1,25,20,0,0,1,324,0,8,50,45,8,1,11143,2643,60,1,0,0,0,0,34528,Garage,Heat Pump,Central AC,Asphalt Shingle,Slab,Hardwood,Stucco,Municipal,Septic,Summer,459900.0,386494,-73406.0,-18.99,386549,-73351.0,-18.98,55,0.01,16.0,-122879.0,-47.05
PROP_0449,Farmington,Single Family,7,7.0,7180.0,50529.6,54,2,Poor,3,0,0,0,1,0,1,24,20,0,0,0,0,0,7,58,48,6,1,21919,8589,10,0,0,0,0,0,145771,Garage,Gas,Window Units,Asphalt Shingle,Basement,Hardwood,Wood,Municipal,Municipal,Spring,1395000.0,1411451,16451.0,1.17,1411515,16515.0,1.17,64,0.0,1.0,-144256.0,-11.89
PROP_0450,Milford,Single Family,3,4.0,2400.0,4356.0,51,1,Fair,2,0,1,0,1,1,0,25,20,1,0,0,0,0,7,61,46,3,0,19954,5193,60,0,0,0,0,0,35991,Driveway,Electric,Central AC,Asphalt Shingle,Slab,Carpet,Brick,Municipal,Municipal,Winter,825000.0,869612,44612.0,5.13,869637,44637.0,5.13,25,0.0,6.0,-6354.0,10.82
PROP_0451,Woodbury,Single Family,3,1.0,1056.0,17424.0,59,1,Poor,2,0,1,0,1,1,1,21,20,0,0,0,0,0,7,66,63,4,1,5868,1683,120,0,0,0,0,0,33465,Garage,Gas,Window Units,Asphalt Shingle,Basement,Hardwood,Vinyl Siding,Municipal,Municipal,Spring,294900.0,305298,10398.0,3.41,300967,6067.0,2.02,-4331,-1.42,12.0,-42398.0,2.2
PROP_0452,Thomaston,Townhouse,2,1.0,988.0,31798.8,61,1,Distressed,1,0,0,0,0,1,0,25,20,0,0,1,306,0,5,82,77,9,0,1169,484,20,0,0,0,1,0,10633,Street,Gas,Window Units,Asphalt Shingle,Slab,Hardwood,Vinyl Siding,Municipal,Municipal,Summer,85000.0,70977,-14023.0,-19.76,70999,-14001.0,-19.72,22,0.03,2.0,-39634.0,-43.0
PROP_0453,Hartford,Single Family,4,2.0,1368.0,6969.6,51,1,Fair,3,0,0,1,0,1,0,19,20,1,1,0,0,0,7,99,89,4,1,4222,1181,10,0,0,0,1,0,5036,Street,Gas,Central AC,Asphalt Shingle,Slab,Hardwood,Vinyl Siding,Municipal,Septic,Spring,195000.0,212054,17054.0,8.04,211992,16992.0,8.02,-62,-0.03,1.0,-3044.0,15.94
PROP_0454,Clinton,Single Family,3,3.0,2800.0,27442.8,47,1,Poor,2,0,0,1,1,1,1,25,20,0,0,0,0,0,6,56,44,9,0,23650,6161,10,2,0,0,1,0,86402,Carport,Electric,Central AC,Asphalt Shingle,Crawl Space,Hardwood,Vinyl Siding,Municipal,Municipal,Summer,1050000.0,995466,-54534.0,-5.48,995452,-54548.0,-5.48,-14,-0.0,21.0,-155950.0,-22.36
PROP_0455,Norwalk,Townhouse,1,1.0,519.0,8712.0,56,1,Fair,0,0,0,0,1,1,0,25,20,1,1,1,112,0,7,56,48,1,0,4070,1111,90,0,0,0,0,2,4467,Driveway,Gas,Central AC,Asphalt Shingle,Basement,Carpet,Brick,Municipal,Municipal,Winter,170000.0,170653,653.0,0.38,170818,818.0,0.48,165,0.1,19.0,-18649.0,2.9
PROP_0456,Colchester,Single Family,3,2.0,1600.0,6534.0,51,1,Fair,2,0,1,1,1,0,0,25,20,0,0,0,0,0,7,26,23,9,0,6764,2430,60,1,0,0,0,0,14695,Street,Oil,Window Units,Asphalt Shingle,Basement,Tile,Vinyl Siding,Municipal,Municipal,Summer,379900.0,429972,50072.0,11.65,430040,50140.0,11.66,68,0.02,16.0,20445.0,28.56
PROP_0457,Westport,Single Family,2,3.0,1759.0,8712.0,41,1,Fair,1,0,1,1,0,1,1,24,20,0,0,0,0,0,5,34,26,9,0,11527,5748,30,0,0,0,0,0,37411,Garage,Heat Pump,Central AC,Asphalt Shingle,Slab,Hardwood,Brick,Municipal,Municipal,Summer,929000.0,946906,17906.0,1.89,946872,17872.0,1.89,-34,-0.0,3.0,-34539.0,0.93
PROP_0458,Derby,Single Family,3,2.0,1253.0,7840.799999999999,57,1,Fair,2,0,0,0,1,1,0,25,20,0,1,0,0,0,7,89,86,8,1,3876,1434,120,0,0,0,1,0,10634,Driveway,Gas,Central AC,Asphalt Shingle,Basement,Tile,Brick,Well,Septic,Summer,229900.0,264128,34228.0,12.96,264127,34227.0,12.96,-1,-0.0,12.0,8593.0,29.18
PROP_0459,Darien,Single Family,4,2.0,2227.0,17859.6,52,2,Poor,3,0,0,0,0,0,0,25,20,1,0,0,0,0,8,78,61,2,0,20683,5295,120,1,0,0,1,0,60691,Garage,Electric,Window Units,Asphalt Shingle,Slab,Hardwood,Vinyl Siding,Municipal,Municipal,Winter,899000.0,981040,82040.0,8.36,980891,81891.0,8.35,-149,-0.02,22.0,6200.0,21.72
PROP_0460,Naugatuck,Single Family,2,2.0,1097.0,8712.0,53,1,Poor,1,0,1,1,1,0,1,25,20,1,1,0,0,0,6,72,62,3,0,1596,462,10,2,0,0,1,0,4791,Carport,Gas,Central AC,Tile,Basement,Carpet,Vinyl Siding,Municipal,Municipal,Winter,84900.0,83204,-1696.0,-2.04,83295,-1605.0,-1.93,91,0.11,21.0,-21396.0,-1.8
PROP_0461,Branford,Townhouse,3,3.0,2090.0,14810.4,51,2,Fair,2,0,0,0,0,1,0,25,20,0,0,1,197,0,5,65,63,11,0,5642,2857,20,2,0,0,1,0,26481,Driveway,Electric,Central AC,Asphalt Shingle,Crawl Space,Laminate,Vinyl Siding,Municipal,Municipal,Fall,449000.0,448237,-763.0,-0.17,448285,-715.0,-0.16,48,0.01,22.0,-42196.0,-0.14
PROP_0462,Wallingford,Single Family,3,3.0,2411.0,81892.79999999999,48,1,Fair,2,0,0,0,1,1,1,22,20,1,0,0,0,0,7,92,67,12,0,9145,3261,20,0,0,0,0,0,17146,Street,Electric,Window Units,Asphalt Shingle,Basement,Tile,Brick,Municipal,Municipal,Fall,579900.0,619672,39772.0,6.42,591925,12025.0,2.03,-27747,-4.48,2.0,-20121.0,2.45
PROP_0463,Stamford,Condo,1,1.0,677.0,8712.0,50,1,Fair,0,0,0,0,1,1,1,25,20,0,1,1,349,0,7,11,8,2,0,6763,1627,90,3,0,0,1,0,14143,Garage,Electric,Central AC,Asphalt Shingle,Basement,Hardwood,Vinyl Siding,Municipal,Municipal,Winter,294000.0,319346,25346.0,7.94,319362,25362.0,7.94,16,0.01,39.0,-3781.0,23.3
PROP_0464,Southbury,Townhouse,5,4.0,2152.0,98445.6,51,1,Poor,3,0,0,0,0,0,1,15,20,1,0,1,312,0,9,54,52,3,0,6835,2443,20,2,0,0,0,0,44699,Driveway,Gas,Window Units,Asphalt Shingle,Crawl Space,Hardwood,Vinyl Siding,Municipal,Septic,Winter,420000.0,414782,-5218.0,-1.26,414735,-5265.0,-1.27,-47,-0.01,22.0,-64964.0,-4.64
PROP_0465,Bridgeport,Townhouse,4,2.0,1704.0,3484.8,66,2,Poor,3,0,1,0,0,0,1,25,20,0,1,0,0,0,7,70,69,2,0,3045,958,10,1,0,0,1,0,10886,Driveway,Electric,Central AC,Asphalt Shingle,Slab,Hardwood,Brick,Municipal,Municipal,Winter,164900.0,178205,13305.0,7.47,178011,13111.0,7.37,-194,-0.11,11.0,-12775.0,15.66
PROP_0466,Ledyard,Single Family,3,1.0,1200.0,16117.2,62,1,Poor,2,0,0,0,1,0,0,25,20,0,0,0,0,0,7,70,68,4,1,2801,1118,60,0,0,0,1,0,13655,Driveway,Gas,Central AC,Asphalt Shingle,Crawl Space,Hardwood,Brick,Municipal,Municipal,Spring,175000.0,159029,-15971.0,-10.04,159436,-15564.0,-9.76,407,0.26,6.0,-44219.0,-22.74
PROP_0467,New Haven,Single Family,6,3.0,3207.0,16988.4,49,2,Fair,3,0,1,0,0,1,1,25,20,1,0,0,0,0,8,100,88,2,0,5365,1728,20,0,0,0,1,1,11276,Driveway,Gas,Central AC,Asphalt Shingle,Slab,Tile,Vinyl Siding,Well,Municipal,Winter,280000.0,315446,35446.0,11.24,315472,35472.0,11.24,26,0.01,7.0,9196.0,24.8
PROP_0468,Enfield,Single Family,3,3.0,1904.0,21780.0,56,2,Fair,2,0,0,1,1,1,1,25,20,0,0,0,0,0,7,77,69,11,0,6659,2053,90,0,0,0,1,0,13655,Driveway,Gas,Central AC,Asphalt Shingle,Basement,Laminate,Stucco,Municipal,Municipal,Fall,319900.0,364731,44831.0,12.29,364700,44800.0,12.28,-31,-0.01,9.0,16145.0,27.97
PROP_0469,Weston,Single Family,4,3.0,2688.0,87120.0,46,2,Fair,3,0,1,1,1,1,1,25,20,1,0,0,0,0,7,75,61,11,0,18038,5265,90,0,0,0,1,3,26522,Driveway,Oil,Central AC,Asphalt Shingle,Basement,Tile,Vinyl Siding,Well,Municipal,Fall,799000.0,852133,53133.0,6.24,852338,53338.0,6.26,205,0.02,24.0,11816.0,18.5
PROP_0470,Meriden,Condo,2,1.0,896.0,8712.0,56,1,Poor,1,0,1,0,1,1,0,25,20,1,1,1,414,0,8,81,64,7,1,975,419,60,0,0,0,1,0,4158,Street,Oil,,Asphalt Shingle,Slab,Laminate,Brick,Municipal,Septic,Summer,64900.0,59010,-5890.0,-9.98,59128,-5772.0,-9.76,118,0.2,6.0,-24930.0,-20.81
PROP_0471,Hamden,Single Family,4,2.0,1400.0,16117.2,52,1,Fair,3,0,0,1,1,1,0,25,20,1,0,0,0,0,8,80,63,8,1,3991,1762,20,1,1,0,1,0,17577,Garage,Oil,Central AC,Flat,Slab,Carpet,Brick,Well,Municipal,Summer,295000.0,350602,55602.0,15.86,350449,55449.0,15.82,-153,-0.04,32.0,22872.0,40.33
PROP_0472,Westport,Single Family,6,8.0,6811.0,54014.4,43,3,Fair,3,0,0,0,1,1,1,21,20,1,0,0,0,0,7,37,25,10,0,54922,21076,90,0,0,0,1,0,163718,Driveway,Gas,Window Units,Metal,Basement,Carpet,Vinyl Siding,Municipal,Municipal,Fall,3790000.0,4339484,549484.0,12.66,4339410,549410.0,12.66,-74,-0.0,9.0,370692.0,64.19
PROP_0473,Bridgeport,Single Family,9,3.0,3550.0,4791.6,59,2,Poor,3,0,0,1,1,1,1,25,20,0,0,0,0,0,7,27,25,8,1,9152,2752,120,1,0,0,1,2,26142,Garage,Heat Pump,Window Units,Asphalt Shingle,Slab,Carpet,Vinyl Siding,Municipal,Municipal,Summer,495000.0,537102,42102.0,7.84,537000,42000.0,7.82,-102,-0.02,32.0,858.0,22.13
PROP_0474,West Hartford,Single Family,4,3.0,1798.0,10454.4,62,2,Distressed,3,0,0,0,1,0,1,23,20,1,0,0,0,0,8,15,10,2,0,4633,1952,30,2,0,0,0,0,62957,Driveway,Electric,Central AC,Metal,Basement,Hardwood,Brick,Municipal,Municipal,Winter,360000.0,328306,-31694.0,-9.65,328285,-31715.0,-9.66,-21,-0.01,23.0,-109672.0,-25.69
PROP_0475,Wilton,Single Family,3,1.0,1188.0,31798.8,60,1,Poor,2,0,1,1,0,1,0,19,20,0,1,0,0,0,5,85,79,8,1,8326,2793,180,3,0,0,1,0,52792,Driveway,Gas,Central AC,Asphalt Shingle,Basement,Laminate,Brick,Well,Municipal,Summer,479900.0,555578,75678.0,13.62,555558,75658.0,13.62,-20,-0.0,48.0,7866.0,37.63
PROP_0476,Cheshire,Single Family,4,4.0,2461.0,29185.2,52,2,Poor,3,0,0,1,0,0,1,20,20,0,0,0,0,0,7,51,47,5,1,6654,2908,30,0,0,0,1,1,46881,Garage,Gas,Window Units,Asphalt Shingle,Basement,Hardwood,Wood,Municipal,Municipal,Spring,534900.0,521311,-13589.0,-2.61,521210,-13690.0,-2.63,-101,-0.02,8.0,-75571.0,-11.22
PROP_0477,Norwalk,Single Family,3,2.0,2049.0,6534.0,55,2,Fair,2,0,0,0,0,1,0,18,20,0,0,0,0,0,8,68,50,3,0,11432,2730,120,1,0,0,0,0,21799,Garage,Electric,Central AC,Asphalt Shingle,Crawl Space,Carpet,Brick,Municipal,Septic,Winter,460000.0,468628,8628.0,1.84,468630,8630.0,1.84,2,0.0,22.0,-28169.0,5.26
PROP_0478,Bristol,Single Family,3,3.0,1902.0,26136.0,52,1,Poor,2,0,1,0,1,0,0,25,20,1,0,0,0,0,8,73,68,6,1,5618,2412,10,0,0,0,1,0,22951,Driveway,Gas,,Asphalt Shingle,Slab,Carpet,Vinyl Siding,Municipal,Septic,Spring,389900.0,400047,10147.0,2.54,400107,10207.0,2.55,60,0.01,1.0,-27744.0,2.53
PROP_0479,Danbury,Single Family,3,1.0,1092.0,8712.0,45,1,Fair,2,0,0,0,1,1,1,25,19,0,0,0,0,0,9,16,12,12,0,5994,2160,120,1,0,0,0,2,18533,Garage,Electric,Central AC,Flat,Basement,Hardwood,Wood,Municipal,Municipal,Fall,349900.0,351144,1244.0,0.35,393982,44082.0,11.19,42838,12.2,32.0,10549.0,29.83
PROP_0480,Wallingford,Townhouse,3,1.0,1015.0,11325.6,51,1,Poor,2,0,0,0,0,1,1,25,20,0,0,1,237,0,8,53,40,11,0,2530,1156,10,0,0,0,1,0,13691,Garage,Gas,Central AC,Asphalt Shingle,Slab,Laminate,Brick,Municipal,Septic,Fall,195000.0,186851,-8149.0,-4.36,186843,-8157.0,-4.37,-8,-0.0,1.0,-36848.0,-12.22
PROP_0481,Groton,Single Family,3,3.0,1700.0,4356.0,61,2,Poor,2,0,0,0,0,0,0,24,20,1,0,0,0,0,6,47,39,12,0,3951,1746,10,1,0,0,1,0,25417,Driveway,Electric,Central AC,Asphalt Shingle,Slab,Tile,Vinyl Siding,Well,Municipal,Fall,279000.0,288830,9830.0,3.4,288660,9660.0,3.35,-170,-0.06,11.0,-30757.0,5.82
PROP_0482,Woodbridge,Single Family,3,2.0,1292.0,25264.8,57,1,Fair,2,0,0,1,1,0,1,20,20,1,0,0,0,0,6,59,51,9,0,6482,1889,120,1,0,0,1,2,18898,Driveway,Electric,Central AC,Asphalt Shingle,Slab,Hardwood,Vinyl Siding,Well,Municipal,Summer,339000.0,348051,9051.0,2.6,348012,9012.0,2.59,-39,-0.01,32.0,-24886.0,9.09
PROP_0483,Danbury,Single Family,4,3.0,1544.0,20037.6,63,2,Distressed,3,0,1,1,1,1,1,25,20,1,0,0,0,0,5,21,16,9,0,4455,2111,180,1,0,0,0,0,58472,Street,Gas,Window Units,Metal,Basement,Hardwood,Vinyl Siding,Municipal,Municipal,Summer,329000.0,349243,20243.0,5.8,349192,20192.0,5.78,-51,-0.01,28.0,-53280.0,11.83
PROP_0484,Southbury,Single Family,4,3.0,3052.0,75794.4,54,3,Fair,3,1,1,0,0,1,0,25,20,0,1,0,0,0,7,54,51,7,1,14253,4154,30,1,0,0,0,1,24723,Garage,Gas,Window Units,Asphalt Shingle,Basement,Laminate,Brick,Well,Septic,Summer,699900.0,755887,55987.0,7.41,755954,56054.0,7.42,67,0.01,18.0,16331.0,20.07
PROP_0485,Weston,Single Family,5,4.0,3466.0,87120.0,49,2,Poor,3,0,0,0,0,1,0,19,20,0,0,0,0,0,6,73,60,4,1,15200,5527,30,2,0,0,1,1,70287,Street,Electric,Central AC,Tile,Basement,Laminate,Vinyl Siding,Municipal,Municipal,Spring,995000.0,1056304,61304.0,5.8,1056176,61176.0,5.79,-128,-0.01,28.0,-24111.0,14.77
PROP_0486,Hamden,Townhouse,3,2.0,1200.0,8712.0,59,1,Fair,2,0,0,0,1,0,1,25,20,0,1,1,460,0,7,49,46,1,0,2411,610,30,0,0,0,0,0,4892,Driveway,Gas,Central AC,Tile,Crawl Space,Laminate,Vinyl Siding,Well,Municipal,Winter,99000.0,94614,-4386.0,-4.64,110523,11523.0,10.43,15909,16.81,3.0,-8369.0,20.62
PROP_0487,Cheshire,Single Family,4,5.0,3338.0,26136.0,50,3,Poor,3,0,1,0,1,1,1,25,20,0,0,0,0,0,6,44,38,6,1,10718,3470,20,1,0,0,0,0,63514,Driveway,Heat Pump,Window Units,Asphalt Shingle,Crawl Space,Laminate,Stucco,Municipal,Municipal,Spring,569900.0,597181,27281.0,4.57,597166,27266.0,4.57,-15,-0.0,12.0,-51248.0,6.42
PROP_0488,New Canaan,Townhouse,2,2.0,1236.0,8712.0,40,1,Poor,1,0,0,0,1,1,0,18,20,0,0,1,265,0,5,63,48,12,0,18434,9590,10,1,0,0,0,0,120577,Driveway,Gas,,Asphalt Shingle,Crawl Space,Laminate,Stucco,Municipal,Septic,Fall,1495000.0,1357539,-137461.0,-10.13,1357513,-137487.0,-10.13,-26,-0.0,11.0,-273064.0,-45.37
PROP_0489,East Haven,Condo,2,2.0,960.0,23086.800000000003,57,1,Poor,1,0,1,0,1,1,0,25,20,1,1,1,389,0,7,63,60,1,0,6333,1602,10,0,0,0,1,1,15517,Carport,Gas,Central AC,Asphalt Shingle,Slab,Carpet,Vinyl Siding,Well,Municipal,Winter,267000.0,290182,23182.0,7.99,290160,23160.0,7.98,-22,-0.01,6.0,-7357.0,16.42
PROP_0490,Canton,Single Family,4,4.0,2886.0,148104.0,45,2,Poor,3,0,0,1,1,1,1,17,20,0,1,0,0,0,6,94,77,2,0,10228,4744,120,2,0,0,1,1,33787,Street,Gas,Central AC,Asphalt Shingle,Basement,Tile,Wood,Municipal,Municipal,Winter,790000.0,782195,-7805.0,-1.0,782201,-7799.0,-1.0,6,0.0,37.0,-56586.0,-0.26
PROP_0491,Berlin,Single Family,4,3.0,2799.0,351964.8,48,2,Fair,3,0,0,1,0,1,1,25,20,0,0,0,0,0,8,75,54,7,1,10529,3326,30,0,0,0,0,0,25452,Driveway,Electric,Central AC,Asphalt Shingle,Slab,Carpet,Vinyl Siding,Well,Septic,Summer,510000.0,559304,49304.0,8.82,559264,49264.0,8.81,-40,-0.01,3.0,8812.0,19.1
PROP_0492,Killingworth,Condo,2,2.0,986.0,8712.0,52,1,Fair,1,0,0,0,0,1,1,25,20,1,0,1,220,0,9,41,32,1,0,2270,613,20,0,0,0,1,0,4279,Garage,Electric,Central AC,Asphalt Shingle,Basement,Carpet,Brick,Well,Municipal,Winter,109000.0,123144,14144.0,11.49,123130,14130.0,11.48,-14,-0.01,2.0,-5149.0,22.85
PROP_0493,Simsbury,Single Family,4,2.0,1226.0,14810.4,45,1,Fair,3,0,0,1,0,1,1,25,20,0,1,0,0,0,5,34,29,7,1,3908,1977,20,0,0,0,1,1,13546,Carport,Oil,Window Units,Metal,Slab,Carpet,Brick,Municipal,Municipal,Summer,319700.0,367162,47462.0,12.93,327311,7611.0,2.33,-39851,-10.85,7.0,-20935.0,3.97
PROP_0494,Southington,Single Family,3,1.0,1200.0,22651.2,64,1,Poor,2,0,1,1,0,1,1,25,20,1,1,0,0,0,9,58,55,5,1,4665,1519,60,1,0,0,1,0,29258,Garage,Gas,Central AC,Metal,Basement,Carpet,Brick,Municipal,Municipal,Spring,270000.0,283496,13496.0,4.76,255500,-14500.0,-5.68,-27996,-9.88,16.0,-58758.0,-14.04
PROP_0495,Bridgeport,Single Family,4,1.0,1152.0,4791.6,52,1,Fair,3,0,1,1,1,1,0,25,20,0,0,0,0,0,9,87,66,7,1,3629,1638,20,1,0,0,1,0,8665,Garage,Gas,Window Units,Asphalt Shingle,Basement,Hardwood,Brick,Municipal,Municipal,Summer,269000.0,270772,1772.0,0.65,270828,1828.0,0.67,56,0.02,12.0,-21837.0,1.56
PROP_0496,Windsor,Single Family,4,3.0,2853.0,30056.4,49,2,Fair,3,1,1,1,0,1,1,25,20,0,0,0,0,0,6,58,47,9,0,5421,2424,10,0,0,0,1,0,16214,Driveway,Gas,,Asphalt Shingle,Slab,Tile,Wood,Municipal,Municipal,Summer,419900.0,458568,38668.0,8.43,458639,38739.0,8.45,71,0.02,1.0,7525.0,17.85
PROP_0497,Torrington,Single Family,3,2.0,1056.0,11761.2,64,1,Poor,2,0,1,1,1,1,0,25,20,1,0,0,0,0,8,33,24,9,0,4836,1225,60,1,0,0,1,0,18006,Driveway,Gas,Central AC,Asphalt Shingle,Crawl Space,Carpet,Brick,Municipal,Municipal,Summer,195000.0,191949,-3051.0,-1.59,192063,-2937.0,-1.53,114,0.06,16.0,-35943.0,-3.45
PROP_0498,Simsbury,Single Family,2,2.0,1369.0,8712.0,55,1,Fair,1,0,1,1,1,1,1,25,20,1,0,0,0,0,7,74,63,11,0,4942,2029,10,0,0,0,1,1,12398,Driveway,Electric,Window Units,Tile,Slab,Carpet,Vinyl Siding,Municipal,Municipal,Fall,315000.0,305043,-9957.0,-3.26,305286,-9714.0,-3.18,243,0.08,6.0,-37112.0,-8.87
PROP_0499,Brookfield,Single Family,3,1.0,1140.0,16988.4,44,1,Poor,2,0,0,0,1,1,1,25,20,1,1,0,0,0,6,13,9,6,1,7399,1952,30,2,1,0,0,0,23315,Driveway,Gas,Window Units,Tile,Basement,Tile,Brick,Municipal,Municipal,Spring,356900.0,413340,56440.0,13.65,380886,23986.0,6.3,-32454,-7.85,43.0,-14329.0,19.77
PROP_0500,Windham,Single Family,3,1.0,3547.0,21344.4,62,2,Distressed,2,0,0,1,0,1,1,25,20,0,1,0,0,0,8,60,57,10,0,3087,1094,90,0,0,0,1,3,14561,Garage,Gas,Central AC,Metal,Crawl Space,Hardwood,Vinyl Siding,Municipal,Municipal,Fall,180000.0,166974,-13026.0,-7.8,166986,-13014.0,-7.79,12,0.01,24.0,-42575.0,-15.04
PROP_0501,New Haven,Single Family,2,1.0,1061.0,8712.0,67,1,Poor,1,0,0,0,1,1,0,22,20,0,0,0,0,0,7,24,21,12,0,1902,533,90,0,0,0,1,0,4443,Driveway,Heat Pump,Central AC,Asphalt Shingle,Slab,Carpet,Vinyl Siding,Municipal,Municipal,Fall,85000.0,86394,1394.0,1.61,86354,1354.0,1.57,-40,-0.05,9.0,-18089.0,3.13
PROP_0502,Stratford,Single Family,3,1.0,1008.0,5227.2,47,1,Fair,2,0,1,0,0,1,1,18,20,0,1,0,0,0,7,65,58,4,1,4591,1673,30,2,0,1,1,1,14893,Driveway,Heat Pump,Window Units,Asphalt Shingle,Slab,Laminate,Brick,Well,Municipal,Spring,265000.0,338044,73044.0,21.61,337998,72998.0,21.6,-46,-0.01,43.0,43105.0,56.11
PROP_0503,Torrington,Single Family,5,2.0,2230.0,4356.0,48,2,Fair,3,0,1,0,1,1,1,25,20,0,0,0,0,0,8,40,33,10,0,3841,1038,20,0,0,0,0,2,4535,Carport,Gas,Central AC,Metal,Crawl Space,Carpet,Brick,Municipal,Septic,Fall,189900.0,189293,-607.0,-0.32,189234,-666.0,-0.35,-59,-0.03,12.0,-20201.0,-0.32
PROP_0504,Watertown,Single Family,3,3.0,1533.0,8712.0,64,2,Distressed,2,0,0,1,1,1,1,24,20,0,1,0,0,0,7,62,43,9,0,3743,1630,180,0,0,0,1,0,22703,Driveway,Oil,Window Units,Asphalt Shingle,Basement,Hardwood,Wood,Municipal,Municipal,Summer,249900.0,238778,-11122.0,-4.66,238889,-11011.0,-4.61,111,0.05,18.0,-48714.0,-10.49
PROP_0505,Manchester,Single Family,6,2.0,3661.0,108900.0,65,2,Poor,3,0,1,0,0,1,0,25,20,0,0,0,0,0,6,76,53,3,0,7998,2604,30,2,0,0,1,1,39193,Driveway,Gas,Central AC,Flat,Slab,Hardwood,Brick,Municipal,Septic,Winter,399000.0,364274,-34726.0,-9.53,364372,-34628.0,-9.5,98,0.03,28.0,-88821.0,-22.28
PROP_0506,New Haven,Single Family,7,5.0,2791.0,4791.6,60,2,Distressed,3,0,1,0,0,0,1,25,20,0,0,0,0,0,8,65,54,7,1,8329,3792,10,2,0,0,1,0,78770,Street,Electric,Central AC,Asphalt Shingle,Crawl Space,Carpet,Brick,Municipal,Municipal,Summer,625000.0,518149,-106851.0,-20.62,518212,-106788.0,-20.61,63,0.01,21.0,-200558.0,-57.08
PROP_0507,Hamden,Single Family,3,2.0,1293.0,3920.4,45,1,Fair,2,0,1,0,0,1,1,25,20,0,0,0,0,0,6,36,30,10,0,3740,1665,10,0,0,0,1,0,5980,Driveway,Gas,Central AC,Asphalt Shingle,Basement,Laminate,Brick,Municipal,Municipal,Fall,289900.0,285071,-4829.0,-1.69,285114,-4786.0,-1.68,43,0.02,1.0,-25766.0,-5.74
PROP_0508,Bridgeport,Single Family,5,2.0,3426.0,4356.0,55,2,Fair,3,0,1,1,1,0,1,25,20,1,1,0,0,0,6,70,52,11,0,5470,2231,20,0,0,0,0,0,20283,Garage,Gas,Central AC,Asphalt Shingle,Basement,Tile,Brick,Well,Municipal,Fall,339000.0,386338,47338.0,12.25,386256,47256.0,12.23,-82,-0.02,2.0,11973.0,26.06
PROP_0509,Middletown,Single Family,3,2.0,1186.0,8712.0,54,1,Fair,2,0,0,0,1,1,1,25,20,0,1,0,0,0,9,67,57,11,0,2326,1121,20,0,0,0,1,2,9383,Garage,Gas,Central AC,Asphalt Shingle,Slab,Carpet,Vinyl Siding,Municipal,Septic,Fall,174900.0,185634,10734.0,5.78,185551,10651.0,5.74,-83,-0.04,12.0,-13732.0,12.51
PROP_0510,Westport,Single Family,5,5.0,4000.0,11761.2,34,2,Fair,3,1,1,1,0,1,1,21,20,0,1,0,0,0,6,62,58,8,1,80911,22647,10,0,0,0,0,0,113099,Carport,Gas,Window Units,Asphalt Shingle,Crawl Space,Hardwood,Vinyl Siding,Well,Municipal,Summer,3999000.0,4376871,377871.0,8.63,4376863,377863.0,8.63,-8,-0.0,1.0,249764.0,42.44
PROP_0511,Greenwich,Single Family,5,6.0,4847.0,174240.0,54,2,Poor,3,1,1,0,1,0,1,24,20,1,0,0,0,0,8,34,30,9,0,53799,16871,30,0,0,0,1,0,259635,Driveway,Heat Pump,Central AC,Asphalt Shingle,Basement,Laminate,Brick,Municipal,Municipal,Summer,2890000.0,3115524,225524.0,7.24,3115456,225456.0,7.24,-68,-0.0,3.0,-49179.0,10.16
PROP_0512,New Milford,Single Family,3,2.0,1556.0,18730.8,44,2,Fair,2,0,0,0,1,1,1,25,20,1,1,0,0,0,5,21,19,3,0,7124,2639,60,1,0,0,0,3,21358,Garage,Heat Pump,Central AC,Asphalt Shingle,Basement,Carpet,Vinyl Siding,Well,Septic,Winter,439000.0,497122,58122.0,11.69,497130,58130.0,11.69,8,0.0,31.0,21772.0,31.76
PROP_0513,New Haven,Condo,2,1.0,841.0,11761.2,47,1,Poor,1,0,0,0,1,1,0,25,20,0,0,1,393,0,7,62,55,1,0,2645,1185,60,0,0,0,0,0,21829,Carport,Gas,Central AC,Metal,Slab,Carpet,Vinyl Siding,Municipal,Septic,Winter,210000.0,205344,-4656.0,-2.27,189710,-20290.0,-10.7,-15634,-7.61,6.0,-57119.0,-25.91
PROP_0514,Bristol,Townhouse,2,2.0,1008.0,8712.0,58,1,Fair,1,0,0,0,1,1,1,25,20,0,1,0,0,0,6,90,79,8,1,3104,1102,10,2,0,0,0,3,7612,Carport,Gas,Window Units,Asphalt Shingle,Basement,Tile,Brick,Municipal,Municipal,Summer,168900.0,189178,20278.0,10.72,189121,20221.0,10.69,-57,-0.03,36.0,-2391.0,28.34
PROP_0515,Plymouth,Single Family,2,3.0,1420.0,8712.0,51,1,Fair,1,0,0,1,1,1,1,25,20,0,1,0,0,0,8,72,68,6,1,5111,1353,60,0,0,0,1,1,11568,Driveway,Electric,Window Units,Asphalt Shingle,Basement,Laminate,Vinyl Siding,Municipal,Septic,Spring,225000.0,224768,-232.0,-0.1,224962,-38.0,-0.02,194,0.09,11.0,-26606.0,-0.5
PROP_0516,Bridgeport,Single Family,4,3.0,2032.0,7405.200000000001,46,2,Poor,3,0,0,0,0,1,0,25,20,0,1,0,0,0,7,33,28,2,0,8267,2722,30,0,0,0,0,0,50950,Driveway,Oil,Central AC,Metal,Basement,Hardwood,Stucco,Municipal,Municipal,Winter,469900.0,439709,-30191.0,-6.87,439835,-30065.0,-6.84,126,0.03,3.0,-96015.0,-22.68
PROP_0517,Brookfield,Single Family,4,3.0,1880.0,40075.2,54,2,Fair,3,0,1,1,1,0,1,25,20,0,0,0,0,0,8,22,16,2,0,12071,2704,60,0,1,0,0,0,26867,Street,Gas,Central AC,Asphalt Shingle,Crawl Space,Hardwood,Wood,Municipal,Septic,Winter,500000.0,625725,125725.0,20.09,625826,125826.0,20.11,101,0.02,26.0,83959.0,53.82
PROP_0518,Windsor,Condo,2,1.0,949.0,10018.8,64,1,Poor,1,0,0,0,1,1,0,19,20,1,0,1,163,0,6,82,69,2,0,3907,1279,30,0,0,0,1,0,24106,Driveway,Electric,Central AC,Asphalt Shingle,Crawl Space,Carpet,Vinyl Siding,Municipal,Municipal,Winter,209900.0,198819,-11081.0,-5.57,198861,-11039.0,-5.55,42,0.02,3.0,-50145.0,-15.51
PROP_0519,New Milford,Townhouse,2,2.0,1026.0,8712.0,65,1,Distressed,1,0,0,0,1,1,1,25,20,0,0,1,158,0,8,63,55,8,1,2289,1233,90,0,0,1,1,1,15182,Garage,Oil,Window Units,Asphalt Shingle,Slab,Tile,Vinyl Siding,Municipal,Septic,Summer,187500.0,242856,55356.0,22.79,242884,55384.0,22.8,28,0.01,29.0,25202.0,53.92
PROP_0520,Bridgeport,Single Family,10,6.0,4988.0,7840.799999999999,48,2,Fair,3,1,1,0,0,1,1,23,20,0,0,0,0,0,9,75,52,2,0,8735,2460,60,0,0,0,1,0,14389,Driveway,Electric,Central AC,Asphalt Shingle,Slab,Carpet,Wood,Municipal,Septic,Winter,420000.0,440081,20081.0,4.56,439956,19956.0,4.54,-125,-0.03,6.0,-9433.0,9.34
PROP_0521,Ansonia,Single Family,4,2.0,1554.0,4356.0,55,2,Fair,3,0,1,0,0,1,1,25,20,1,1,0,0,0,7,90,71,3,0,5562,1678,30,2,0,0,1,1,9271,Garage,Electric,Central AC,Flat,Slab,Hardwood,Vinyl Siding,Municipal,Municipal,Winter,275000.0,293915,18915.0,6.44,303672,28672.0,9.44,9757,3.32,28.0,4401.0,24.92
PROP_0522,Ellington,Townhouse,2,2.0,1016.0,43995.6,63,1,Distressed,1,0,0,0,1,1,1,25,20,0,1,1,144,0,6,26,21,9,0,5918,1340,120,0,0,0,1,0,42692,Driveway,Oil,Window Units,Asphalt Shingle,Crawl Space,Hardwood,Brick,Municipal,Septic,Summer,244000.0,197787,-46213.0,-23.37,223933,-20067.0,-8.96,26146,13.22,12.0,-77759.0,-23.3
PROP_0523,Weston,Single Family,5,6.0,5393.0,58370.4,47,2,Fair,3,0,0,1,1,1,1,25,20,0,0,0,0,0,7,72,51,5,1,47506,14824,30,1,0,0,1,0,78892,Driveway,Electric,Central AC,Asphalt Shingle,Slab,Tile,Brick,Well,Municipal,Spring,2350000.0,2311651,-38349.0,-1.66,2311910,-38090.0,-1.65,259,0.01,13.0,-131982.0,-13.9
PROP_0524,Stamford,Single Family,2,2.0,1335.0,8712.0,54,1,Poor,1,0,0,0,1,1,1,25,20,1,0,0,0,0,6,29,23,6,1,12703,3119,60,0,0,0,1,0,51695,Driveway,Electric,Central AC,Asphalt Shingle,Slab,Hardwood,Stucco,Municipal,Septic,Spring,514000.0,549645,35645.0,6.49,549556,35556.0,6.47,-89,-0.02,6.0,-31139.0,11.03
PROP_0525,Westport,Townhouse,3,2.0,1397.0,13068.0,36,1,Fair,2,0,1,0,1,1,1,25,18,0,1,0,0,0,9,76,75,3,0,20067,6308,20,0,0,0,1,2,46501,Garage,Gas,Central AC,Asphalt Shingle,Slab,Hardwood,Wood,Municipal,Municipal,Winter,975000.0,1074323,99323.0,9.25,1074378,99378.0,9.25,55,0.01,12.0,37877.0,24.69
PROP_0526,New Milford,Single Family,3,1.0,1144.0,21344.4,65,1,Distressed,2,0,0,0,0,1,0,21,20,1,0,0,0,0,7,64,49,4,1,3197,877,10,1,0,1,0,0,28583,Garage,Heat Pump,Central AC,Asphalt Shingle,Crawl Space,Carpet,Brick,Municipal,Municipal,Spring,160000.0,193922,33922.0,17.49,157582,-2418.0,-1.53,-36340,-18.74,26.0,-46001.0,-2.46
PROP_0527,Ledyard,Single Family,4,4.0,3388.0,60112.8,51,2,Fair,3,1,1,1,1,1,1,25,20,1,1,0,0,0,7,75,74,9,0,8475,2235,20,0,0,0,0,2,18353,Street,Gas,Central AC,Tile,Basement,Hardwood,Brick,Municipal,Municipal,Summer,340000.0,356419,16419.0,4.61,409246,69246.0,16.92,52827,14.82,12.0,35893.0,39.83
PROP_0528,Shelton,Single Family,4,3.0,1575.0,6098.400000000001,62,2,Distressed,3,0,0,1,1,1,0,25,20,0,0,0,0,0,8,42,31,4,1,4064,1109,30,0,0,0,1,0,17113,Street,Electric,Central AC,Metal,Slab,Tile,Wood,Municipal,Septic,Spring,205000.0,175190,-29810.0,-17.02,170720,-34280.0,-20.08,-4470,-2.55,3.0,-66393.0,-46.2
PROP_0529,Torrington,Condo,1,1.0,768.0,36590.4,49,1,Poor,0,0,0,0,1,1,0,19,20,1,0,1,292,0,7,79,68,6,1,2533,655,180,1,0,0,0,1,8560,Garage,Electric,Central AC,Asphalt Shingle,Basement,Tile,Brick,Well,Municipal,Spring,115000.0,153032,38032.0,24.85,133171,18171.0,13.64,-19861,-12.98,33.0,-5389.0,33.34
PROP_0530,Watertown,Single Family,4,1.0,1368.0,6534.0,50,1,Poor,3,0,1,0,0,0,1,21,20,0,1,0,0,0,7,68,62,2,0,5131,1383,60,0,0,0,1,0,12427,Driveway,Electric,Central AC,Asphalt Shingle,Slab,Laminate,Vinyl Siding,Municipal,Municipal,Winter,219926.0,202420,-17506.0,-8.65,202826,-17100.0,-8.43,406,0.2,6.0,-44527.0,-20.11
PROP_0531,Cromwell,Single Family,3,2.0,1284.0,40510.8,48,1,Poor,2,0,0,0,1,1,1,25,20,1,1,0,0,0,9,85,61,4,1,7142,1967,30,1,0,0,1,0,17982,Garage,Gas,Central AC,Tile,Basement,Hardwood,Vinyl Siding,Municipal,Municipal,Spring,329900.0,322115,-7785.0,-2.42,322489,-7411.0,-2.3,374,0.12,13.0,-40393.0,-6.04
PROP_0532,Plainfield,Single Family,3,2.0,1200.0,42253.2,51,1,Fair,2,0,0,1,0,1,1,16,20,0,1,0,0,0,8,85,64,3,0,6980,2451,30,3,0,0,0,0,14748,Garage,Gas,Central AC,Asphalt Shingle,Crawl Space,Tile,Brick,Municipal,Municipal,Winter,379900.0,391439,11539.0,2.95,391569,11669.0,2.98,130,0.03,33.0,-18079.0,10.75
PROP_0533,Madison,Single Family,4,3.0,1802.0,55756.8,49,2,Poor,3,0,0,0,1,1,1,25,20,0,0,0,0,0,5,53,40,7,1,6741,3081,30,0,0,0,1,0,51547,Carport,Gas,Central AC,Asphalt Shingle,Crawl Space,Hardwood,Wood,Municipal,Municipal,Summer,475000.0,442119,-32881.0,-7.44,442432,-32568.0,-7.36,313,0.07,3.0,-99115.0,-24.03
PROP_0534,Oxford,Townhouse,3,3.0,2400.0,93654.0,60,2,Poor,2,0,0,0,1,1,1,25,20,1,0,0,0,0,7,57,50,5,1,8312,2808,60,1,0,0,1,0,47327,Driveway,Gas,Window Units,Tile,Basement,Hardwood,Brick,Municipal,Septic,Spring,469900.0,508625,38725.0,7.61,472421,2521.0,0.53,-36204,-7.12,16.0,-59806.0,-1.72
PROP_0535,Canterbury,Single Family,3,3.0,2123.0,50093.99999999999,49,2,Poor,2,0,0,0,1,1,1,25,20,0,0,0,0,0,5,72,56,6,1,5749,2030,20,0,0,0,0,1,31973,Driveway,Heat Pump,Window Units,Asphalt Shingle,Slab,Carpet,Stucco,Municipal,Septic,Spring,349900.0,364882,14982.0,4.11,364885,14985.0,4.11,3,0.0,7.0,-31988.0,6.42
PROP_0536,West Haven,Single Family,2,1.0,1068.0,5662.8,60,1,Distressed,1,0,1,1,1,1,0,25,20,1,0,0,0,0,9,94,70,5,1,3270,1181,10,0,0,0,0,0,21358,Driveway,Electric,Central AC,Metal,Basement,Hardwood,Wood,Municipal,Septic,Spring,199900.0,190553,-9347.0,-4.91,190501,-9399.0,-4.93,-52,-0.03,1.0,-45757.0,-14.24
PROP_0537,Windsor,Single Family,2,2.0,1224.0,8712.0,61,1,Poor,1,0,1,0,0,1,1,25,20,0,1,0,0,0,7,35,33,4,1,5058,1356,30,3,1,0,0,0,19750,Driveway,Electric,Central AC,Asphalt Shingle,Slab,Carpet,Vinyl Siding,Municipal,Municipal,Spring,215000.0,258608,43608.0,16.86,258614,43614.0,16.86,6,0.0,53.0,8864.0,45.21
PROP_0538,Stamford,Single Family,2,2.0,1064.0,8712.0,56,1,Poor,1,0,0,1,0,1,1,21,20,1,1,0,0,0,7,74,68,7,1,4341,1935,30,1,0,0,1,2,29991,Garage,Oil,,Asphalt Shingle,Basement,Hardwood,Vinyl Siding,Municipal,Septic,Summer,319000.0,302528,-16472.0,-5.44,302561,-16439.0,-5.43,33,0.01,23.0,-61430.0,-12.4
PROP_0539,Darien,Single Family,4,2.0,2500.0,8712.0,47,2,Poor,3,0,0,0,1,1,1,23,20,1,1,0,0,0,7,98,71,11,0,23568,7493,20,0,0,0,1,0,88573,Carport,Gas,Central AC,Asphalt Shingle,Slab,Carpet,Vinyl Siding,Municipal,Municipal,Fall,1150000.0,1240438,90438.0,7.29,1240393,90393.0,7.29,-45,-0.0,2.0,-13180.0,13.66
PROP_0540,West Haven,Townhouse,2,1.0,903.0,8712.0,50,1,Fair,1,0,0,0,0,1,0,22,20,0,0,1,211,0,8,81,63,9,0,3126,1254,20,0,0,0,1,0,8771,Driveway,Gas,Window Units,Asphalt Shingle,Crawl Space,Tile,Vinyl Siding,Municipal,Municipal,Summer,225000.0,214899,-10101.0,-4.7,215010,-9990.0,-4.65,111,0.05,2.0,-33761.0,-12.28
PROP_0541,Windham,Single Family,8,6.0,3824.0,127195.2,58,2,Fair,3,0,0,0,1,1,1,20,20,0,0,0,0,0,7,59,58,1,0,7763,2411,10,1,0,0,1,0,24333,Garage,Gas,Window Units,Asphalt Shingle,Slab,Hardwood,Stucco,Municipal,Municipal,Winter,424900.0,423166,-1734.0,-0.41,423130,-1770.0,-0.42,-36,-0.01,11.0,-41103.0,-2.75
PROP_0542,New Canaan,Single Family,5,4.0,3122.0,89297.99999999999,56,3,Fair,3,0,1,0,1,1,0,23,20,0,1,0,0,0,8,47,35,3,0,18804,5044,30,0,0,0,1,2,48317,Street,Gas,Window Units,Asphalt Shingle,Slab,Laminate,Vinyl Siding,Municipal,Municipal,Winter,848000.0,856835,8835.0,1.03,920253,72253.0,7.85,63418,7.4,13.0,8936.0,19.19
PROP_0543,Westport,Single Family,4,4.0,3330.0,9583.2,39,3,Fair,3,0,1,1,0,1,1,11,18,0,0,0,0,0,7,87,77,10,0,42015,14213,180,0,0,0,1,0,104431,Driveway,Electric,Central AC,Metal,Basement,Laminate,Wood,Well,Septic,Fall,2600000.0,3371710,771710.0,22.89,2357900,-242100.0,-10.27,-1013810,-30.07,18.0,-361531.0,-53.09
PROP_0544,Plainfield,Single Family,3,2.0,1226.0,34412.4,52,1,Poor,2,0,1,0,1,0,1,25,20,1,1,0,0,0,7,75,55,4,1,6089,1887,20,0,0,0,1,1,23952,Garage,Gas,Central AC,Tile,Slab,Carpet,Stucco,Well,Septic,Spring,315000.0,322923,7923.0,2.45,322763,7763.0,2.41,-160,-0.05,7.0,-31189.0,3.1
PROP_0545,Cos Cob,Single Family,5,5.0,3866.0,69260.40000000001,44,2,Poor,3,1,0,0,1,1,0,17,20,0,1,0,0,0,5,31,23,11,0,43899,16626,10,0,0,0,1,0,279295,Garage,Gas,Central AC,Asphalt Shingle,Basement,Hardwood,Wood,Well,Municipal,Fall,2595000.0,2597151,2151.0,0.08,2597164,2164.0,0.08,13,0.0,1.0,-292131.0,-28.85
PROP_0546,Guilford,Single Family,3,3.0,2080.0,80150.40000000001,45,2,Fair,2,0,1,0,0,1,1,25,20,0,1,0,0,0,9,54,47,3,0,10508,2844,20,2,0,0,1,0,23843,Driveway,Gas,Window Units,Asphalt Shingle,Crawl Space,Hardwood,Vinyl Siding,Municipal,Municipal,Winter,439900.0,429558,-10342.0,-2.41,430062,-9838.0,-2.29,504,0.12,22.0,-48681.0,-5.05
PROP_0547,Glastonbury,Single Family,3,2.0,1384.0,47916.00000000001,49,1,Fair,2,0,1,1,1,1,1,25,20,0,0,0,0,0,7,94,86,4,1,7410,1864,20,2,0,0,0,0,8313,Garage,Heat Pump,Window Units,Asphalt Shingle,Basement,Carpet,Stucco,Municipal,Septic,Spring,309900.0,317559,7659.0,2.41,317633,7733.0,2.43,74,0.02,22.0,-15580.0,7.7
PROP_0548,Waterbury,Single Family,2,2.0,1050.0,8712.0,54,1,Fair,1,0,0,0,0,1,0,19,20,1,0,0,0,0,6,52,48,1,0,3247,817,20,0,0,0,0,1,4837,Garage,Gas,Central AC,Metal,Slab,Carpet,Wood,Well,Municipal,Winter,129900.0,124787,-5113.0,-4.1,150048,20148.0,13.43,25261,20.24,7.0,311.0,28.29
PROP_0549,Middletown,Single Family,3,3.0,1555.0,21780.0,49,2,Fair,2,0,1,1,1,1,0,20,20,1,1,0,0,0,7,80,56,8,1,4420,1669,120,3,0,0,1,0,15135,Garage,Heat Pump,Central AC,Asphalt Shingle,Basement,Carpet,Stucco,Municipal,Septic,Summer,299900.0,305163,5263.0,1.72,330028,30128.0,9.13,24865,8.15,42.0,-7.0,26.66
PROP_0550,Ellington,Townhouse,6,4.0,2432.0,63162.0,62,1,Distressed,3,0,0,0,0,0,1,25,20,0,1,0,0,0,7,98,78,9,0,4326,1799,120,1,0,0,0,0,57195,Driveway,Gas,Central AC,Flat,Crawl Space,Hardwood,Vinyl Siding,Municipal,Municipal,Summer,319900.0,260254,-59646.0,-22.92,260240,-59660.0,-22.92,-14,-0.01,22.0,-131855.0,-54.63
PROP_0551,Bridgeport,Single Family,4,2.0,1287.0,10018.8,53,1,Fair,3,0,0,1,1,1,0,22,20,1,0,0,0,0,6,61,59,11,0,7069,2044,90,2,0,0,1,0,19046,Street,Gas,Central AC,Asphalt Shingle,Crawl Space,Tile,Vinyl Siding,Municipal,Municipal,Fall,325000.0,354037,29037.0,8.2,353943,28943.0,8.18,-94,-0.03,29.0,-5103.0,21.65
PROP_0552,Ridgefield,Single Family,5,8.0,6776.0,93218.4,63,2,Distressed,3,1,0,1,0,0,1,25,20,1,0,0,0,0,7,91,88,5,1,18698,7534,10,0,0,0,1,1,133676,Garage,Gas,Window Units,Asphalt Shingle,Slab,Laminate,Brick,Municipal,Municipal,Spring,1295000.0,1129549,-165451.0,-14.65,1129542,-165458.0,-14.65,-7,-0.0,6.0,-314134.0,-59.51
PROP_0553,Southington,Single Family,2,2.0,1706.0,8712.0,47,2,Poor,1,0,1,0,1,1,0,25,19,0,1,0,0,0,7,6,5,8,1,3122,1125,120,1,0,0,1,0,14916,Driveway,Gas,Window Units,Asphalt Shingle,Slab,Hardwood,Brick,Municipal,Septic,Summer,199995.0,203935,3940.0,1.93,203919,3924.0,1.92,-16,-0.01,22.0,-25992.0,5.64
PROP_0554,Norwalk,Single Family,4,2.0,1276.0,8276.4,43,1,Fair,3,0,1,1,1,1,0,18,20,1,0,0,0,0,8,70,64,1,0,7153,2634,120,0,0,0,0,0,19876,Street,Electric,Central AC,Asphalt Shingle,Crawl Space,Tile,Vinyl Siding,Municipal,Municipal,Winter,449000.0,513419,64419.0,12.55,440275,-8725.0,-1.98,-73144,-14.25,12.0,-43601.0,-5.92
PROP_0555,New London,Single Family,2,2.0,1050.0,8712.0,59,1,Fair,1,0,1,1,1,0,1,25,20,1,1,0,0,0,7,75,66,2,0,2329,602,10,1,0,0,1,0,3714,Driveway,Gas,Central AC,Metal,Slab,Tile,Brick,Municipal,Municipal,Winter,109900.0,124741,14841.0,11.9,124485,14585.0,11.72,-256,-0.21,11.0,-4129.0,25.23
PROP_0556,Wallingford,Single Family,4,4.0,4261.0,81021.6,61,2,Poor,3,0,1,0,0,0,0,25,20,1,0,0,0,0,7,61,45,5,1,15359,4554,30,1,0,0,0,2,74556,Driveway,Electric,Central AC,Asphalt Shingle,Basement,Laminate,Brick,Municipal,Municipal,Spring,699900.0,691645,-8255.0,-1.19,691698,-8202.0,-1.19,53,0.01,23.0,-97758.0,-7.56
PROP_0557,Winchester,Single Family,3,2.0,1248.0,9147.6,62,1,Poor,2,0,0,0,1,1,0,25,20,0,0,0,0,0,8,33,26,6,1,745,384,20,0,0,0,1,0,5128,Garage,Electric,Central AC,Asphalt Shingle,Basement,Laminate,Brick,Municipal,Municipal,Spring,59900.0,57410,-2490.0,-4.34,57503,-2397.0,-4.17,93,0.16,2.0,-22525.0,-10.19
PROP_0558,Groton,Single Family,4,4.0,3009.0,12632.4,54,2,Fair,3,0,1,1,1,1,0,21,20,0,0,0,0,0,7,90,67,11,0,34170,9014,90,0,0,0,1,1,76876,Driveway,Gas,Central AC,Asphalt Shingle,Crawl Space,Carpet,Vinyl Siding,Municipal,Septic,Fall,1399000.0,1433881,34881.0,2.43,1434129,35129.0,2.45,248,0.02,14.0,-56747.0,2.03
PROP_0559,Greenwich,Single Family,7,7.0,7015.0,250470.0,40,2,Fair,3,0,1,1,1,1,1,15,20,0,0,0,0,0,5,57,55,2,0,78512,27334,20,0,0,0,0,1,172106,Driveway,Gas,Window Units,Asphalt Shingle,Slab,Carpet,Wood,Municipal,Septic,Winter,4750000.0,4804741,54741.0,1.14,4431239,-318761.0,-7.19,-373502,-7.77,7.0,-505867.0,-63.57
PROP_0560,New Haven,Single Family,3,2.0,1086.0,8712.0,50,1,Poor,2,0,0,0,1,1,1,15,20,0,0,0,0,0,5,84,72,4,1,4526,1316,90,0,0,0,1,0,9610,Garage,Gas,Window Units,Flat,Basement,Carpet,Stucco,Municipal,Municipal,Spring,220000.0,237989,17989.0,7.56,238035,18035.0,7.58,46,0.02,9.0,-6575.0,16.3
PROP_0561,Meriden,Single Family,3,2.0,1318.0,7840.799999999999,62,1,Poor,2,0,1,1,1,1,1,25,20,1,1,0,0,0,5,62,54,8,1,4086,1527,10,1,0,0,1,0,26601,Driveway,Electric,,Asphalt Shingle,Crawl Space,Hardwood,Wood,Municipal,Municipal,Summer,245000.0,238762,-6238.0,-2.61,238749,-6251.0,-2.62,-13,-0.01,11.0,-47852.0,-7.83
PROP_0562,East Granby,Single Family,3,2.0,1368.0,20473.199999999997,55,1,Fair,2,0,1,1,1,1,1,25,20,0,1,0,0,0,7,53,38,7,1,4610,1575,10,3,0,0,1,0,9623,Street,Oil,Window Units,Asphalt Shingle,Crawl Space,Hardwood,Vinyl Siding,Municipal,Septic,Summer,250000.0,260401,10401.0,3.99,260428,10428.0,4.0,27,0.01,31.0,-14195.0,12.78
PROP_0563,Monroe,Single Family,4,3.0,2736.0,43995.6,51,2,Fair,3,1,1,0,0,1,1,25,20,1,0,0,0,0,9,44,40,7,1,9937,4006,60,2,0,0,1,2,39153,Garage,Gas,Central AC,Asphalt Shingle,Slab,Hardwood,Brick,Municipal,Municipal,Summer,699000.0,709552,10552.0,1.49,709577,10577.0,1.49,25,0.0,36.0,-43576.0,5.82
PROP_0564,Tolland,Single Family,3,2.0,1008.0,64468.8,48,1,Poor,2,0,0,1,0,1,1,23,20,0,0,0,0,0,6,36,30,11,0,3188,1111,180,1,0,0,1,0,18609,Street,Electric,Central AC,Metal,Crawl Space,Carpet,Wood,Municipal,Municipal,Fall,175000.0,178042,3042.0,1.71,178079,3079.0,1.73,37,0.02,28.0,-30530.0,6.01
PROP_0565,Greenwich,Townhouse,1,1.0,674.0,8712.0,45,1,Fair,0,0,0,0,1,1,1,15,20,0,0,0,0,0,9,60,44,11,0,6505,2099,90,0,0,0,0,0,11095,Carport,Gas,Central AC,Asphalt Shingle,Crawl Space,Carpet,Vinyl Siding,Municipal,Septic,Fall,349000.0,335451,-13549.0,-4.04,335502,-13498.0,-4.02,51,0.02,9.0,-39593.0,-10.2
PROP_0566,Wallingford,Single Family,5,2.0,1603.0,9583.2,50,2,Fair,3,0,1,0,0,1,1,15,20,0,1,0,0,0,6,84,59,10,0,7145,1888,120,1,0,0,1,0,11137,Street,Heat Pump,Central AC,Asphalt Shingle,Basement,Carpet,Vinyl Siding,Municipal,Municipal,Fall,324900.0,369412,44512.0,12.05,369184,44284.0,12.0,-228,-0.06,22.0,18147.0,30.21
PROP_0567,Bridgeport,Townhouse,4,2.0,2160.0,4791.6,52,2,Fair,3,0,0,0,1,0,0,20,20,1,1,1,247,0,5,75,69,1,0,8848,2533,60,0,0,0,1,1,9639,Street,Heat Pump,Central AC,Asphalt Shingle,Slab,Hardwood,Vinyl Siding,Municipal,Municipal,Winter,399000.0,394406,-4594.0,-1.16,394501,-4499.0,-1.14,95,0.02,11.0,-29138.0,-2.99
PROP_0568,Milford,Single Family,3,3.0,1920.0,3049.2000000000003,57,2,Fair,2,0,0,1,1,1,0,25,20,0,0,0,0,0,7,91,78,3,0,17745,4767,60,0,0,0,1,0,38943,Driveway,Oil,,Asphalt Shingle,Basement,Carpet,Brick,Municipal,Municipal,Winter,795000.0,851887,56887.0,6.68,851870,56870.0,6.68,-17,-0.0,6.0,2927.0,14.85
PROP_0569,Bridgeport,Single Family,2,1.0,1023.0,8712.0,56,1,Poor,1,0,0,0,1,0,1,19,20,0,1,0,0,0,9,46,41,2,0,2587,917,10,0,0,0,1,1,14904,Street,Oil,Central AC,Tile,Crawl Space,Carpet,Wood,Municipal,Septic,Winter,159900.0,151505,-8395.0,-5.54,151620,-8280.0,-5.46,115,0.08,6.0,-38184.0,-13.54
PROP_0570,West Haven,Condo,1,1.0,807.0,8712.0,51,1,Fair,0,0,0,0,0,1,1,25,20,1,0,1,453,1,6,46,41,6,1,2893,778,30,2,0,0,1,0,3225,Carport,Oil,Central AC,Asphalt Shingle,Crawl Space,Hardwood,Vinyl Siding,Municipal,Septic,Spring,129000.0,124873,-4127.0,-3.3,145920,16920.0,11.6,21047,16.85,23.0,-1305.0,27.67
PROP_0571,Meriden,Single Family,2,2.0,1488.0,202989.6,61,1,Poor,1,0,0,1,1,1,1,25,20,0,0,0,0,0,7,54,48,9,0,8908,2546,30,1,0,0,1,0,51161,Carport,Electric,Central AC,Metal,Crawl Space,Hardwood,Stucco,Well,Municipal,Summer,440000.0,401429,-38571.0,-9.61,401510,-38490.0,-9.59,81,0.02,13.0,-104651.0,-27.05
PROP_0572,Norwich,Townhouse,4,2.0,1600.0,2613.6,64,2,Poor,3,0,0,0,0,0,0,25,20,0,1,1,291,0,6,58,48,6,1,4881,1703,60,0,0,0,1,0,34259,Garage,Gas,Central AC,Asphalt Shingle,Crawl Space,Hardwood,Brick,Well,Municipal,Spring,299900.0,309135,9235.0,2.99,309128,9228.0,2.99,-7,-0.0,6.0,-40031.0,3.18
PROP_0573,Vernon,Townhouse,4,3.0,2055.0,6969.6,49,2,Poor,3,0,0,0,1,1,0,25,20,1,0,1,190,0,7,48,41,2,0,3551,1330,20,3,0,0,1,0,14738,Driveway,Gas,Central AC,Asphalt Shingle,Basement,Carpet,Vinyl Siding,Municipal,Municipal,Winter,229000.0,246031,17031.0,6.92,245906,16906.0,6.87,-125,-0.05,32.0,-12832.0,18.86
PROP_0574,Easton,Townhouse,4,2.0,1593.0,40510.8,46,2,Fair,3,0,1,0,1,1,0,17,20,0,0,1,474,1,6,43,40,1,0,6554,2697,30,0,0,0,0,0,18981,Driveway,Heat Pump,Window Units,Asphalt Shingle,Basement,Laminate,Stucco,Municipal,Municipal,Winter,470000.0,533111,63111.0,11.84,533087,63087.0,11.83,-24,-0.0,3.0,29106.0,27.17
PROP_0575,Woodbridge,Single Family,3,3.0,2325.0,91040.4,47,2,Poor,2,0,0,1,1,1,1,25,18,0,0,0,0,0,5,32,26,9,0,6931,2416,30,1,0,0,0,0,25258,Driveway,Gas,Central AC,Flat,Slab,Carpet,Wood,Municipal,Municipal,Summer,399000.0,365847,-33153.0,-9.06,365899,-33101.0,-9.05,52,0.01,13.0,-73359.0,-22.84
PROP_0576,Middlebury,Townhouse,3,3.0,2485.0,8712.0,57,2,Poor,2,0,1,0,0,1,0,17,20,1,1,0,0,0,6,50,38,9,0,14152,3202,20,2,0,0,1,2,43160,Driveway,Gas,Central AC,Asphalt Shingle,Crawl Space,Tile,Vinyl Siding,Municipal,Septic,Summer,586995.0,561462,-25533.0,-4.55,561397,-25598.0,-4.56,-65,-0.01,32.0,-83758.0,-11.1
PROP_0577,Southbury,Condo,1,1.0,528.0,83199.59999999999,44,1,Fair,0,0,1,0,0,1,0,25,20,0,0,1,464,1,5,67,51,10,0,3866,1125,10,0,0,0,1,1,3790,Carport,Electric,Central AC,Asphalt Shingle,Basement,Laminate,Vinyl Siding,Municipal,Municipal,Fall,175000.0,170232,-4768.0,-2.8,170208,-4792.0,-2.82,-24,-0.01,6.0,-23582.0,-6.8
PROP_0578,Marlborough,Single Family,4,3.0,2560.0,80150.40000000001,56,2,Fair,3,0,1,1,0,1,1,23,20,0,0,0,0,0,7,60,56,1,0,13081,3873,30,1,0,0,1,0,30895,Driveway,Oil,Central AC,Asphalt Shingle,Crawl Space,Hardwood,Vinyl Siding,Municipal,Municipal,Winter,587000.0,616255,29255.0,4.75,618921,31921.0,5.16,2666,0.43,13.0,-13974.0,11.52
PROP_0579,Old Greenwich,Single Family,5,5.0,5800.0,50529.6,49,3,Fair,3,0,1,1,1,1,0,25,20,0,0,0,0,0,8,84,61,4,1,67184,18581,60,2,0,0,1,3,114227,Garage,Oil,Window Units,Asphalt Shingle,Slab,Hardwood,Brick,Municipal,Septic,Spring,2999000.0,3328975,329975.0,9.91,3328905,329905.0,9.91,-70,-0.0,41.0,200678.0,48.09
PROP_0580,Danbury,Townhouse,3,3.0,2103.0,8712.0,49,2,Poor,2,0,0,0,0,1,0,19,20,1,1,1,168,0,7,76,63,12,0,18308,4868,120,0,1,0,1,1,67855,Street,Oil,Window Units,Asphalt Shingle,Basement,Hardwood,Stucco,Municipal,Municipal,Fall,740450.0,938822,198372.0,21.13,938882,198432.0,21.13,60,0.01,37.0,115577.0,61.22
PROP_0581,Guilford,Single Family,4,4.0,3200.0,43995.6,54,3,Fair,3,0,1,1,1,1,0,25,20,0,0,0,0,0,6,72,54,8,1,15626,5420,60,2,0,0,0,1,20532,Carport,Gas,Window Units,Asphalt Shingle,Slab,Carpet,Wood,Municipal,Septic,Summer,824900.0,939479,114579.0,12.2,939384,114484.0,12.19,-95,-0.01,31.0,78952.0,38.48
PROP_0582,East Hampton,Single Family,4,4.0,4903.0,35719.2,46,2,Fair,3,0,0,1,0,1,0,21,18,1,0,0,0,0,7,63,48,3,0,15592,5822,30,2,0,1,1,1,46137,Driveway,Gas,Central AC,Asphalt Shingle,Crawl Space,Laminate,Vinyl Siding,Well,Municipal,Winter,975000.0,1257626,282626.0,22.47,1257575,282575.0,22.47,-51,-0.0,43.0,221438.0,75.68
PROP_0583,Norwalk,Single Family,2,2.0,1193.0,10018.8,54,1,Poor,1,0,0,0,1,1,1,22,20,0,0,0,0,0,7,55,50,7,1,9603,3033,60,0,0,0,0,0,46838,Driveway,Gas,Central AC,Asphalt Shingle,Basement,Laminate,Vinyl Siding,Municipal,Municipal,Summer,465000.0,461034,-3966.0,-0.86,494543,29543.0,5.97,33509,7.27,6.0,-32295.0,9.91
PROP_0584,Bridgeport,Condo,2,1.0,880.0,8712.0,50,1,Poor,1,0,0,0,1,0,1,25,20,1,0,1,140,0,9,62,55,9,0,2240,864,90,2,0,0,1,0,15081,Carport,Gas,Central AC,Asphalt Shingle,Slab,Carpet,Brick,Municipal,Municipal,Summer,137500.0,140270,2770.0,1.97,146227,8727.0,5.97,5957,4.25,29.0,-21354.0,15.6
PROP_0585,Cheshire,Single Family,3,3.0,3901.0,107593.2,50,2,Poor,2,0,1,1,0,1,0,23,20,0,1,0,0,0,9,56,54,7,1,14260,3919,20,1,0,0,1,2,38417,Driveway,Oil,Central AC,Metal,Crawl Space,Carpet,Brick,Municipal,Septic,Summer,609900.0,650097,40197.0,6.18,650124,40224.0,6.19,27,0.0,22.0,-13193.0,15.46
PROP_0586,Wilton,Single Family,4,2.0,2348.0,87120.0,54,2,Poor,3,0,1,0,0,1,1,25,20,0,0,0,0,0,8,75,67,9,0,13485,4055,60,0,0,0,1,0,54061,Garage,Oil,Window Units,Asphalt Shingle,Basement,Tile,Wood,Municipal,Municipal,Summer,627000.0,663766,36766.0,5.54,663774,36774.0,5.54,8,0.0,6.0,-32287.0,9.05
PROP_0587,Stratford,Single Family,2,2.0,1486.0,8712.0,50,1,Fair,1,0,0,1,0,0,0,25,20,1,1,0,0,0,7,59,57,5,1,7564,2005,30,2,0,0,0,0,14196,Driveway,Gas,Central AC,Asphalt Shingle,Slab,Tile,Wood,Municipal,Municipal,Spring,319000.0,353622,34622.0,9.79,353564,34564.0,9.78,-58,-0.02,23.0,5368.0,24.7
PROP_0588,Southbury,Single Family,4,3.0,2950.0,138956.4,51,2,Fair,3,0,0,0,0,1,1,25,20,0,0,0,0,0,7,57,46,3,0,14454,3739,120,3,0,0,0,0,19028,Garage,Gas,Central AC,Asphalt Shingle,Crawl Space,Tile,Vinyl Siding,Municipal,Municipal,Winter,589900.0,592204,2304.0,0.39,592326,2426.0,0.41,122,0.02,42.0,-31602.0,6.06
PROP_0589,Weston,Single Family,3,3.0,2052.0,101930.4,53,2,Fair,2,0,1,1,1,0,1,25,20,1,0,0,0,0,5,72,57,9,0,15569,3482,10,1,0,0,0,1,22701,Driveway,Electric,Window Units,Flat,Slab,Hardwood,Vinyl Siding,Municipal,Municipal,Summer,625000.0,702050,77050.0,10.98,689987,64987.0,9.42,-12063,-1.72,16.0,27286.0,24.77
PROP_0590,Fairfield,Single Family,3,3.0,1450.0,16988.4,57,1,Poor,2,0,1,0,0,0,0,25,20,1,1,0,0,0,6,56,45,3,0,15584,4297,30,1,0,0,1,0,57593,Driveway,Gas,Window Units,Asphalt Shingle,Crawl Space,Hardwood,Vinyl Siding,Municipal,Municipal,Winter,775000.0,712479,-62521.0,-8.78,753412,-21588.0,-2.87,40933,5.75,13.0,-94181.0,-12.56
PROP_0591,Clinton,Single Family,6,3.0,2500.0,7840.799999999999,50,1,Poor,3,0,0,0,0,1,0,24,20,1,0,0,0,0,7,12,11,11,0,12445,4887,30,0,0,0,0,2,81988,Carport,Gas,Central AC,Asphalt Shingle,Basement,Carpet,Wood,Municipal,Municipal,Fall,764500.0,692530,-71970.0,-10.39,692520,-71980.0,-10.39,-10,-0.0,13.0,-168968.0,-35.08
PROP_0592,Madison,Single Family,4,4.0,2864.0,80586.0,47,2,Poor,3,0,0,1,1,1,1,25,20,1,0,0,0,0,9,42,30,9,0,11043,4359,60,1,0,0,0,0,71983,Garage,Electric,Central AC,Asphalt Shingle,Crawl Space,Tile,Wood,Well,Municipal,Summer,699900.0,738710,38810.0,5.25,738124,38224.0,5.18,-586,-0.08,16.0,-48759.0,8.68
PROP_0593,Norwich,Single Family,3,1.0,1456.0,779723.9999999999,59,1,Poor,2,0,0,0,1,0,1,25,20,1,0,0,0,0,8,20,17,8,1,6445,2276,20,0,0,0,0,0,23360,Driveway,Gas,Central AC,Tile,Basement,Carpet,Vinyl Siding,Municipal,Municipal,Summer,379900.0,411989,32089.0,7.79,412032,32132.0,7.8,43,0.01,2.0,-6228.0,15.38
PROP_0594,Waterford,Single Family,1,1.0,1014.0,8712.0,64,1,Distressed,0,0,0,1,0,0,1,25,20,0,1,0,0,0,7,93,75,8,1,3714,1150,20,1,0,0,1,1,18284,Street,Heat Pump,Window Units,Asphalt Shingle,Slab,Tile,Brick,Well,Municipal,Summer,185000.0,160782,-24218.0,-15.06,160772,-24228.0,-15.07,-10,-0.01,17.0,-57512.0,-32.49
PROP_0595,Windham,Single Family,3,2.0,1620.0,8712.0,51,2,Poor,2,0,1,0,0,0,0,25,20,1,0,0,0,0,7,32,27,12,0,1991,714,30,0,0,0,1,0,10664,Driveway,Gas,Central AC,Asphalt Shingle,Slab,Tile,Vinyl Siding,Municipal,Municipal,Fall,109500.0,104760,-4740.0,-4.52,124582,15082.0,12.11,19822,18.92,3.0,-10582.0,23.76
PROP_0596,New Milford,Townhouse,3,2.0,1201.0,17859.6,59,1,Poor,2,0,0,0,0,1,0,25,20,1,1,0,0,0,7,22,15,1,0,4347,1743,10,0,0,0,1,0,16441,Garage,Oil,Central AC,Asphalt Shingle,Slab,Laminate,Brick,Municipal,Municipal,Winter,275000.0,259177,-15823.0,-6.11,259374,-15626.0,-6.02,197,0.08,1.0,-47067.0,-16.55
PROP_0597,New Haven,Townhouse,6,2.0,2224.0,6969.6,52,2,Fair,3,0,1,0,1,1,0,25,20,0,0,1,320,0,7,65,47,7,1,6673,1581,20,2,0,0,1,0,9777,Garage,Electric,Central AC,Asphalt Shingle,Basement,Tile,Vinyl Siding,Municipal,Municipal,Summer,290000.0,284455,-5545.0,-1.95,284508,-5492.0,-1.93,53,0.02,22.0,-30269.0,-2.49
PROP_0598,Mansfield,Townhouse,4,2.0,1480.0,22651.2,61,1,Poor,3,0,0,0,1,0,0,25,20,1,0,1,359,0,5,45,40,10,0,4886,1419,60,3,0,0,1,1,18651,Street,Gas,Window Units,Asphalt Shingle,Slab,Carpet,Brick,Municipal,Municipal,Fall,229900.0,223688,-6212.0,-2.78,223684,-6216.0,-2.78,-4,-0.0,41.0,-39867.0,-1.35
PROP_0599,Middletown,Townhouse,2,1.0,709.0,8712.0,49,1,Fair,1,0,0,0,1,1,1,25,20,0,0,1,330,0,7,70,61,1,0,1979,586,90,0,0,0,1,0,4389,Garage,Electric,Central AC,Asphalt Shingle,Slab,Laminate,Vinyl Siding,Municipal,Septic,Winter,95000.0,101496,6496.0,6.4,104623,9623.0,9.2,3127,3.08,9.0,-9766.0,19.22
PROP_0600,Darien,Single Family,5,6.0,5477.0,23958.000000000004,56,2,Poor,3,1,1,1,0,1,1,25,20,0,0,0,0,0,7,86,60,2,0,46760,13968,10,1,0,0,0,0,186516,Garage,Gas,Central AC,Asphalt Shingle,Crawl Space,Carpet,Wood,Well,Municipal,Winter,2450000.0,2360890,-89110.0,-3.77,2360841,-89159.0,-3.78,-49,-0.0,11.0,-290675.0,-34.43
PROP_0601,Milford,Condo,1,1.0,902.0,8712.0,47,1,Poor,0,0,0,0,1,1,1,25,20,0,1,1,161,0,6,41,33,8,1,4598,1607,180,2,1,0,1,0,22359,Garage,Oil,Central AC,Asphalt Shingle,Basement,Carpet,Wood,Municipal,Municipal,Summer,264900.0,299495,34595.0,11.55,302892,37992.0,12.54,3397,1.13,58.0,633.0,36.74
PROP_0602,Wilton,Single Family,4,4.0,2896.0,87555.59999999999,62,2,Distressed,3,0,1,0,1,1,1,19,20,0,1,0,0,0,6,87,69,7,1,16058,5184,20,0,0,0,1,0,97641,Garage,Gas,Central AC,Metal,Slab,Carpet,Vinyl Siding,Municipal,Municipal,Summer,959000.0,933594,-25406.0,-2.72,933447,-25553.0,-2.74,-147,-0.02,2.0,-138194.0,-18.9
PROP_0603,East Hartford,Single Family,3,2.0,1850.0,14810.4,52,1,Fair,2,0,1,1,1,1,0,25,20,0,0,0,0,0,6,39,32,11,0,5318,1313,180,0,0,0,0,0,11320,Garage,Oil,Central AC,Metal,Crawl Space,Tile,Vinyl Siding,Municipal,Municipal,Fall,239900.0,321229,81329.0,25.32,321255,81355.0,25.32,26,0.01,18.0,55035.0,59.74
PROP_0604,Naugatuck,Single Family,3,4.0,2104.0,7840.799999999999,65,2,Poor,2,0,0,1,0,1,1,21,20,1,1,0,0,0,6,73,59,4,1,8241,1996,20,1,0,0,1,0,30933,Garage,Electric,Central AC,Asphalt Shingle,Slab,Carpet,Vinyl Siding,Municipal,Septic,Spring,369000.0,350717,-18283.0,-5.21,354187,-14813.0,-4.18,3470,0.99,12.0,-60746.0,-12.03
PROP_0605,Norwalk,Townhouse,1,1.0,582.0,8712.0,62,1,Distressed,0,0,0,0,1,0,1,25,20,0,1,1,274,0,5,57,50,2,0,2526,845,60,0,0,0,0,0,20814,Carport,Oil,Central AC,Asphalt Shingle,Basement,Hardwood,Brick,Municipal,Municipal,Winter,129900.0,111910,-17990.0,-16.08,111917,-17983.0,-16.07,7,0.01,6.0,-53797.0,-36.32
PROP_0606,Danbury,Single Family,4,2.0,1557.0,31363.199999999997,62,2,Poor,3,0,1,0,1,1,0,23,20,0,0,0,0,0,5,58,46,6,1,4634,2250,30,2,0,0,0,1,40722,Driveway,Gas,Window Units,Asphalt Shingle,Slab,Laminate,Vinyl Siding,Municipal,Municipal,Spring,349900.0,327274,-22626.0,-6.91,327460,-22440.0,-6.85,186,0.06,28.0,-78162.0,-15.92
PROP_0607,Danbury,Single Family,2,3.0,1783.0,8712.0,45,2,Poor,1,0,1,0,0,1,1,17,20,1,1,0,0,0,8,70,55,4,1,5214,2360,60,2,0,0,1,0,35815,Street,Gas,Central AC,Asphalt Shingle,Slab,Hardwood,Vinyl Siding,Municipal,Septic,Spring,389000.0,413011,24011.0,5.81,412689,23689.0,5.74,-322,-0.08,26.0,-27126.0,13.97
PROP_0608,New Haven,Single Family,10,4.0,4241.0,5662.8,48,3,Poor,3,0,1,0,0,1,1,25,20,0,0,0,0,0,7,100,71,1,0,15981,5302,10,0,0,0,1,3,51503,Garage,Heat Pump,Central AC,Asphalt Shingle,Crawl Space,Hardwood,Vinyl Siding,Municipal,Municipal,Winter,912000.0,828309,-83691.0,-10.1,828257,-83743.0,-10.11,-52,-0.01,16.0,-150246.0,-32.04
PROP_0609,Hartford,Single Family,9,3.0,4344.0,5227.2,57,2,Poor,3,0,0,0,1,1,1,21,20,0,0,0,0,0,5,31,21,2,0,3973,1955,180,0,0,1,0,0,35354,Carport,Gas,Central AC,Tile,Crawl Space,Carpet,Brick,Well,Municipal,Winter,319900.0,377992,58092.0,15.37,377961,58061.0,15.36,-31,-0.01,33.0,7707.0,38.09
PROP_0610,Fairfield,Single Family,4,4.0,2871.0,19166.4,48,2,Poor,3,0,0,0,1,1,1,14,20,1,1,0,0,0,7,62,50,2,0,28671,7826,120,1,0,0,0,1,148445,Driveway,Gas,Central AC,Flat,Basement,Hardwood,Brick,Municipal,Septic,Winter,1400000.0,1459145,59145.0,4.05,1459071,59071.0,4.05,-74,-0.01,27.0,-104374.0,3.06
PROP_0611,Waterford,Townhouse,2,1.0,720.0,15245.999999999998,58,1,Fair,1,0,0,0,0,1,0,25,20,1,0,1,478,0,6,67,50,4,1,3236,1129,20,1,0,0,0,0,7249,Street,Gas,Central AC,Flat,Slab,Carpet,Vinyl Siding,Municipal,Municipal,Spring,190000.0,185654,-4346.0,-2.34,185651,-4349.0,-2.34,-3,-0.0,12.0,-26598.0,-4.94
PROP_0612,Avon,Single Family,4,3.0,2800.0,32670.0,55,2,Poor,3,1,0,0,0,1,0,25,20,1,1,0,0,0,9,58,42,5,1,12824,3979,30,2,0,0,1,0,66410,Street,Electric,Central AC,Asphalt Shingle,Slab,Hardwood,Wood,Municipal,Municipal,Spring,614900.0,594990,-19910.0,-3.35,595060,-19840.0,-3.33,70,0.01,23.0,-101250.0,-12.18
PROP_0613,Brooklyn,Single Family,3,2.0,1892.0,24829.199999999997,60,2,Poor,2,0,1,1,1,1,1,25,20,1,0,0,0,0,8,28,25,10,0,4880,1286,10,0,0,0,1,0,14980,Driveway,Gas,Window Units,Asphalt Shingle,Basement,Carpet,Wood,Municipal,Municipal,Fall,219000.0,199502,-19498.0,-9.77,224983,5983.0,2.66,25481,12.77,1.0,-23997.0,3.12
PROP_0614,Bridgeport,Single Family,3,2.0,1604.0,7405.200000000001,55,2,Poor,2,0,0,0,0,1,1,25,20,1,0,0,0,0,6,59,47,10,0,3834,1812,30,2,1,0,0,2,16684,Garage,Gas,Central AC,Asphalt Shingle,Basement,Carpet,Vinyl Siding,Municipal,Municipal,Fall,289900.0,332755,42855.0,12.88,332689,42789.0,12.86,-66,-0.02,53.0,11105.0,37.43
PROP_0615,Fairfield,Single Family,4,5.0,3467.0,10018.8,44,3,Fair,3,0,0,0,0,1,0,17,20,0,0,0,0,0,7,49,35,6,1,17675,7751,30,0,1,0,0,0,33256,Driveway,Oil,Central AC,Asphalt Shingle,Slab,Carpet,Vinyl Siding,Municipal,Municipal,Spring,1325000.0,1462210,137210.0,9.38,1462107,137107.0,9.38,-103,-0.01,23.0,88851.0,32.25
PROP_0616,Brookfield,Single Family,4,4.0,3280.0,43995.6,64,3,Distressed,3,1,0,0,1,0,0,25,20,1,0,0,0,0,7,23,21,7,1,9089,3533,30,3,0,0,1,0,103487,Driveway,Gas,Window Units,Asphalt Shingle,Crawl Space,Hardwood,Vinyl Siding,Municipal,Septic,Summer,650000.0,533550,-116450.0,-21.83,533589,-116411.0,-21.82,39,0.01,33.0,-234898.0,-60.53
PROP_0617,Coventry,Single Family,3,2.0,1600.0,66211.2,55,2,Poor,2,0,1,0,1,1,1,21,20,1,1,0,0,0,7,78,76,8,1,6848,2296,20,0,0,0,1,0,39697,Garage,Electric,Window Units,Asphalt Shingle,Slab,Hardwood,Wood,Municipal,Municipal,Summer,349900.0,378809,28909.0,7.63,378148,28248.0,7.47,-661,-0.17,2.0,-26449.0,12.7
PROP_0618,Cromwell,Single Family,2,3.0,1284.0,8712.0,49,1,Poor,1,0,0,1,0,1,1,20,20,1,0,0,0,0,9,50,42,10,0,4152,1190,10,0,0,0,1,0,9711,Street,Gas,Central AC,Asphalt Shingle,Slab,Laminate,Brick,Well,Municipal,Fall,219900.0,233777,13877.0,5.94,233566,13666.0,5.85,-211,-0.09,1.0,-11045.0,10.8
PROP_0619,Torrington,Single Family,3,3.0,1872.0,13068.0,47,1,Poor,2,0,0,0,1,1,1,25,20,1,0,0,0,0,5,43,42,3,0,3514,1723,30,0,1,0,1,0,26584,Carport,Electric,,Asphalt Shingle,Slab,Tile,Wood,Municipal,Municipal,Winter,290000.0,300638,10638.0,3.54,300671,10671.0,3.55,33,0.01,23.0,-30913.0,8.61
PROP_0620,Bristol,Single Family,9,3.0,3413.0,9147.6,61,2,Distressed,3,0,1,0,1,1,1,25,20,1,0,0,0,0,9,37,33,10,0,7128,1601,120,0,0,0,0,0,46732,Street,Oil,Window Units,Asphalt Shingle,Slab,Hardwood,Vinyl Siding,Municipal,Municipal,Fall,294900.0,266035,-28865.0,-10.85,266096,-28804.0,-10.82,61,0.02,12.0,-90536.0,-28.29
PROP_0621,Norwalk,Single Family,2,2.0,1465.0,8712.0,57,1,Poor,1,0,1,1,0,1,0,19,20,0,0,0,0,0,7,57,46,5,1,5475,2867,30,1,0,0,1,0,47615,Driveway,Heat Pump,Window Units,Flat,Crawl Space,Laminate,Vinyl Siding,Municipal,Municipal,Spring,450000.0,479789,29789.0,6.21,465222,15222.0,3.27,-14567,-3.04,13.0,-47393.0,4.4
PROP_0622,Torrington,Single Family,3,2.0,1793.0,16117.2,56,2,Poor,2,0,1,1,0,1,1,25,20,1,1,0,0,0,7,70,60,2,0,6492,2061,30,0,0,0,1,0,27445,Driveway,Oil,Central AC,Asphalt Shingle,Crawl Space,Hardwood,Vinyl Siding,Municipal,Septic,Winter,330000.0,345728,15728.0,4.55,345868,15868.0,4.59,140,0.04,3.0,-26577.0,7.12
PROP_0623,Southington,Single Family,3,4.0,2326.0,23522.4,55,1,Fair,2,0,0,0,1,1,1,23,20,0,1,0,0,0,7,71,56,9,0,7009,2972,30,0,1,0,1,0,27675,Carport,Gas,Window Units,Asphalt Shingle,Slab,Tile,Wood,Municipal,Municipal,Summer,519900.0,740343,220443.0,29.78,739981,220081.0,29.74,-362,-0.05,23.0,177406.0,81.82
PROP_0624,Redding,Single Family,6,8.0,6000.0,1367784.0,59,2,Fair,3,0,1,1,1,1,1,25,20,1,1,0,0,0,7,70,63,3,0,33189,10538,20,0,0,0,1,0,58498,Driveway,Electric,Window Units,Asphalt Shingle,Slab,Tile,Brick,Municipal,Municipal,Winter,1949000.0,1870334,-78666.0,-4.21,1870284,-78716.0,-4.21,-50,-0.0,2.0,-152214.0,-23.24
PROP_0625,Beacon Falls,Single Family,4,4.0,2923.0,33105.6,49,2,Fair,3,0,0,1,1,1,0,16,20,0,1,0,0,0,8,61,44,11,0,9030,3614,30,0,0,0,1,0,24988,Driveway,Gas,Central AC,Metal,Basement,Tile,Wood,Well,Septic,Fall,595000.0,600657,5657.0,0.94,600640,5640.0,0.94,-17,-0.0,3.0,-34348.0,-0.95
PROP_0626,Stamford,Single Family,4,2.0,1588.0,13939.2,62,1,Poor,3,0,0,0,0,1,0,25,20,1,1,0,0,0,8,15,12,2,0,8667,2939,30,1,0,0,1,1,36775,Garage,Electric,Central AC,Tile,Basement,Laminate,Vinyl Siding,Municipal,Municipal,Winter,460000.0,497979,37979.0,7.63,555543,95543.0,17.2,57564,11.56,18.0,43768.0,42.38
PROP_0627,West Haven,Single Family,6,2.0,2304.0,6534.0,47,2,Poor,3,0,1,0,1,1,0,25,20,0,0,0,0,0,8,54,48,4,1,6661,2021,10,0,0,0,0,0,41103,Driveway,Electric,Central AC,Asphalt Shingle,Slab,Hardwood,Wood,Municipal,Municipal,Spring,349900.0,347150,-2750.0,-0.79,346993,-2907.0,-0.84,-157,-0.05,1.0,-59010.0,-7.38
PROP_0628,Burlington,Townhouse,3,3.0,1402.0,66211.2,51,1,Fair,2,0,0,0,1,0,1,25,20,1,0,1,354,0,7,69,63,8,1,10856,2789,180,1,0,0,1,0,12349,Driveway,Gas,Central AC,Asphalt Shingle,Slab,Carpet,Stucco,Municipal,Municipal,Summer,449600.0,668816,219216.0,32.78,668788,219188.0,32.77,-28,-0.0,28.0,191839.0,90.32
PROP_0629,Orange,Single Family,4,3.0,2004.0,46173.600000000006,60,1,Poor,3,0,0,0,1,1,0,25,20,0,1,0,0,0,8,96,92,2,0,13247,3467,30,1,0,0,0,0,33521,Garage,Gas,Central AC,Tile,Slab,Carpet,Vinyl Siding,Municipal,Municipal,Winter,589000.0,620176,31176.0,5.03,620095,31095.0,5.01,-81,-0.01,13.0,-17426.0,10.88
PROP_0630,Killingly,Single Family,3,2.0,1104.0,8712.0,50,1,Fair,2,0,1,0,1,0,0,22,20,0,1,0,0,0,6,48,38,8,1,6936,1783,90,0,0,0,1,0,15151,Driveway,Gas,Window Units,Asphalt Shingle,Slab,Laminate,Vinyl Siding,Municipal,Septic,Summer,284000.0,290107,6107.0,2.11,291010,7010.0,2.41,903,0.31,9.0,-23141.0,4.31
PROP_0631,Meriden,Condo,3,1.0,792.0,4791.6,57,1,Fair,2,0,0,0,0,1,0,18,20,0,1,1,120,0,8,68,58,10,0,2944,977,20,0,1,0,1,0,5821,Garage,Electric,Central AC,Asphalt Shingle,Slab,Hardwood,Brick,Municipal,Municipal,Fall,179900.0,250823,70923.0,28.28,250845,70945.0,28.28,22,0.01,22.0,50124.0,65.97
PROP_0632,Hartford,Condo,2,2.0,850.0,3484.8,51,1,Fair,1,0,0,0,0,0,0,22,20,0,0,1,480,1,6,37,31,12,0,1720,656,10,1,0,0,1,0,4865,Driveway,Gas,Central AC,Asphalt Shingle,Basement,Carpet,Brick,Municipal,Municipal,Fall,100000.0,108705,8705.0,8.01,108728,8728.0,8.03,23,0.02,11.0,-11137.0,17.15
PROP_0633,Shelton,Single Family,3,2.0,1502.0,4791.6,62,2,Poor,2,0,0,1,0,1,0,25,20,0,0,0,0,0,7,51,39,11,0,7251,2202,60,0,0,0,0,0,33184,Driveway,Heat Pump,Central AC,Asphalt Shingle,Basement,Hardwood,Brick,Municipal,Municipal,Fall,395000.0,380812,-14188.0,-3.73,380712,-14288.0,-3.75,-100,-0.03,6.0,-62472.0,-12.55
PROP_0634,Cheshire,Single Family,4,3.0,2590.0,56628.0,63,2,Poor,3,0,0,1,1,1,0,25,20,1,1,0,0,0,8,63,52,8,1,13534,3795,120,0,0,0,1,1,32622,Driveway,Gas,Window Units,Asphalt Shingle,Crawl Space,Carpet,Wood,Municipal,Municipal,Summer,649900.0,701280,51380.0,7.33,701012,51112.0,7.29,-268,-0.04,17.0,3490.0,18.33
PROP_0635,Meriden,Single Family,3,2.0,1292.0,9583.2,47,1,Fair,2,0,0,1,1,1,0,22,20,0,0,0,0,0,9,43,40,11,0,4920,1890,30,1,0,0,0,0,18019,Street,Electric,Central AC,Asphalt Shingle,Slab,Carpet,Vinyl Siding,Municipal,Municipal,Fall,315000.0,336625,21625.0,6.42,313923,-1077.0,-0.34,-22702,-6.74,13.0,-34096.0,-1.49
PROP_0636,Torrington,Single Family,7,3.0,2774.0,4356.0,59,2,Fair,3,1,0,0,0,0,1,25,20,0,0,0,0,0,6,75,52,7,1,2802,1211,30,1,0,0,1,0,11661,Garage,Heat Pump,Central AC,Asphalt Shingle,Slab,Laminate,Wood,Well,Septic,Summer,210000.0,234957,24957.0,10.62,219887,9887.0,4.5,-15070,-6.41,13.0,-16774.0,9.92
PROP_0637,Brookfield,Townhouse,3,4.0,1454.0,8712.0,61,1,Distressed,2,0,0,0,1,1,1,25,20,1,0,0,0,0,7,89,82,11,0,6737,2533,10,0,0,0,0,0,79411,Street,Gas,Central AC,Asphalt Shingle,Slab,Carpet,Vinyl Siding,Municipal,Septic,Fall,394900.0,323363,-71537.0,-22.12,323417,-71483.0,-22.1,54,0.02,1.0,-165894.0,-60.59
PROP_0638,Manchester,Single Family,6,4.0,2052.0,6969.6,48,2,Poor,3,0,1,0,1,1,0,25,20,0,1,0,0,0,7,61,46,4,1,4192,1745,20,0,0,0,1,1,19382,Driveway,Gas,Central AC,Asphalt Shingle,Crawl Space,Hardwood,Brick,Municipal,Municipal,Spring,282900.0,262213,-20687.0,-7.89,262449,-20451.0,-7.79,236,0.09,7.0,-54833.0,-19.66
PROP_0639,Preston,Single Family,4,3.0,3315.0,5693291.999999999,51,3,Poor,3,0,1,0,1,1,0,25,20,0,0,0,0,0,6,58,48,7,1,11174,4838,10,0,1,1,0,2,53870,Driveway,Gas,Window Units,Metal,Slab,Tile,Brick,Municipal,Municipal,Summer,895000.0,1057993,162993.0,15.41,1057832,162832.0,15.39,-161,-0.02,46.0,93962.0,49.38
PROP_0640,Old Lyme,Single Family,3,3.0,3386.0,74487.59999999999,62,2,Distressed,2,1,0,0,1,1,0,24,20,0,1,0,0,0,7,69,59,3,0,15000,3544,30,2,0,0,1,0,113140,Garage,Heat Pump,Central AC,Asphalt Shingle,Crawl Space,Tile,Vinyl Siding,Well,Municipal,Winter,629000.0,587710,-41290.0,-7.03,587630,-41370.0,-7.04,-80,-0.01,23.0,-169510.0,-26.43
PROP_0641,Norwalk,Townhouse,4,4.0,2175.0,22215.6,42,2,Fair,3,0,0,0,0,1,1,22,20,0,1,1,305,0,5,56,44,5,1,17731,5028,120,2,0,0,0,0,51335,Garage,Oil,,Flat,Slab,Hardwood,Vinyl Siding,Municipal,Municipal,Spring,925000.0,982292,57292.0,5.83,982340,57340.0,5.84,48,0.0,32.0,-8995.0,17.18
PROP_0642,Union,Single Family,3,3.0,1619.0,170319.6,53,2,Poor,2,0,1,0,1,1,0,25,20,1,1,0,0,0,7,72,65,5,1,4189,1909,20,0,0,0,1,0,24257,Driveway,Electric,Central AC,Asphalt Shingle,Slab,Hardwood,Vinyl Siding,Municipal,Municipal,Spring,295000.0,309769,14769.0,4.77,309722,14722.0,4.75,-47,-0.02,2.0,-24535.0,7.45
PROP_0643,New Canaan,Single Family,2,2.0,1429.0,8712.0,41,1,Fair,1,0,0,1,1,1,1,12,20,1,0,0,0,0,7,53,42,8,1,31217,10900,10,0,0,1,0,0,55796,Garage,Gas,Central AC,Asphalt Shingle,Crawl Space,Carpet,Vinyl Siding,Municipal,Municipal,Summer,1665000.0,2049580,384580.0,18.76,1778915,113915.0,6.4,-270665,-13.21,16.0,43119.0,20.31
PROP_0644,Naugatuck,Single Family,5,3.0,3314.0,5227.2,63,2,Poor,3,0,0,1,1,0,0,25,20,0,1,0,0,0,8,46,36,3,0,4616,1779,30,0,1,0,0,0,24937,Driveway,Gas,Central AC,Asphalt Shingle,Slab,Laminate,Stucco,Municipal,Septic,Winter,325000.0,410849,85849.0,20.9,315705,-9295.0,-2.94,-95144,-23.16,23.0,-49232.0,-6.2
PROP_0645,Milford,Single Family,3,3.0,1929.0,6534.0,60,1,Poor,2,0,0,0,1,0,1,25,20,0,1,0,0,0,7,76,70,4,1,13912,3627,10,2,0,0,0,0,25691,Driveway,Gas,,Asphalt Shingle,Basement,Carpet,Vinyl Siding,Well,Municipal,Spring,559500.0,577939,18439.0,3.19,578151,18651.0,3.23,212,0.04,21.0,-22040.0,8.46
PROP_0646,Stratford,Townhouse,4,2.0,1802.0,7405.200000000001,62,2,Distressed,3,0,1,0,0,0,1,23,20,1,0,1,169,0,8,52,36,4,1,8835,2822,180,3,0,0,1,1,70193,Garage,Gas,Central AC,Asphalt Shingle,Slab,Tile,Brick,Municipal,Septic,Spring,440000.0,472399,32399.0,6.86,472392,32392.0,6.86,-7,-0.0,53.0,-52801.0,19.04
PROP_0647,Windsor Locks,Single Family,3,1.0,1256.0,34848.0,55,1,Fair,2,0,0,0,0,1,0,23,20,0,1,0,0,0,5,40,39,4,1,5965,1472,10,0,0,0,0,0,6116,Garage,Electric,,Asphalt Shingle,Crawl Space,Carpet,Wood,Municipal,Septic,Spring,245900.0,250330,4430.0,1.77,250348,4448.0,1.78,18,0.01,1.0,-16668.0,2.09
PROP_0648,North Canaan,Single Family,3,2.0,1620.0,15245.999999999998,53,1,Fair,2,0,0,0,1,1,1,25,20,1,0,0,0,0,7,27,23,7,1,5699,1699,30,0,0,0,1,1,14161,Garage,Gas,,Asphalt Shingle,Crawl Space,Tile,Stucco,Municipal,Municipal,Summer,299000.0,337646,38646.0,11.45,337086,38086.0,11.3,-560,-0.17,8.0,8925.0,25.09
PROP_0649,Greenwich,Single Family,3,2.0,1544.0,8712.0,62,1,Distressed,2,0,1,1,0,0,0,22,20,1,0,0,0,0,7,61,53,4,1,11868,2741,120,0,0,0,1,0,57582,Street,Gas,Window Units,Asphalt Shingle,Slab,Tile,Brick,Municipal,Septic,Spring,500000.0,417650,-82350.0,-19.72,479855,-20145.0,-4.2,62205,14.89,12.0,-92727.0,-15.27
PROP_0650,Norwalk,Single Family,2,2.0,1173.0,8712.0,62,1,Distressed,1,0,1,1,0,1,0,25,20,0,0,0,0,0,6,67,48,10,0,7882,2019,180,1,0,0,1,0,42287,Garage,Oil,,Tile,Slab,Laminate,Vinyl Siding,Municipal,Municipal,Fall,355000.0,393817,38817.0,9.86,337176,-17824.0,-5.29,-56641,-14.38,28.0,-75111.0,-12.49
PROP_0651,Danbury,Single Family,4,5.0,3833.0,8712.0,49,2,Fair,3,0,1,1,1,1,0,14,20,1,0,0,0,0,5,82,79,9,0,30737,7158,90,0,0,0,1,0,38128,Garage,Gas,Central AC,Asphalt Shingle,Slab,Carpet,Vinyl Siding,Municipal,Municipal,Summer,1250000.0,1284829,34829.0,2.71,1284873,34873.0,2.71,44,0.0,9.0,-18255.0,5.39
PROP_0652,Middletown,Townhouse,3,3.0,1138.0,15681.6,48,1,Poor,2,0,0,0,1,1,0,15,20,1,0,1,454,0,6,58,49,6,1,5829,2011,20,2,0,0,1,0,17534,Garage,Gas,Central AC,Tile,Basement,Hardwood,Brick,Municipal,Municipal,Spring,334900.0,322184,-12716.0,-3.95,328108,-6792.0,-2.07,5924,1.84,22.0,-39326.0,-3.67
PROP_0653,Hartford,Single Family,3,2.0,1290.0,10454.4,57,1,Fair,2,0,0,1,1,0,1,25,20,1,1,0,0,0,8,60,59,10,0,3232,1485,20,1,0,0,1,0,7833,Driveway,Gas,Central AC,Asphalt Shingle,Basement,Hardwood,Stucco,Municipal,Municipal,Fall,259900.0,297018,37118.0,12.5,296239,36339.0,12.27,-779,-0.26,12.0,13506.0,28.29
PROP_0654,Stonington,Single Family,3,2.0,1376.0,45302.4,56,1,Fair,2,0,1,1,0,0,0,25,20,1,1,0,0,0,7,59,52,12,0,5759,2734,10,1,1,0,0,0,14144,Street,Electric,Window Units,Asphalt Shingle,Basement,Carpet,Brick,Municipal,Municipal,Fall,430000.0,546974,116974.0,21.39,546974,116974.0,21.39,0,0.0,31.0,87830.0,57.76
PROP_0655,Durham,Condo,2,2.0,948.0,13939.2,58,1,Poor,1,0,0,0,1,1,1,24,20,0,0,1,383,0,7,40,31,8,1,3186,1273,20,1,0,0,1,0,18445,Driveway,Oil,Central AC,Flat,Slab,Laminate,Wood,Municipal,Municipal,Summer,209900.0,197608,-12292.0,-6.22,197750,-12150.0,-6.14,142,0.07,12.0,-45595.0,-14.44
PROP_0656,Glastonbury,Single Family,4,3.0,2228.0,24829.199999999997,54,1,Poor,3,0,0,1,0,1,1,25,20,0,0,0,0,0,6,39,31,2,0,6417,2498,180,0,0,0,1,0,32425,Carport,Oil,Central AC,Asphalt Shingle,Basement,Carpet,Vinyl Siding,Municipal,Municipal,Winter,384900.0,490401,105501.0,21.51,469228,84328.0,17.97,-21173,-4.32,18.0,36903.0,43.23
PROP_0657,Waterbury,Single Family,8,4.0,3660.0,6969.6,59,2,Poor,3,0,1,0,1,1,0,22,20,0,1,0,0,0,8,33,31,9,0,5886,1368,30,0,0,0,0,0,26421,Garage,Electric,Central AC,Asphalt Shingle,Slab,Carpet,Brick,Municipal,Septic,Summer,249900.0,245725,-4175.0,-1.7,245759,-4141.0,-1.68,34,0.01,3.0,-45562.0,-7.32
PROP_0658,Torrington,Single Family,4,2.0,2083.0,17424.0,57,2,Poor,3,0,0,1,1,1,0,25,20,0,1,0,0,0,7,60,43,10,0,3474,1824,120,1,0,0,1,0,25762,Driveway,Gas,,Asphalt Shingle,Crawl Space,Hardwood,Wood,Municipal,Septic,Fall,279000.0,288715,9715.0,3.36,288846,9846.0,3.41,131,0.05,22.0,-30916.0,8.13
PROP_0659,Waterbury,Single Family,3,2.0,1078.0,2613.6,63,1,Poor,2,0,1,1,0,1,0,25,20,1,1,0,0,0,6,55,41,1,0,2382,1115,20,0,0,0,0,2,19475,Garage,Electric,,Asphalt Shingle,Basement,Laminate,Brick,Municipal,Municipal,Winter,189900.0,181976,-7924.0,-4.35,181930,-7970.0,-4.38,-46,-0.03,12.0,-42445.0,-10.6
PROP_0660,Darien,Townhouse,3,3.0,1780.0,21780.0,56,1,Fair,2,0,0,0,0,1,0,25,20,0,0,0,0,0,8,85,65,9,0,18231,5684,10,3,0,0,0,1,30262,Carport,Gas,Central AC,Asphalt Shingle,Slab,Hardwood,Stucco,Municipal,Municipal,Summer,869000.0,849212,-19788.0,-2.33,1058048,189048.0,17.87,208836,24.59,36.0,143786.0,57.32
PROP_0661,New Canaan,Single Family,3,4.0,2565.0,8712.0,37,2,Fair,2,0,1,1,1,1,1,20,18,0,0,0,0,0,6,60,48,12,0,33312,13601,30,2,0,0,1,2,77058,Driveway,Heat Pump,,Asphalt Shingle,Crawl Space,Hardwood,Vinyl Siding,Municipal,Septic,Fall,2495000.0,2717849,222849.0,8.2,2717809,222809.0,8.2,-40,-0.0,33.0,130751.0,36.08
PROP_0662,Colchester,Single Family,3,2.0,1600.0,13068.0,58,2,Poor,2,0,1,1,0,1,0,25,20,0,1,0,0,0,8,39,35,8,1,4842,2500,10,0,0,0,0,2,39664,Garage,Gas,Central AC,Asphalt Shingle,Basement,Carpet,Vinyl Siding,Municipal,Municipal,Summer,379900.0,402600,22700.0,5.64,399617,19717.0,4.93,-2983,-0.74,11.0,-34947.0,8.57
PROP_0663,Stamford,Single Family,4,4.0,3128.0,51836.399999999994,53,3,Fair,3,0,0,1,0,1,1,19,20,0,0,0,0,0,7,43,41,2,0,10979,4462,20,1,0,0,1,0,43150,Garage,Oil,Central AC,Asphalt Shingle,Basement,Laminate,Vinyl Siding,Municipal,Municipal,Winter,799000.0,858136,59136.0,6.89,858176,59176.0,6.9,40,0.0,12.0,1026.0,16.3
PROP_0664,Bridgeport,Condo,2,1.0,982.0,1742.4,60,1,Distressed,1,0,1,0,0,1,0,25,20,0,0,1,182,0,7,28,27,3,0,2798,1229,30,3,0,0,0,0,18846,Garage,Oil,Central AC,Asphalt Shingle,Slab,Carpet,Brick,Municipal,Septic,Winter,189000.0,162078,-26922.0,-16.61,162137,-26863.0,-16.57,59,0.04,33.0,-60709.0,-32.61
PROP_0665,East Hartford,Single Family,3,2.0,1196.0,9583.2,52,1,Fair,2,0,0,1,1,0,0,25,20,0,1,0,0,0,7,61,54,11,0,2808,1208,20,0,0,0,0,0,9995,Driveway,Gas,Window Units,Asphalt Shingle,Crawl Space,Hardwood,Vinyl Siding,Municipal,Municipal,Fall,209900.0,231792,21892.0,9.44,231802,21902.0,9.45,10,0.0,2.0,-3093.0,18.99
PROP_0666,Fairfield,Single Family,3,2.0,1165.0,6534.0,59,1,Fair,2,0,1,0,0,1,0,20,20,1,0,0,0,0,6,31,30,4,1,10620,2732,120,2,0,0,1,0,24273,Garage,Gas,Central AC,Asphalt Shingle,Slab,Laminate,Stucco,Municipal,Septic,Spring,425000.0,468645,43645.0,9.31,468618,43618.0,9.31,-27,-0.01,32.0,4345.0,25.45
PROP_0667,Torrington,Single Family,6,3.0,1566.0,6534.0,53,2,Poor,3,0,0,1,0,1,1,25,20,0,0,0,0,0,6,10,9,8,1,2747,1016,20,0,1,0,1,1,11465,Carport,Heat Pump,Central AC,Asphalt Shingle,Basement,Hardwood,Wood,Municipal,Septic,Summer,179000.0,236828,57828.0,24.42,236829,57829.0,24.42,1,0.0,27.0,31364.0,57.38
PROP_0668,Ansonia,Single Family,4,2.0,2514.0,6534.0,63,2,Distressed,3,1,0,0,1,0,1,25,20,0,0,0,0,0,9,75,74,2,0,5293,1921,60,0,0,0,0,0,35287,Driveway,Electric,Window Units,Metal,Slab,Hardwood,Stucco,Well,Septic,Winter,329000.0,270991,-58009.0,-21.41,301093,-27907.0,-9.27,30102,11.11,6.0,-78194.0,-25.16
PROP_0669,Newtown,Single Family,4,3.0,3712.0,125017.2,49,3,Poor,3,0,1,0,1,1,1,20,20,0,0,0,0,0,6,67,61,3,0,17423,4760,30,1,0,0,0,0,80542,Driveway,Gas,Central AC,Asphalt Shingle,Crawl Space,Hardwood,Brick,Municipal,Septic,Winter,750000.0,762299,12299.0,1.61,762347,12347.0,1.62,48,0.01,13.0,-83195.0,-2.48
PROP_0670,Litchfield,Single Family,5,4.0,4612.0,91040.4,43,2,Fair,3,0,1,0,1,1,1,20,20,0,0,0,0,0,7,57,41,1,0,50418,14908,120,0,0,0,0,1,135481,Garage,Heat Pump,,Asphalt Shingle,Slab,Carpet,Vinyl Siding,Municipal,Municipal,Winter,2475000.0,2845330,370330.0,13.02,2662797,187797.0,7.05,-182533,-6.42,17.0,37316.0,21.23
PROP_0671,Colchester,Single Family,3,2.0,1600.0,11325.6,61,2,Distressed,2,0,0,0,0,1,1,25,20,1,1,0,0,0,7,67,64,1,0,6565,2393,10,1,0,0,0,0,37454,Driveway,Gas,Window Units,Asphalt Shingle,Crawl Space,Hardwood,Wood,Municipal,Municipal,Winter,369900.0,310009,-59891.0,-19.32,310173,-59727.0,-19.26,164,0.05,11.0,-112181.0,-47.54
PROP_0672,Middlefield,Single Family,2,1.0,1024.0,10018.8,46,1,Poor,1,0,0,1,1,1,0,25,20,1,1,0,0,0,8,72,50,8,1,3827,1446,20,0,0,0,1,1,21576,Garage,Electric,Central AC,Asphalt Shingle,Basement,Hardwood,Vinyl Siding,Municipal,Municipal,Summer,225000.0,213715,-11285.0,-5.28,213871,-11129.0,-5.2,156,0.07,7.0,-47705.0,-13.77
PROP_0673,Enfield,Single Family,3,2.0,1587.0,12632.4,59,2,Poor,2,0,1,1,1,1,0,25,20,0,0,0,0,0,6,46,35,10,0,3342,1703,120,2,0,0,0,0,27282,Garage,Gas,Window Units,Asphalt Shingle,Basement,Laminate,Brick,Municipal,Municipal,Fall,274900.0,283026,8126.0,2.87,283018,8118.0,2.87,-8,-0.0,32.0,-34164.0,8.72
PROP_0674,North Haven,Single Family,3,3.0,2040.0,8712.0,52,1,Fair,2,0,0,1,0,1,1,25,20,0,0,0,0,0,7,30,29,2,0,7426,2279,20,2,0,0,1,0,9032,Garage,Electric,Central AC,Asphalt Shingle,Basement,Tile,Vinyl Siding,Municipal,Municipal,Winter,394900.0,434694,39794.0,9.15,434581,39681.0,9.13,-113,-0.03,22.0,15649.0,24.22
PROP_0675,Mansfield,Single Family,3,3.0,3468.0,34848.0,58,2,Fair,2,1,0,0,1,0,1,18,20,0,1,0,0,0,9,47,36,5,1,6974,2420,30,0,0,0,1,0,19691,Driveway,Gas,Central AC,Asphalt Shingle,Basement,Tile,Vinyl Siding,Municipal,Municipal,Spring,425000.0,460118,35118.0,7.63,460037,35037.0,7.62,-81,-0.02,3.0,346.0,15.87
PROP_0676,Manchester,Single Family,3,2.0,1416.0,22651.2,51,1,Poor,2,0,1,0,1,1,1,25,20,1,0,0,0,0,6,57,45,1,0,4873,1720,30,0,0,0,1,0,30579,Street,Gas,Central AC,Asphalt Shingle,Slab,Laminate,Stucco,Well,Municipal,Winter,264900.0,274445,9545.0,3.48,274512,9612.0,3.5,67,0.02,3.0,-35967.0,4.0
PROP_0677,Simsbury,Single Family,4,4.0,3985.0,60548.399999999994,54,2,Fair,3,0,0,1,1,1,0,25,20,1,1,0,0,0,6,100,98,6,1,9359,4089,20,1,0,0,0,0,21974,Garage,Oil,Window Units,Asphalt Shingle,Slab,Laminate,Vinyl Siding,Municipal,Municipal,Spring,619900.0,614216,-5684.0,-0.93,763090,143190.0,18.76,148874,24.24,12.0,106216.0,50.54
PROP_0678,Meriden,Townhouse,6,2.0,2237.0,4791.6,52,2,Poor,3,0,0,0,1,1,0,25,20,0,0,1,492,0,7,74,65,6,1,4263,1450,90,0,0,0,0,0,12737,Street,Gas,Central AC,Tile,Crawl Space,Hardwood,Vinyl Siding,Municipal,Municipal,Spring,250000.0,225904,-24096.0,-10.67,262362,12362.0,4.71,36458,16.14,9.0,-15375.0,9.68
PROP_0679,New Canaan,Townhouse,3,2.0,1998.0,43995.6,44,2,Poor,2,0,0,0,1,1,1,25,20,1,1,1,317,0,7,46,37,3,0,22291,6355,60,1,0,0,1,0,113207,Garage,Heat Pump,Central AC,Tile,Crawl Space,Carpet,Wood,Municipal,Municipal,Winter,995000.0,980622,-14378.0,-1.47,1107874,112874.0,10.19,127252,12.98,16.0,-15333.0,22.05
PROP_0680,Glastonbury,Single Family,4,3.0,2794.0,40075.2,48,2,Poor,3,0,1,0,1,1,1,21,20,1,1,0,0,0,7,64,54,12,0,8525,2910,10,1,0,0,1,0,45279,Driveway,Gas,Central AC,Tile,Slab,Carpet,Brick,Municipal,Septic,Fall,529900.0,550805,20905.0,3.8,550729,20829.0,3.78,-76,-0.01,11.0,-39450.0,5.82
PROP_0681,Westport,Single Family,5,5.0,5077.0,28749.6,56,2,Fair,3,0,1,0,0,1,0,18,20,0,1,0,0,0,9,42,32,2,0,51034,14887,10,1,0,0,0,0,71034,Driveway,Heat Pump,Central AC,Metal,Slab,Tile,Vinyl Siding,Municipal,Septic,Winter,2600000.0,2518457,-81543.0,-3.24,2518496,-81504.0,-3.24,39,0.0,11.0,-167538.0,-21.03
PROP_0682,Stamford,Single Family,3,2.0,1423.0,7405.200000000001,59,1,Poor,2,0,1,1,1,1,0,21,20,1,1,0,0,0,5,47,39,1,0,9266,2798,10,0,0,1,0,2,55621,Driveway,Gas,Central AC,Asphalt Shingle,Slab,Carpet,Wood,Municipal,Municipal,Winter,499000.0,531020,32020.0,6.03,530998,31998.0,6.03,-22,-0.0,26.0,-38623.0,13.4
PROP_0683,East Lyme,Single Family,3,2.0,1920.0,63162.0,55,1,Fair,2,0,1,0,0,0,1,25,20,0,0,0,0,0,8,68,62,10,0,4170,1851,30,1,0,0,1,0,8365,Driveway,Gas,Central AC,Metal,Crawl Space,Laminate,Stucco,Well,Municipal,Fall,299000.0,302821,3821.0,1.26,302910,3910.0,1.29,89,0.03,13.0,-19455.0,3.23
PROP_0684,Fairfield,Townhouse,4,4.0,2200.0,111078.0,49,2,Poor,3,0,0,0,0,1,0,25,20,0,0,1,279,0,7,84,66,10,0,22785,7092,20,0,0,0,1,2,78102,Driveway,Heat Pump,Central AC,Asphalt Shingle,Slab,Hardwood,Wood,Municipal,Municipal,Fall,1150000.0,1107937,-42063.0,-3.8,1107895,-42105.0,-3.8,-42,-0.0,12.0,-135207.0,-18.72
PROP_0685,Westport,Single Family,3,2.0,1680.0,7405.200000000001,35,2,Fair,2,0,0,0,1,1,1,23,20,1,0,0,0,0,7,62,52,7,1,46539,12915,20,1,1,0,1,0,71603,Carport,Gas,Central AC,Flat,Basement,Tile,Vinyl Siding,Municipal,Municipal,Summer,2299000.0,3187005,888005.0,27.86,3186992,887992.0,27.86,-13,-0.0,32.0,801389.0,142.26
PROP_0686,New Fairfield,Single Family,4,3.0,2540.0,109771.2,55,1,Fair,3,0,0,1,1,0,0,25,20,1,1,0,0,0,9,35,27,5,1,8217,2725,30,0,0,0,1,0,17466,Street,Heat Pump,Central AC,Tile,Slab,Tile,Brick,Municipal,Municipal,Spring,454900.0,448109,-6791.0,-1.52,448222,-6678.0,-1.49,113,0.03,3.0,-39144.0,-6.29
PROP_0687,Waterford,Single Family,4,3.0,3188.0,58806.00000000001,56,2,Poor,3,0,1,0,1,0,1,17,20,0,1,0,0,0,8,30,28,8,1,6122,2903,20,0,0,0,1,0,36724,Garage,Gas,Central AC,Asphalt Shingle,Basement,Tile,Stucco,Municipal,Septic,Summer,499900.0,496739,-3161.0,-0.64,510477,10577.0,2.07,13738,2.77,2.0,-41147.0,0.43
PROP_0688,Norwalk,Single Family,4,3.0,3045.0,27442.8,54,2,Fair,3,1,1,1,0,1,1,25,20,0,0,0,0,0,7,13,12,11,0,15113,4467,30,0,0,0,0,2,39980,Garage,Electric,Central AC,Metal,Basement,Hardwood,Vinyl Siding,Municipal,Municipal,Fall,750000.0,852899,102899.0,12.06,852922,102922.0,12.07,23,0.0,13.0,47942.0,31.53
PROP_0689,North Stonington,Single Family,3,2.0,1176.0,40946.399999999994,45,1,Poor,2,0,0,1,1,1,1,17,20,1,0,0,0,0,8,59,58,5,1,9914,2744,20,1,0,0,1,1,31707,Carport,Oil,Window Units,Asphalt Shingle,Slab,Carpet,Brick,Well,Municipal,Spring,465000.0,465897,897.0,0.19,464429,-571.0,-0.12,-1468,-0.32,17.0,-47278.0,-1.57
PROP_0690,Wilton,Single Family,5,4.0,3235.0,91040.4,53,3,Poor,3,1,0,0,0,1,1,25,20,0,1,0,0,0,5,79,58,10,0,13014,5066,90,0,0,0,1,0,35806,Street,Gas,Central AC,Metal,Basement,Hardwood,Brick,Municipal,Municipal,Fall,849000.0,869310,20310.0,2.34,869351,20351.0,2.34,41,0.0,9.0,-30455.0,3.43
PROP_0691,Norwich,Single Family,3,2.0,1592.0,11325.6,49,1,Poor,2,0,1,1,0,1,0,25,20,1,0,0,0,0,8,67,48,5,1,2958,1099,30,2,0,0,1,3,13399,Driveway,Gas,Window Units,Asphalt Shingle,Slab,Carpet,Vinyl Siding,Municipal,Municipal,Spring,199900.0,193107,-6793.0,-3.52,192925,-6975.0,-3.62,-182,-0.09,38.0,-35374.0,-3.18
PROP_0692,Meriden,Townhouse,8,3.0,2106.0,5227.2,63,2,Poor,3,0,0,0,1,1,1,25,20,1,0,1,249,0,7,74,69,10,0,5136,1687,10,2,0,0,0,0,21685,Driveway,Electric,Central AC,Asphalt Shingle,Crawl Space,Tile,Vinyl Siding,Well,Septic,Fall,274999.0,285972,10973.0,3.84,278602,3603.0,1.29,-7370,-2.58,21.0,-33082.0,3.47
PROP_0693,Stamford,Condo,2,1.0,819.0,8712.0,58,1,Fair,1,0,0,0,0,1,0,25,20,1,1,1,276,1,8,21,20,9,0,3977,1495,10,1,0,0,1,1,6145,Street,Gas,Central AC,Metal,Basement,Hardwood,Vinyl Siding,Municipal,Municipal,Summer,249000.0,245164,-3836.0,-1.56,245265,-3735.0,-1.52,101,0.04,16.0,-24880.0,-2.33
PROP_0694,Monroe,Single Family,2,2.0,2456.0,8712.0,46,1,Fair,1,0,0,1,1,1,0,22,20,1,0,0,0,0,5,41,33,12,0,7697,3625,60,0,0,0,1,0,20056,Garage,Gas,Central AC,Asphalt Shingle,Crawl Space,Carpet,Wood,Municipal,Septic,Fall,569900.0,567038,-2862.0,-0.5,567177,-2723.0,-0.48,139,0.02,6.0,-37779.0,-3.54
PROP_0695,Bethel,Single Family,3,3.0,1883.0,8712.0,48,2,Fair,2,0,0,1,0,1,0,25,20,0,0,0,0,0,5,54,47,4,1,17777,4712,20,0,0,0,1,0,18326,Driveway,Gas,Central AC,Asphalt Shingle,Basement,Hardwood,Vinyl Siding,Municipal,Municipal,Spring,741213.0,742359,1146.0,0.15,742307,1094.0,0.15,-52,-0.01,2.0,-32232.0,-2.52
PROP_0696,Madison,Single Family,3,2.0,2075.0,43560.0,55,2,Fair,2,0,1,0,1,0,1,25,20,1,1,0,0,0,6,63,54,12,0,9925,2398,120,1,0,0,1,0,18460,Street,Gas,Central AC,Asphalt Shingle,Crawl Space,Hardwood,Brick,Municipal,Septic,Fall,399000.0,409208,10208.0,2.49,409159,10159.0,2.48,-49,-0.01,22.0,-23301.0,7.03
PROP_0697,Middletown,Single Family,2,2.0,1028.0,8712.0,49,1,Fair,1,0,0,1,0,1,1,17,20,1,1,0,0,0,7,43,42,10,0,3118,1030,10,2,0,0,1,2,7484,Driveway,Gas,Central AC,Metal,Basement,Carpet,Vinyl Siding,Well,Septic,Fall,159999.0,157712,-2287.0,-1.45,185061,25062.0,13.54,27349,17.34,31.0,2578.0,33.54
PROP_0698,Woodbridge,Single Family,4,3.0,3443.0,76665.6,60,2,Poor,3,0,1,0,1,1,0,25,20,1,0,0,0,0,8,56,47,12,0,9584,3378,120,1,0,0,0,0,49487,Carport,Oil,Window Units,Tile,Slab,Carpet,Wood,Municipal,Municipal,Fall,580000.0,602212,22212.0,3.69,602219,22219.0,3.69,7,0.0,22.0,-42268.0,7.55
PROP_0699,Stratford,Single Family,4,4.0,2896.0,30056.4,60,2,Distressed,3,0,0,0,0,1,1,25,20,0,0,0,0,0,7,100,79,6,1,26830,6351,60,1,0,0,1,0,134310,Driveway,Electric,,Flat,Slab,Carpet,Vinyl Siding,Municipal,Municipal,Spring,1125000.0,1060057,-64943.0,-6.13,1060035,-64965.0,-6.13,-22,-0.0,16.0,-214275.0,-30.49
PROP_0700,Stamford,Single Family,4,2.0,1920.0,7405.200000000001,54,2,Fair,3,0,1,1,0,1,0,25,20,1,0,0,0,0,8,54,41,6,1,12162,3554,30,0,0,0,0,1,36077,Street,Electric,Central AC,Asphalt Shingle,Slab,Hardwood,Vinyl Siding,Municipal,Septic,Spring,635000.0,679656,44656.0,6.57,679442,44442.0,6.54,-214,-0.03,8.0,-6635.0,14.02
PROP_0701,New London,Single Family,3,3.0,1550.0,8276.4,65,2,Poor,2,0,1,1,1,0,1,25,20,1,0,0,0,0,7,61,47,1,0,5324,1509,60,2,0,0,0,0,18383,Carport,Gas,Central AC,Asphalt Shingle,Crawl Space,Carpet,Brick,Well,Municipal,Winter,270000.0,267381,-2619.0,-0.98,267131,-2869.0,-1.07,-250,-0.09,26.0,-36252.0,-0.57
PROP_0702,Thomaston,Single Family,4,2.0,1989.0,810216.0000000001,62,2,Distressed,3,0,0,1,1,1,0,25,20,1,1,0,0,0,7,53,48,12,0,6814,2464,30,1,0,0,1,0,53290,Garage,Heat Pump,Window Units,Asphalt Shingle,Basement,Carpet,Vinyl Siding,Well,Municipal,Fall,449900.0,368284,-81616.0,-22.16,368280,-81620.0,-22.16,-4,-0.0,13.0,-149910.0,-56.71
PROP_0703,Redding,Single Family,5,7.0,9646.0,1145628.0,44,2,Fair,3,0,0,1,1,1,0,24,20,0,1,0,0,0,6,75,65,1,0,42455,18069,10,0,0,0,0,2,141316,Garage,Oil,Central AC,Flat,Slab,Laminate,Vinyl Siding,Well,Municipal,Winter,2800000.0,2709263,-90737.0,-3.35,2709269,-90731.0,-3.35,6,0.0,11.0,-247047.0,-29.2
PROP_0704,Mansfield,Single Family,3,2.0,2581.0,40075.2,56,2,Poor,2,1,1,1,0,1,0,25,20,0,0,0,0,0,8,50,39,9,0,5692,2081,120,0,0,0,1,0,20325,Driveway,Gas,Central AC,Asphalt Shingle,Basement,Tile,Vinyl Siding,Municipal,Municipal,Summer,370000.0,377192,7192.0,1.91,377155,7155.0,1.9,-37,-0.01,12.0,-28170.0,3.38
PROP_0705,Newington,Single Family,3,2.0,1928.0,9147.6,50,2,Poor,2,0,0,0,1,0,0,21,20,1,0,0,0,0,7,87,75,2,0,4461,1588,30,0,0,0,1,1,12217,Garage,Gas,,Tile,Slab,Tile,Vinyl Siding,Well,Municipal,Winter,280000.0,255414,-24586.0,-9.63,255519,-24481.0,-9.58,105,0.04,8.0,-51698.0,-22.73
PROP_0706,North Haven,Single Family,4,3.0,1242.0,25264.8,59,1,Poor,3,0,0,1,1,0,0,25,20,1,0,0,0,0,6,60,54,7,1,11287,2807,20,1,0,0,1,0,43837,Street,Electric,Window Units,Asphalt Shingle,Slab,Carpet,Vinyl Siding,Well,Municipal,Summer,465900.0,445108,-20792.0,-4.67,445259,-20641.0,-4.64,151,0.03,12.0,-79478.0,-14.83
PROP_0707,Coventry,Single Family,2,3.0,1224.0,8712.0,64,1,Poor,1,0,1,1,1,0,1,25,20,0,0,0,0,0,7,63,46,6,1,5377,1369,60,0,0,0,1,1,20273,Driveway,Heat Pump,Central AC,Asphalt Shingle,Slab,Tile,Brick,Municipal,Municipal,Spring,249900.0,233213,-16687.0,-7.16,233224,-16676.0,-7.15,11,0.0,11.0,-51949.0,-17.29
PROP_0708,Trumbull,Single Family,4,3.0,2000.0,44431.2,58,2,Fair,3,0,0,1,1,1,1,19,20,0,0,0,0,0,7,68,50,1,0,13496,3537,120,0,1,0,1,0,25160,Driveway,Electric,Central AC,Asphalt Shingle,Basement,Tile,Vinyl Siding,Well,Municipal,Winter,625000.0,776310,151310.0,19.49,776309,151309.0,19.49,-1,-0.0,32.0,111149.0,56.49
PROP_0709,Winchester,Single Family,3,1.0,1010.0,39204.0,55,1,Poor,2,0,1,1,1,1,1,24,20,1,0,0,0,0,8,71,50,4,1,4724,1321,60,0,0,0,1,0,24295,Driveway,Electric,Central AC,Asphalt Shingle,Slab,Laminate,Brick,Municipal,Municipal,Spring,225000.0,224662,-338.0,-0.15,224748,-252.0,-0.11,86,0.04,6.0,-39547.0,-2.97
PROP_0710,Montville,Townhouse,3,2.0,1080.0,12196.8,45,1,Fair,2,0,0,0,1,1,1,25,20,1,0,0,0,0,7,17,12,9,0,3864,1745,60,1,0,0,1,0,16231,Driveway,Gas,Window Units,Asphalt Shingle,Slab,Hardwood,Brick,Municipal,Municipal,Summer,289900.0,322574,32674.0,10.13,322483,32583.0,10.1,-91,-0.03,16.0,1352.0,23.54
PROP_0711,North Haven,Single Family,3,3.0,1982.0,25700.4,63,2,Distressed,2,0,0,1,1,1,1,25,20,1,0,0,0,0,9,68,50,11,0,6472,2265,90,0,0,0,1,0,68183,Garage,Gas,Central AC,Asphalt Shingle,Basement,Hardwood,Wood,Municipal,Municipal,Fall,385000.0,373419,-11581.0,-3.1,373216,-11784.0,-3.16,-203,-0.05,9.0,-94967.0,-14.02
PROP_0712,Norwich,Single Family,3,5.0,2192.0,20908.8,50,2,Poor,2,0,0,0,1,1,0,18,20,0,0,0,0,0,9,72,56,7,1,3789,1792,20,1,1,0,0,1,16412,Street,Gas,Central AC,Metal,Slab,Carpet,Wood,Municipal,Municipal,Summer,299000.0,314303,15303.0,4.87,314338,15338.0,4.88,35,0.01,37.0,-16074.0,15.55
PROP_0713,North Stonington,Condo,2,1.0,964.0,68824.8,51,1,Poor,1,0,0,0,0,1,1,25,20,0,0,1,373,0,7,49,47,11,0,7100,1629,120,3,0,0,0,0,33057,Garage,Electric,Central AC,Asphalt Shingle,Slab,Laminate,Brick,Municipal,Municipal,Fall,290000.0,266838,-23162.0,-8.68,300865,10865.0,3.61,34027,12.75,42.0,-37192.0,11.9
PROP_0714,Bridgeport,Townhouse,2,1.0,900.0,8712.0,48,1,Poor,1,0,0,0,0,1,1,16,20,0,0,1,369,0,6,56,50,7,1,2166,720,180,0,0,0,1,0,15041,Garage,Gas,Central AC,Tile,Crawl Space,Tile,Vinyl Siding,Well,Municipal,Summer,130000.0,147483,17483.0,11.85,153324,23324.0,15.21,5841,3.96,18.0,-6717.0,33.35
PROP_0715,Avon,Single Family,4,4.0,3400.0,32234.4,45,2,Fair,3,1,1,1,1,1,1,25,20,1,0,0,0,0,6,80,58,1,0,12455,4223,10,0,0,0,1,0,38016,Carport,Gas,Window Units,Asphalt Shingle,Basement,Hardwood,Wood,Municipal,Municipal,Winter,699900.0,747105,47205.0,6.32,747101,47201.0,6.32,-4,-0.0,1.0,-5815.0,12.26
PROP_0716,Coventry,Single Family,2,1.0,1056.0,14810.4,55,1,Fair,1,0,0,1,1,1,0,22,20,0,0,0,0,0,6,10,8,6,1,4316,1117,20,1,0,0,1,1,10202,Street,Electric,Central AC,Metal,Basement,Laminate,Wood,Municipal,Municipal,Spring,199900.0,195538,-4362.0,-2.23,196379,-3521.0,-1.79,841,0.43,17.0,-28723.0,-3.05
PROP_0717,Sprague,Single Family,4,2.0,2260.0,56628.0,60,2,Poor,3,0,0,1,1,0,1,25,20,1,1,0,0,0,7,36,33,7,1,2251,1049,30,1,0,0,1,0,8394,Garage,Gas,Central AC,Asphalt Shingle,Crawl Space,Laminate,Brick,Municipal,Septic,Summer,179900.0,191717,11817.0,6.16,191661,11761.0,6.14,-56,-0.03,13.0,-11633.0,13.72
PROP_0718,Waterford,Single Family,4,3.0,2821.0,21344.4,51,1,Fair,3,0,0,1,0,1,0,25,20,0,0,0,0,0,8,66,62,3,0,6936,2495,20,0,0,1,1,0,10148,Garage,Electric,Central AC,Metal,Slab,Hardwood,Brick,Municipal,Municipal,Winter,410000.0,600274,190274.0,31.7,600174,190174.0,31.69,-100,-0.02,17.0,165026.0,83.28
PROP_0719,Southbury,Townhouse,2,2.0,1432.0,8712.0,46,1,Fair,1,0,0,0,1,1,1,25,19,1,0,1,257,0,7,79,57,5,1,6451,2141,180,1,0,0,0,0,11342,Driveway,Electric,Central AC,Asphalt Shingle,Basement,Tile,Brick,Municipal,Municipal,Spring,325000.0,410111,85111.0,20.75,410035,85035.0,20.74,-76,-0.02,28.0,58693.0,52.95
PROP_0720,Cheshire,Single Family,4,4.0,3579.0,57499.2,60,2,Poor,3,0,0,0,0,1,0,25,20,0,0,0,0,0,5,61,45,1,0,23316,5451,30,0,0,0,0,0,90640,Driveway,Gas,Central AC,Asphalt Shingle,Crawl Space,Carpet,Stucco,Municipal,Septic,Winter,941000.0,873639,-67361.0,-7.71,873699,-67301.0,-7.7,60,0.01,3.0,-172941.0,-32.09
PROP_0721,Fairfield,Single Family,5,7.0,8514.0,222155.99999999997,54,2,Fair,3,1,1,1,1,1,1,25,20,1,1,0,0,0,8,100,77,10,0,31872,10262,20,0,0,0,1,0,34076,Driveway,Heat Pump,,Asphalt Shingle,Basement,Tile,Vinyl Siding,Well,Septic,Fall,1698000.0,1665897,-32103.0,-1.93,1708451,10451.0,0.61,42554,2.55,2.0,-38625.0,-2.24
PROP_0722,North Stonington,Single Family,3,2.0,1125.0,53578.8,61,1,Distressed,2,0,0,1,0,1,0,23,20,0,0,0,0,0,6,40,35,3,0,5732,1584,20,1,0,0,0,0,18747,Garage,Oil,Central AC,Asphalt Shingle,Slab,Carpet,Wood,Municipal,Municipal,Winter,245000.0,229368,-15632.0,-6.82,229438,-15562.0,-6.78,70,0.03,12.0,-49309.0,-16.09
PROP_0723,Stamford,Single Family,3,4.0,3055.0,11761.2,53,2,Fair,2,0,0,1,1,1,0,25,20,0,0,0,0,0,7,67,52,5,1,16400,6048,60,1,0,0,1,0,43052,Garage,Heat Pump,Central AC,Flat,Slab,Tile,Brick,Well,Municipal,Spring,1050000.0,1034094,-15906.0,-1.54,1034087,-15913.0,-1.54,-7,-0.0,16.0,-73965.0,-7.28
PROP_0724,Woodbury,Single Family,4,7.0,5359.0,192535.2,59,2,Fair,3,0,1,1,0,0,1,25,20,0,1,0,0,0,8,80,77,5,1,16804,6365,30,0,0,0,0,0,27822,Garage,Oil,Central AC,Asphalt Shingle,Crawl Space,Carpet,Brick,Municipal,Municipal,Spring,999000.0,952280,-46720.0,-4.91,952284,-46716.0,-4.91,4,0.0,3.0,-89538.0,-18.17
PROP_0725,Ridgefield,Single Family,5,5.0,4019.0,2238984.0,39,2,Fair,3,0,1,0,0,1,1,25,20,0,1,0,0,0,7,68,54,1,0,54353,19287,20,0,0,0,1,0,151995,Street,Gas,Central AC,Asphalt Shingle,Basement,Laminate,Brick,Municipal,Municipal,Winter,2995000.0,2903141,-91859.0,-3.16,2903514,-91486.0,-3.15,373,0.01,2.0,-258481.0,-31.75
PROP_0726,Stamford,Single Family,4,5.0,5522.0,91040.4,46,2,Fair,3,0,0,1,0,1,1,25,20,0,0,0,0,0,6,48,47,11,0,24821,8754,60,1,0,0,1,0,38286,Driveway,Electric,Central AC,Metal,Basement,Hardwood,Wood,Well,Septic,Fall,1599000.0,1648449,49449.0,3.0,1648392,49392.0,3.0,-57,-0.0,16.0,-3894.0,8.81
PROP_0727,Danbury,Townhouse,3,3.0,1673.0,8712.0,53,1,Poor,2,0,1,0,1,0,1,25,20,0,1,1,395,0,7,96,88,3,0,12107,3558,10,0,0,0,1,0,27250,Carport,Gas,Central AC,Asphalt Shingle,Basement,Hardwood,Vinyl Siding,Well,Municipal,Winter,612995.0,643104,30109.0,4.68,642972,29977.0,4.66,-132,-0.02,1.0,-12273.0,8.29
PROP_0728,Stamford,Single Family,5,5.0,4198.0,57499.2,55,3,Fair,3,1,0,0,1,1,0,25,20,0,1,0,0,0,8,72,54,3,0,23995,6856,10,0,0,0,1,0,41638,Driveway,Gas,Central AC,Asphalt Shingle,Slab,Laminate,Vinyl Siding,Municipal,Municipal,Winter,1150000.0,1242066,92066.0,7.41,1241783,91783.0,7.39,-283,-0.02,1.0,35145.0,18.49
PROP_0729,Newington,Single Family,3,2.0,1638.0,11761.2,63,2,Distressed,2,0,0,0,1,1,1,25,20,0,0,0,0,0,7,80,79,10,0,5331,2362,10,0,0,0,1,0,68193,Driveway,Oil,Central AC,Asphalt Shingle,Basement,Laminate,Vinyl Siding,Municipal,Municipal,Fall,369900.0,336567,-33333.0,-9.9,336256,-33644.0,-10.01,-311,-0.09,1.0,-116837.0,-31.5
PROP_0730,Milford,Single Family,3,2.0,1344.0,3920.4,45,1,Poor,2,0,0,0,0,1,0,17,20,1,1,0,0,0,9,54,46,9,0,6432,2219,20,2,0,0,1,1,20932,Driveway,Electric,Central AC,Asphalt Shingle,Basement,Carpet,Brick,Well,Municipal,Summer,350000.0,337720,-12280.0,-3.64,337866,-12134.0,-3.59,146,0.04,27.0,-48066.0,-6.59
PROP_0731,East Lyme,Single Family,3,3.0,2210.0,8712.0,52,1,Poor,2,0,0,0,1,1,1,17,20,0,1,0,0,0,7,37,34,11,0,5551,2273,60,1,0,0,1,1,20929,Garage,Electric,Window Units,Asphalt Shingle,Slab,Hardwood,Brick,Well,Municipal,Fall,375000.0,392802,17802.0,4.53,392721,17721.0,4.51,-81,-0.02,21.0,-18208.0,11.4
PROP_0732,East Hartford,Single Family,3,2.0,1030.0,10018.8,63,1,Distressed,2,0,0,0,1,1,1,25,20,0,0,0,0,0,7,76,71,10,0,4702,1370,30,2,0,0,0,0,27856,Street,Gas,Central AC,Metal,Crawl Space,Laminate,Vinyl Siding,Municipal,Municipal,Fall,209000.0,175661,-33339.0,-18.98,175994,-33006.0,-18.75,333,0.19,23.0,-75862.0,-40.49
PROP_0733,Uncasville,Single Family,2,2.0,1447.0,8712.0,52,1,Poor,1,0,1,1,1,1,1,25,20,0,0,0,0,0,8,97,85,11,0,5164,1341,60,0,1,0,1,0,28477,Street,Gas,Window Units,Asphalt Shingle,Basement,Hardwood,Vinyl Siding,Municipal,Municipal,Fall,239995.0,263378,23383.0,8.88,263427,23432.0,8.9,49,0.02,26.0,-20045.0,21.0
PROP_0734,Woodbury,Single Family,4,2.0,3523.0,261360.0,60,2,Poor,3,0,0,1,1,1,1,25,20,1,1,0,0,0,5,74,58,2,0,14608,3731,20,1,0,0,1,0,62002,Driveway,Electric,Central AC,Asphalt Shingle,Basement,Tile,Vinyl Siding,Well,Municipal,Winter,599900.0,543259,-56641.0,-10.43,543296,-56604.0,-10.42,37,0.01,12.0,-133606.0,-31.8
PROP_0735,Orange,Townhouse,3,2.0,2256.0,81892.79999999999,51,1,Fair,2,0,0,0,0,0,1,25,20,1,1,1,222,0,8,57,44,12,0,8998,3156,60,1,0,0,1,1,27058,Street,Oil,Central AC,Asphalt Shingle,Slab,Tile,Wood,Municipal,Municipal,Fall,479900.0,511624,31724.0,6.2,511599,31699.0,6.2,-25,-0.0,21.0,-10359.0,15.56
PROP_0736,New Milford,Single Family,2,2.0,1058.0,8712.0,53,1,Fair,1,0,0,0,1,1,0,18,20,1,0,0,0,0,7,55,54,5,1,3367,1595,120,1,0,0,1,0,14684,Driveway,Gas,Central AC,Asphalt Shingle,Crawl Space,Hardwood,Wood,Municipal,Septic,Spring,275000.0,296221,21221.0,7.16,296138,21138.0,7.14,-83,-0.03,22.0,-8546.0,17.83
PROP_0737,Hartford,Single Family,8,2.0,3732.0,7405.200000000001,56,3,Poor,3,0,0,1,1,1,1,25,20,0,1,0,0,0,6,51,36,10,0,3680,1225,180,0,0,0,0,0,12720,Garage,Electric,Central AC,Asphalt Shingle,Slab,Laminate,Vinyl Siding,Municipal,Municipal,Fall,210000.0,234007,24007.0,10.26,259270,49270.0,19.0,25263,10.8,18.0,21550.0,43.76
PROP_0738,New Britain,Condo,2,1.0,777.0,8712.0,59,1,Poor,1,0,0,0,0,1,1,25,20,0,1,1,333,0,5,38,34,3,0,1616,603,120,2,0,0,1,1,11939,Street,Electric,Central AC,Asphalt Shingle,Crawl Space,Laminate,Brick,Well,Municipal,Winter,99900.0,95841,-4059.0,-4.24,95802,-4098.0,-4.28,-39,-0.04,37.0,-31037.0,-4.26
PROP_0739,Cheshire,Single Family,4,3.0,3300.0,171190.80000000002,54,2,Fair,3,0,1,1,1,1,0,21,20,0,0,0,0,0,5,33,27,6,1,13086,4553,10,0,0,0,1,0,27398,Street,Electric,Window Units,Asphalt Shingle,Basement,Hardwood,Wood,Well,Septic,Spring,725000.0,750563,25563.0,3.41,750503,25503.0,3.4,-60,-0.01,1.0,-16895.0,5.31
PROP_0740,Stamford,Single Family,2,2.0,1199.0,8712.0,58,1,Poor,1,0,1,1,1,0,1,25,20,0,0,0,0,0,8,66,53,12,0,9573,2756,10,2,1,0,0,0,19868,Carport,Heat Pump,Central AC,Tile,Crawl Space,Tile,Vinyl Siding,Municipal,Municipal,Fall,425000.0,482595,57595.0,11.93,555966,130966.0,23.56,73371,15.2,41.0,96098.0,64.93
PROP_0741,Stratford,Single Family,4,2.0,1800.0,6969.6,47,2,Fair,3,0,0,1,1,1,1,21,20,0,0,0,0,0,7,32,29,3,0,9857,2457,20,0,0,0,1,2,11773,Driveway,Oil,Central AC,Asphalt Shingle,Basement,Carpet,Brick,Well,Septic,Winter,439000.0,481685,42685.0,8.86,432322,-6678.0,-1.54,-49363,-10.25,12.0,-33451.0,-4.03
PROP_0742,Bristol,Single Family,4,2.0,1505.0,5227.2,52,1,Fair,3,0,1,0,1,1,1,19,20,0,0,0,0,0,6,59,51,6,1,5060,1612,10,2,0,0,1,0,6954,Driveway,Electric,Central AC,Asphalt Shingle,Basement,Hardwood,Stucco,Municipal,Municipal,Spring,244900.0,237566,-7334.0,-3.09,237717,-7183.0,-3.02,151,0.06,21.0,-29137.0,-4.75
PROP_0743,East Hampton,Single Family,3,3.0,3148.0,114562.8,54,2,Poor,2,1,1,0,1,0,1,25,20,0,1,0,0,0,5,77,61,2,0,2595,1131,30,2,0,1,0,0,13156,Carport,Gas,Central AC,Asphalt Shingle,Slab,Carpet,Vinyl Siding,Municipal,Municipal,Winter,199900.0,271649,71749.0,26.41,271695,71795.0,26.42,46,0.02,38.0,43639.0,64.8
PROP_0744,Ridgefield,Condo,2,1.0,640.0,6969.6,52,1,Fair,1,0,0,0,0,0,1,25,20,0,1,1,403,1,6,52,48,6,1,8279,2127,20,0,0,0,1,0,15604,Street,Gas,Central AC,Asphalt Shingle,Crawl Space,Hardwood,Stucco,Well,Septic,Spring,335000.0,381737,46737.0,12.24,381729,46729.0,12.24,-8,-0.0,2.0,16125.0,26.49
PROP_0745,Waterbury,Single Family,2,2.0,1024.0,8712.0,48,1,Poor,1,0,1,1,0,1,1,17,20,0,0,0,0,0,7,54,38,1,0,2060,743,20,2,0,0,1,2,12288,Carport,Gas,Window Units,Metal,Basement,Hardwood,Vinyl Siding,Municipal,Municipal,Winter,121000.0,130033,9033.0,6.95,130059,9059.0,6.97,26,0.02,32.0,-18229.0,18.52
PROP_0746,Weston,Single Family,6,5.0,3838.0,87120.0,61,3,Distressed,3,0,0,0,1,1,0,25,20,1,1,0,0,0,7,60,56,11,0,18255,8723,60,0,0,0,0,0,287716,Driveway,Heat Pump,Central AC,Asphalt Shingle,Slab,Laminate,Stucco,Municipal,Municipal,Fall,1399000.0,1346518,-52482.0,-3.9,1346524,-52476.0,-3.9,6,0.0,6.0,-355192.0,-42.12
PROP_0747,Torrington,Single Family,6,2.0,1613.0,7405.200000000001,59,1,Fair,3,0,0,0,1,0,1,24,20,0,0,0,0,0,7,24,22,5,1,3128,949,90,0,0,0,1,0,8003,Carport,Gas,Central AC,Asphalt Shingle,Slab,Carpet,Stucco,Municipal,Municipal,Spring,160000.0,158841,-1159.0,-0.73,158919,-1081.0,-0.68,78,0.05,9.0,-24084.0,-1.97
PROP_0748,West Haven,Single Family,4,2.0,1456.0,7405.200000000001,62,1,Distressed,3,0,1,1,1,1,1,25,20,1,1,0,0,0,7,21,16,8,1,7033,2250,90,1,0,0,0,0,50221,Driveway,Gas,Central AC,Asphalt Shingle,Slab,Tile,Vinyl Siding,Municipal,Municipal,Summer,389900.0,342696,-47204.0,-13.77,342881,-47019.0,-13.71,185,0.05,19.0,-112240.0,-34.84
PROP_0749,Glastonbury,Townhouse,2,4.0,1470.0,8712.0,46,1,Poor,1,0,0,0,1,1,1,25,20,0,0,1,378,0,7,69,62,2,0,4606,1732,20,1,0,0,1,0,30772,Street,Electric,Central AC,Asphalt Shingle,Crawl Space,Laminate,Stucco,Municipal,Municipal,Winter,299900.0,304048,4148.0,1.36,299336,-564.0,-0.19,-4712,-1.55,12.0,-46336.0,-2.61
PROP_0750,Meriden,Single Family,4,2.0,2432.0,4356.0,55,1,Fair,3,0,0,0,1,0,0,25,20,0,0,0,0,0,8,41,32,3,0,5021,1831,10,0,0,0,1,2,8928,Driveway,Heat Pump,Central AC,Asphalt Shingle,Slab,Tile,Brick,Municipal,Municipal,Winter,310000.0,339448,29448.0,8.68,339347,29347.0,8.65,-101,-0.03,11.0,5419.0,20.04
PROP_0751,Hartford,Single Family,3,2.0,1280.0,2178.0,66,1,Distressed,2,0,0,0,1,1,0,25,20,0,0,0,0,0,7,42,34,12,0,1777,720,20,2,0,0,1,1,16689,Garage,Gas,Central AC,Asphalt Shingle,Slab,Hardwood,Brick,Well,Municipal,Fall,114900.0,93309,-21591.0,-23.14,93385,-21515.0,-23.04,76,0.08,27.0,-53204.0,-46.0
PROP_0752,East Granby,Single Family,3,2.0,1656.0,36154.8,63,2,Distressed,2,0,1,0,0,1,1,25,20,1,1,0,0,0,6,58,45,8,1,6400,1567,30,0,0,0,1,0,21566,Carport,Gas,Central AC,Tile,Basement,Hardwood,Vinyl Siding,Municipal,Municipal,Summer,259700.0,232652,-27048.0,-11.63,232596,-27104.0,-11.65,-56,-0.02,3.0,-63670.0,-29.07
PROP_0753,North Haven,Townhouse,3,3.0,1906.0,8712.0,59,1,Fair,2,0,1,0,0,1,0,25,20,1,0,1,419,0,9,82,65,8,1,5705,2716,90,3,0,0,0,0,22514,Garage,Gas,Central AC,Asphalt Shingle,Slab,Tile,Brick,Municipal,Municipal,Summer,444900.0,476576,31676.0,6.65,517797,72897.0,14.08,41221,8.65,39.0,35383.0,39.5
PROP_0754,Avon,Single Family,5,7.0,5148.0,46609.2,59,3,Poor,3,0,0,0,1,1,0,25,20,1,0,0,0,0,5,57,47,1,0,19976,7561,120,0,0,0,1,0,117107,Driveway,Gas,Central AC,Asphalt Shingle,Slab,Tile,Stucco,Municipal,Municipal,Winter,1195000.0,1167286,-27714.0,-2.37,1167272,-27728.0,-2.38,-14,-0.0,12.0,-159835.0,-18.34
PROP_0755,Westport,Single Family,4,4.0,4593.0,43995.6,43,2,Poor,3,0,1,1,1,1,1,16,20,1,0,0,0,0,7,59,56,11,0,51005,19328,60,1,0,0,1,0,269558,Street,Electric,Central AC,Metal,Crawl Space,Tile,Stucco,Well,Municipal,Fall,3500000.0,3652905,152905.0,4.19,3652909,152909.0,4.19,4,0.0,16.0,-131649.0,-1.58
PROP_0756,Salisbury,Single Family,4,5.0,3564.0,280526.4,44,2,Poor,3,0,0,0,0,1,1,15,20,1,1,0,0,0,8,41,32,3,0,40545,14957,20,0,0,0,1,1,189618,Street,Heat Pump,Window Units,Asphalt Shingle,Crawl Space,Carpet,Brick,Municipal,Municipal,Winter,2450000.0,2569981,119981.0,4.67,2569961,119961.0,4.67,-20,-0.0,7.0,-84657.0,2.27
PROP_0757,North Haven,Single Family,4,2.0,2009.0,25264.8,58,2,Poor,3,0,1,1,0,1,0,25,20,1,0,0,0,0,7,63,61,1,0,8215,2896,30,1,0,0,1,0,25183,Carport,Heat Pump,Central AC,Tile,Slab,Carpet,Brick,Municipal,Septic,Winter,475000.0,460589,-14411.0,-3.13,460615,-14385.0,-3.12,26,0.01,13.0,-54568.0,-9.1
PROP_0758,Westport,Townhouse,2,3.0,2437.0,8712.0,32,2,Fair,1,0,0,0,1,1,1,12,17,1,0,1,353,0,6,69,51,8,1,64326,18965,120,0,0,0,1,0,78397,Garage,Heat Pump,Central AC,Asphalt Shingle,Basement,Hardwood,Brick,Municipal,Municipal,Summer,3370500.0,3777408,406908.0,10.77,3777398,406898.0,10.77,-10,-0.0,12.0,313501.0,55.29
PROP_0759,Griswold,Single Family,2,3.0,1340.0,8712.0,49,1,Poor,1,0,0,1,1,1,0,15,20,1,1,0,0,0,7,81,63,10,0,3974,909,10,1,0,0,1,0,14677,Carport,Electric,Central AC,Asphalt Shingle,Basement,Tile,Brick,Municipal,Municipal,Fall,159000.0,155327,-3673.0,-2.36,155428,-3572.0,-2.3,101,0.07,11.0,-33249.0,-5.72
PROP_0760,Colchester,Single Family,2,2.0,1352.0,8712.0,52,1,Fair,1,0,0,0,1,0,1,25,20,1,0,0,0,0,6,63,52,10,0,3722,1242,90,1,0,0,1,0,4644,Street,Electric,,Asphalt Shingle,Basement,Hardwood,Brick,Municipal,Septic,Fall,224900.0,224403,-497.0,-0.22,224375,-525.0,-0.23,-28,-0.01,19.0,-20169.0,1.32
PROP_0761,West Hartford,Single Family,3,2.0,1654.0,7840.799999999999,48,2,Fair,2,0,1,1,0,1,1,25,20,1,1,0,0,0,8,58,54,9,0,6435,1525,180,0,0,0,0,2,15415,Street,Gas,Window Units,Asphalt Shingle,Slab,Carpet,Stucco,Municipal,Municipal,Summer,279000.0,352338,73338.0,20.81,313015,34015.0,10.87,-39323,-11.16,28.0,3600.0,27.7
PROP_0762,Ridgefield,Single Family,4,4.0,4218.0,142876.8,63,3,Distressed,3,1,1,1,1,1,0,22,20,1,1,0,0,0,9,31,24,3,0,22817,6147,30,3,0,0,1,0,181909,Street,Gas,Central AC,Metal,Slab,Laminate,Brick,Municipal,Municipal,Winter,1100000.0,932209,-167791.0,-18.0,932209,-167791.0,-18.0,0,0.0,33.0,-364700.0,-65.87
PROP_0763,Torrington,Single Family,3,2.0,1382.0,10890.0,63,1,Poor,2,0,0,1,1,0,1,25,20,0,1,0,0,0,7,51,38,2,0,1652,728,60,1,0,0,1,0,11469,Carport,Electric,Central AC,Metal,Crawl Space,Carpet,Vinyl Siding,Municipal,Septic,Winter,115000.0,120396,5396.0,4.48,120331,5331.0,4.43,-65,-0.05,16.0,-21138.0,9.95
PROP_0764,Salem,Single Family,3,2.0,1500.0,43560.0,50,2,Poor,2,0,0,1,0,1,1,24,20,0,0,0,0,0,7,62,61,12,0,4877,2088,10,1,0,0,0,3,21777,Garage,Electric,Central AC,Asphalt Shingle,Slab,Carpet,Wood,Municipal,Municipal,Fall,320000.0,312083,-7917.0,-2.54,352539,32539.0,9.23,40456,12.96,26.0,-4238.0,23.24
PROP_0765,Manchester,Single Family,6,3.0,2808.0,12632.4,63,2,Poor,3,0,0,1,0,0,1,25,20,1,0,0,0,0,7,49,35,1,0,4216,1807,120,1,0,0,1,0,17543,Driveway,Electric,,Asphalt Shingle,Basement,Hardwood,Vinyl Siding,Well,Municipal,Winter,279900.0,275381,-4519.0,-1.64,275544,-4356.0,-1.58,163,0.06,22.0,-36899.0,-2.45
PROP_0766,Windsor,Townhouse,3,3.0,1622.0,797148.0,53,2,Fair,2,0,0,0,0,1,0,20,20,1,0,1,215,0,7,94,68,10,0,10233,2522,180,1,0,1,0,1,21634,Street,Gas,Central AC,Asphalt Shingle,Basement,Hardwood,Vinyl Siding,Municipal,Municipal,Fall,449900.0,602362,152462.0,25.31,602381,152481.0,25.31,19,0.0,48.0,115847.0,71.8
PROP_0767,Hartford,Single Family,6,3.0,3189.0,5662.8,50,2,Fair,3,0,1,0,1,1,1,25,20,1,0,0,0,0,7,34,26,11,0,5500,2092,30,1,0,0,1,0,12166,Driveway,Oil,Window Units,Asphalt Shingle,Basement,Carpet,Wood,Municipal,Municipal,Fall,337900.0,351137,13237.0,3.77,362808,24908.0,6.87,11671,3.32,13.0,-2258.0,16.11
PROP_0768,Ledyard,Townhouse,4,2.0,1398.0,24393.6,58,1,Fair,3,0,0,0,1,1,0,24,20,0,0,0,0,0,8,59,42,1,0,7799,1835,20,0,0,0,1,1,9773,Driveway,Electric,Central AC,Asphalt Shingle,Basement,Tile,Brick,Municipal,Municipal,Winter,323000.0,352439,29439.0,8.35,352328,29328.0,8.32,-111,-0.03,7.0,4555.0,18.5
PROP_0769,Waterbury,Single Family,6,3.0,3393.0,6098.400000000001,52,2,Poor,3,0,1,1,1,1,1,23,20,0,0,0,0,0,7,66,49,3,0,5859,1721,120,3,0,0,0,0,14948,Street,Gas,Central AC,Tile,Slab,Carpet,Brick,Municipal,Municipal,Winter,289900.0,311590,21690.0,6.96,311614,21714.0,6.97,24,0.01,42.0,-8234.0,21.52
PROP_0770,New London,Townhouse,4,3.0,1989.0,6534.0,65,1,Distressed,3,0,0,0,0,1,0,25,20,0,0,1,148,0,6,30,25,1,0,7252,1909,60,0,0,0,0,2,23322,Street,Oil,Central AC,Tile,Crawl Space,Tile,Wood,Municipal,Municipal,Winter,299900.0,279359,-20541.0,-7.35,279394,-20506.0,-7.34,35,0.01,16.0,-58828.0,-17.36
PROP_0771,Norwich,Single Family,3,2.0,1512.0,7840.799999999999,47,2,Fair,2,0,0,1,1,1,1,25,20,0,0,0,0,0,7,67,58,10,0,6034,1515,60,2,0,1,0,0,13602,Street,Oil,Central AC,Asphalt Shingle,Crawl Space,Tile,Stucco,Municipal,Municipal,Fall,249900.0,333512,83612.0,25.07,333494,83594.0,25.07,-18,-0.01,41.0,54992.0,63.84
PROP_0772,Farmington,Single Family,4,3.0,2511.0,8712.0,61,2,Poor,3,0,1,0,0,0,0,25,20,0,0,0,0,0,6,94,78,5,1,8456,3103,90,1,0,0,0,0,26755,Street,Gas,Central AC,Asphalt Shingle,Crawl Space,Hardwood,Vinyl Siding,Municipal,Municipal,Spring,549900.0,521089,-28811.0,-5.53,521209,-28691.0,-5.5,120,0.02,19.0,-70446.0,-14.24
PROP_0773,East Hartford,Single Family,3,1.0,1336.0,9583.2,48,1,Fair,2,0,1,1,1,1,1,22,20,0,0,0,0,0,6,62,44,7,1,2721,1415,20,2,0,0,1,0,10647,Garage,Electric,Central AC,Asphalt Shingle,Crawl Space,Hardwood,Vinyl Siding,Municipal,Municipal,Summer,215000.0,245456,30456.0,12.41,245263,30263.0,12.34,-193,-0.08,22.0,4616.0,29.54
PROP_0774,Enfield,Single Family,2,2.0,1874.0,8712.0,58,1,Poor,1,0,0,0,1,1,0,25,20,1,0,0,0,0,8,90,87,8,1,9645,2611,10,2,1,0,1,0,45753,Carport,Heat Pump,Window Units,Asphalt Shingle,Crawl Space,Laminate,Vinyl Siding,Well,Municipal,Summer,469900.0,596514,126614.0,21.23,596471,126571.0,21.22,-43,-0.01,41.0,65818.0,57.22
PROP_0775,New Fairfield,Condo,1,1.0,500.0,15245.999999999998,52,1,Poor,0,0,0,0,0,1,1,25,20,0,1,1,491,0,7,37,26,11,0,3650,981,10,2,0,1,0,1,8856,Driveway,Electric,Central AC,Asphalt Shingle,Slab,Carpet,Vinyl Siding,Well,Municipal,Fall,164900.0,216861,51961.0,23.96,216839,51939.0,23.95,-22,-0.01,41.0,28083.0,58.91
PROP_0776,Greenwich,Single Family,6,5.0,2771.0,10018.8,50,2,Poor,3,1,1,0,1,1,0,22,20,1,0,0,0,0,6,43,35,3,0,21243,7142,20,0,0,0,1,3,101956,Driveway,Oil,Central AC,Metal,Slab,Laminate,Wood,Municipal,Septic,Winter,1100000.0,1142136,42136.0,3.69,1142215,42215.0,3.7,79,0.01,17.0,-74741.0,3.33
PROP_0777,New Fairfield,Single Family,4,4.0,2900.0,110206.8,45,2,Poor,3,0,0,0,1,1,1,24,19,0,0,0,0,0,7,41,31,4,1,10281,4559,60,0,0,0,0,1,44378,Driveway,Gas,Central AC,Tile,Basement,Hardwood,Wood,Municipal,Septic,Spring,699000.0,746441,47441.0,6.36,746521,47521.0,6.37,80,0.01,11.0,-11857.0,13.75
PROP_0778,Milford,Townhouse,5,2.0,1941.0,8276.4,39,2,Fair,3,0,0,0,0,1,1,19,20,1,1,1,213,0,6,68,60,8,1,40988,15170,10,1,0,0,1,0,88431,Driveway,Electric,Window Units,Asphalt Shingle,Crawl Space,Tile,Vinyl Siding,Municipal,Septic,Summer,2420000.0,2359276,-60724.0,-2.57,2359248,-60752.0,-2.58,-28,-0.0,11.0,-164183.0,-19.38
PROP_0779,Berlin,Single Family,4,4.0,3079.0,22651.2,53,3,Poor,3,0,0,0,0,1,1,16,20,0,0,0,0,0,7,88,73,9,0,13759,3882,60,3,0,0,1,0,37532,Carport,Oil,Central AC,Asphalt Shingle,Slab,Tile,Vinyl Siding,Municipal,Municipal,Summer,629900.0,585362,-44538.0,-7.61,585350,-44550.0,-7.61,-12,-0.0,36.0,-97082.0,-17.73
PROP_0780,Meriden,Single Family,3,2.0,1008.0,7840.799999999999,48,1,Fair,2,0,1,1,0,1,1,16,20,1,1,0,0,0,7,35,31,9,0,3726,1379,60,0,0,0,1,1,12841,Driveway,Gas,Window Units,Asphalt Shingle,Slab,Carpet,Vinyl Siding,Municipal,Municipal,Summer,229000.0,247111,18111.0,7.33,247036,18036.0,7.3,-75,-0.03,11.0,-9805.0,15.82
PROP_0781,Fairfield,Single Family,4,2.0,1624.0,11325.6,53,2,Poor,3,0,0,1,1,1,1,25,20,1,0,0,0,0,6,40,28,1,0,14754,5203,120,0,0,0,1,0,89884,Driveway,Gas,Window Units,Flat,Basement,Tile,Wood,Municipal,Septic,Winter,899000.0,903143,4143.0,0.46,903237,4237.0,0.47,94,0.01,12.0,-100647.0,-6.72
PROP_0782,New Britain,Single Family,4,1.0,1080.0,6969.6,63,1,Distressed,3,0,0,1,1,0,0,21,20,1,0,0,0,0,8,56,50,6,1,3394,1260,10,0,0,0,0,0,40934,Driveway,Heat Pump,Window Units,Asphalt Shingle,Slab,Tile,Vinyl Siding,Well,Municipal,Spring,210000.0,174198,-35802.0,-20.55,174326,-35674.0,-20.46,128,0.07,1.0,-91608.0,-49.88
PROP_0783,Wallingford,Single Family,4,3.0,1716.0,9583.2,53,2,Fair,3,0,0,0,1,1,1,25,20,0,0,0,0,0,9,76,70,4,1,6238,2009,20,0,0,0,1,0,18269,Driveway,Oil,,Metal,Basement,Laminate,Brick,Municipal,Municipal,Spring,325000.0,336301,11301.0,3.36,336355,11355.0,3.38,54,0.02,2.0,-21914.0,4.97
PROP_0784,Wallingford,Townhouse,3,2.0,1488.0,30927.6,62,1,Distressed,2,0,1,0,1,0,1,25,20,0,0,0,0,0,7,68,60,7,1,4540,1732,30,0,0,0,0,1,29987,Street,Electric,Central AC,Asphalt Shingle,Basement,Tile,Vinyl Siding,Municipal,Municipal,Summer,320000.0,259117,-60883.0,-23.5,259212,-60788.0,-23.45,95,0.04,8.0,-105775.0,-55.88
PROP_0785,Groton,Townhouse,2,2.0,1026.0,8712.0,54,1,Poor,1,0,0,0,0,1,1,25,20,1,1,1,364,0,9,69,67,4,1,1528,720,120,1,0,0,1,2,4872,Street,Gas,Window Units,Asphalt Shingle,Slab,Carpet,Wood,Municipal,Municipal,Spring,120000.0,121289,1289.0,1.06,121315,1315.0,1.08,26,0.02,32.0,-18557.0,6.7
PROP_0786,Killingly,Single Family,3,3.0,2550.0,270072.0,48,2,Poor,2,0,1,0,1,1,0,14,20,0,0,0,0,0,5,51,48,4,1,16888,4294,120,1,0,0,0,0,78811,Driveway,Gas,Window Units,Asphalt Shingle,Slab,Tile,Brick,Municipal,Municipal,Spring,695000.0,671243,-23757.0,-3.54,671257,-23743.0,-3.54,14,0.0,22.0,-117554.0,-14.44
PROP_0787,Old Saybrook,Townhouse,3,2.0,2070.0,13939.2,52,1,Fair,2,0,0,0,1,0,1,17,20,0,0,0,0,0,8,42,38,7,1,7083,2467,20,1,0,0,0,0,20987,Garage,Gas,Central AC,Asphalt Shingle,Slab,Carpet,Wood,Municipal,Municipal,Summer,449000.0,464170,15170.0,3.27,419653,-29347.0,-6.99,-44517,-9.59,12.0,-65334.0,-18.11
PROP_0788,Glastonbury,Single Family,3,2.0,1370.0,8712.0,57,1,Poor,2,0,0,1,1,0,1,25,20,0,0,0,0,0,8,43,31,9,0,4846,1385,180,1,0,0,0,2,8695,Garage,Electric,Central AC,Asphalt Shingle,Basement,Laminate,Vinyl Siding,Municipal,Municipal,Summer,215000.0,276812,61812.0,22.33,276693,61693.0,22.3,-119,-0.04,38.0,37998.0,56.0
PROP_0789,Trumbull,Single Family,3,3.0,2142.0,8276.4,48,1,Fair,2,0,1,0,0,1,1,19,20,1,0,0,0,0,6,75,67,8,1,8822,2486,30,0,0,0,1,3,20210,Garage,Gas,Central AC,Metal,Basement,Hardwood,Brick,Municipal,Municipal,Summer,420000.0,417919,-2081.0,-0.5,417967,-2033.0,-0.49,48,0.01,18.0,-37243.0,-1.1
PROP_0790,Cornwall,Single Family,3,3.0,3088.0,131986.8,52,2,Poor,2,1,1,1,0,1,1,25,20,1,1,0,0,0,8,96,89,7,1,10928,4184,30,1,0,0,0,0,75982,Carport,Heat Pump,Central AC,Tile,Basement,Hardwood,Stucco,Municipal,Municipal,Summer,679000.0,682069,3069.0,0.45,682038,3038.0,0.45,-31,-0.0,13.0,-87944.0,-5.29
PROP_0791,New Haven,Single Family,5,3.0,1200.0,4356.0,52,1,Fair,3,0,0,0,0,1,1,16,20,0,1,0,0,0,5,94,87,5,1,3186,1369,90,3,0,0,1,0,9618,Garage,Gas,Central AC,Metal,Slab,Carpet,Stucco,Municipal,Municipal,Spring,220000.0,252432,32432.0,12.85,252423,32423.0,12.84,-9,-0.0,39.0,7805.0,34.26
PROP_0792,Middletown,Single Family,5,3.0,3162.0,152460.0,60,3,Distressed,3,1,0,0,0,1,0,21,20,1,1,0,0,0,9,40,35,8,1,8955,2237,20,0,1,0,1,0,62953,Driveway,Heat Pump,Central AC,Asphalt Shingle,Slab,Carpet,Wood,Municipal,Septic,Summer,395000.0,449038,54038.0,12.03,449018,54018.0,12.03,-20,-0.0,22.0,-23935.0,26.07
PROP_0793,Bethlehem,Single Family,4,6.0,7215.0,7961896.8,53,2,Fair,3,1,0,1,1,0,1,25,20,1,0,0,0,0,6,45,41,8,1,58062,14422,10,2,0,0,1,0,97206,Driveway,Gas,Central AC,Asphalt Shingle,Crawl Space,Hardwood,Brick,Municipal,Municipal,Summer,2600000.0,2787578,187578.0,6.73,2787591,187591.0,6.73,13,0.0,21.0,75385.0,25.2
PROP_0794,Sharon,Single Family,4,2.0,1827.0,156816.0,59,1,Poor,3,0,1,1,1,1,1,25,20,0,0,0,0,0,8,71,59,3,0,7767,2031,180,1,0,0,1,0,19504,Garage,Electric,Central AC,Metal,Basement,Carpet,Vinyl Siding,Municipal,Municipal,Winter,325000.0,338243,13243.0,3.92,338381,13381.0,3.95,138,0.04,28.0,-21123.0,11.39
PROP_0795,Stamford,Townhouse,4,2.0,2223.0,46173.600000000006,47,2,Fair,3,0,1,0,0,1,1,25,20,1,0,1,175,0,5,50,42,10,0,8193,3780,20,0,0,0,1,0,27493,Carport,Oil,Window Units,Asphalt Shingle,Slab,Tile,Brick,Municipal,Septic,Fall,635000.0,715312,80312.0,11.23,715259,80259.0,11.22,-53,-0.01,2.0,37766.0,26.62
PROP_0796,Norwalk,Condo,1,1.0,883.0,8712.0,54,1,Fair,0,0,0,0,0,0,1,21,20,1,1,1,400,0,7,28,22,7,1,5461,2435,10,0,0,0,1,0,21780,Street,Electric,Central AC,Asphalt Shingle,Slab,Carpet,Vinyl Siding,Municipal,Municipal,Summer,410000.0,445108,35108.0,7.89,445055,35055.0,7.88,-53,-0.01,1.0,-1725.0,15.79
PROP_0797,Windham,Single Family,3,2.0,1296.0,8712.0,63,1,Poor,2,0,1,0,1,0,0,25,20,1,0,0,0,0,9,47,44,12,0,974,381,120,2,0,0,1,0,3983,Garage,Oil,Central AC,Flat,Basement,Tile,Brick,Municipal,Septic,Fall,60000.0,65045,5045.0,7.76,65014,5014.0,7.71,-31,-0.05,32.0,-13969.0,20.42
PROP_0798,West Haven,Single Family,2,2.0,1008.0,8712.0,46,1,Fair,1,0,1,0,0,1,1,25,20,1,0,0,0,0,6,59,48,2,0,3503,1178,120,0,0,0,1,0,5547,Driveway,Electric,Window Units,Asphalt Shingle,Basement,Laminate,Brick,Municipal,Municipal,Winter,185000.0,190888,5888.0,3.08,190984,5984.0,3.13,96,0.05,12.0,-14563.0,7.2
PROP_0799,Plainfield,Single Family,4,1.0,1378.0,37897.2,50,1,Fair,3,0,0,0,1,1,0,20,20,0,1,0,0,0,8,29,22,1,0,4605,1957,10,3,0,0,1,1,16020,Driveway,Gas,Central AC,Asphalt Shingle,Crawl Space,Carpet,Wood,Municipal,Municipal,Winter,325000.0,361090,36090.0,9.99,360921,35921.0,9.95,-169,-0.05,36.0,4901.0,27.59
PROP_0800,Meriden,Single Family,3,2.0,1810.0,8712.0,60,2,Distressed,2,0,1,1,1,1,1,25,20,1,0,0,0,0,7,34,25,5,1,5370,1391,20,1,0,0,0,0,37674,Street,Electric,Central AC,Asphalt Shingle,Slab,Hardwood,Vinyl Siding,Well,Municipal,Spring,215000.0,191052,-23948.0,-12.53,224404,9404.0,4.19,33352,17.46,12.0,-43270.0,6.45
PROP_0801,Bloomfield,Single Family,4,2.0,1594.0,12196.8,63,1,Poor,3,0,0,1,0,1,0,22,20,1,1,0,0,0,5,42,37,10,0,3866,1480,30,0,0,0,1,1,11217,Street,Gas,Central AC,Asphalt Shingle,Crawl Space,Hardwood,Vinyl Siding,Municipal,Municipal,Fall,245000.0,232613,-12387.0,-5.33,232606,-12394.0,-5.33,-7,-0.0,8.0,-38611.0,-12.92
PROP_0802,Rocky Hill,Townhouse,2,3.0,1556.0,8712.0,64,2,Distressed,1,0,0,0,1,0,1,21,20,0,1,1,493,0,7,77,73,10,0,3072,1310,120,0,1,0,0,0,39087,Garage,Electric,Central AC,Asphalt Shingle,Slab,Hardwood,Brick,Municipal,Municipal,Fall,232000.0,220820,-11180.0,-5.06,246893,14893.0,6.03,26073,11.81,32.0,-39194.0,14.54
PROP_0803,Bridgeport,Condo,1,1.0,604.0,8712.0,62,1,Distressed,0,0,0,0,1,0,0,19,20,1,0,1,390,1,5,91,80,6,1,1877,532,10,2,0,0,0,0,17281,Garage,Oil,Central AC,Asphalt Shingle,Basement,Hardwood,Brick,Municipal,Municipal,Spring,95000.0,85185,-9815.0,-11.52,85171,-9829.0,-11.54,-14,-0.02,21.0,-42110.0,-23.09
PROP_0804,Waterbury,Single Family,6,3.0,4878.0,8712.0,61,3,Poor,3,0,0,0,1,1,0,23,20,1,0,0,0,0,6,100,72,11,0,5400,2038,10,1,0,0,0,0,36861,Driveway,Gas,Central AC,Metal,Slab,Carpet,Vinyl Siding,Well,Municipal,Fall,335000.0,350251,15251.0,4.35,350306,15306.0,4.37,55,0.02,11.0,-36555.0,7.28
PROP_0805,Berlin,Single Family,3,3.0,1428.0,8712.0,55,1,Poor,2,0,0,0,1,1,0,19,20,1,1,0,0,0,7,20,17,8,1,8923,2037,10,0,0,0,0,0,23967,Garage,Gas,Central AC,Asphalt Shingle,Basement,Hardwood,Brick,Municipal,Municipal,Summer,370000.0,367312,-2688.0,-0.73,367271,-2729.0,-0.74,-41,-0.01,1.0,-41696.0,-5.45
PROP_0806,West Haven,Single Family,6,2.0,2184.0,11761.2,53,1,Poor,3,0,1,0,1,0,1,25,20,1,0,0,0,0,8,73,69,1,0,9507,2464,20,1,0,0,1,0,39647,Driveway,Oil,Central AC,Asphalt Shingle,Crawl Space,Laminate,Brick,Municipal,Municipal,Winter,384900.0,377392,-7508.0,-1.99,377491,-7409.0,-1.96,99,0.03,12.0,-62056.0,-7.73
PROP_0807,Newtown,Single Family,4,4.0,4638.0,972694.8,61,2,Poor,3,1,1,1,0,1,0,25,20,1,0,0,0,0,7,32,26,11,0,28106,10724,120,1,0,0,0,0,99919,Carport,Gas,Central AC,Tile,Slab,Carpet,Vinyl Siding,Municipal,Municipal,Fall,1733000.0,1789997,56997.0,3.18,1789953,56953.0,3.18,-44,-0.0,22.0,-57966.0,4.96
PROP_0808,Riverside,Single Family,6,6.0,4879.0,21344.4,38,2,Fair,3,0,1,1,0,1,1,18,20,1,1,0,0,0,5,100,97,9,0,90915,25240,20,0,0,0,0,0,100322,Street,Gas,Central AC,Asphalt Shingle,Slab,Carpet,Vinyl Siding,Municipal,Municipal,Summer,3995000.0,4353733,358733.0,8.24,4353796,358796.0,8.24,63,0.0,2.0,243474.0,41.23
PROP_0809,Vernon,Single Family,3,2.0,1528.0,30056.4,53,2,Poor,2,0,0,0,1,1,0,25,20,1,0,0,0,0,6,90,87,12,0,4196,1390,90,0,1,0,0,0,12834,Carport,Gas,Window Units,Tile,Slab,Hardwood,Brick,Municipal,Municipal,Fall,249900.0,326974,77074.0,23.57,326942,77042.0,23.56,-32,-0.01,29.0,49208.0,57.84
PROP_0810,Bristol,Townhouse,3,3.0,2201.0,10454.4,47,2,Fair,2,0,0,0,1,1,1,22,20,1,0,1,418,0,6,88,86,11,0,9796,2486,90,0,0,0,1,0,20047,Driveway,Electric,Central AC,Asphalt Shingle,Basement,Carpet,Brick,Municipal,Municipal,Fall,424900.0,488185,63285.0,12.96,426797,1897.0,0.44,-61388,-12.57,9.0,-33150.0,-0.63
PROP_0811,East Lyme,Single Family,2,3.0,2200.0,8712.0,50,2,Fair,1,0,1,0,0,1,1,25,20,1,1,0,0,0,7,100,94,11,0,10501,3589,10,2,0,0,0,1,33041,Garage,Gas,Central AC,Asphalt Shingle,Slab,Hardwood,Vinyl Siding,Municipal,Municipal,Fall,609000.0,620320,11320.0,1.82,616851,7851.0,1.27,-3469,-0.56,26.0,-40190.0,3.72
PROP_0812,Bloomfield,Townhouse,3,3.0,2408.0,46173.600000000006,64,1,Distressed,2,0,1,0,1,1,1,25,20,0,1,0,0,0,6,78,73,8,1,7125,2217,120,0,0,0,1,3,74178,Driveway,Electric,Central AC,Asphalt Shingle,Crawl Space,Hardwood,Wood,Municipal,Municipal,Summer,374990.0,313192,-61798.0,-19.73,313236,-61754.0,-19.71,44,0.01,27.0,-150932.0,-49.11
PROP_0813,Cheshire,Single Family,4,3.0,2076.0,78408.0,51,2,Poor,3,0,0,1,1,1,0,25,20,1,0,0,0,0,6,61,44,1,0,7137,2241,10,0,0,0,0,1,18992,Driveway,Oil,Central AC,Asphalt Shingle,Crawl Space,Hardwood,Brick,Municipal,Municipal,Winter,399900.0,405491,5591.0,1.38,405288,5388.0,1.33,-203,-0.05,6.0,-28604.0,1.0
PROP_0814,Brookfield,Single Family,4,2.0,1716.0,41382.0,62,2,Distressed,3,0,0,1,0,1,1,22,20,0,0,0,0,0,6,69,58,4,1,8910,2495,90,1,0,0,1,0,55051,Garage,Gas,,Asphalt Shingle,Basement,Hardwood,Vinyl Siding,Municipal,Municipal,Spring,449900.0,391230,-58670.0,-15.0,391179,-58721.0,-15.01,-51,-0.01,19.0,-128772.0,-39.1
PROP_0815,Middletown,Condo,2,1.0,924.0,8712.0,48,1,Fair,1,0,0,0,0,1,1,16,20,1,1,1,250,0,8,76,71,1,0,3141,1028,20,0,0,0,0,1,3467,Carport,Gas,,Asphalt Shingle,Crawl Space,Laminate,Brick,Municipal,Municipal,Winter,159900.0,160677,777.0,0.48,160699,799.0,0.5,22,0.01,7.0,-17668.0,0.63
PROP_0816,Norwalk,Townhouse,3,2.0,1471.0,11761.2,60,1,Poor,2,0,1,0,1,0,1,25,20,1,0,0,0,0,8,12,8,4,1,8041,3559,30,1,0,0,1,0,27262,Driveway,Gas,Central AC,Asphalt Shingle,Slab,Carpet,Vinyl Siding,Municipal,Municipal,Spring,589900.0,615645,25745.0,4.18,590764,864.0,0.15,-24881,-4.04,13.0,-41398.0,-1.24
PROP_0817,Southington,Single Family,3,3.0,1228.0,27007.2,51,1,Poor,2,0,0,1,0,0,1,25,20,1,0,0,0,0,8,53,38,5,1,3833,1989,60,0,1,0,1,2,32490,Driveway,Oil,Central AC,Asphalt Shingle,Slab,Hardwood,Brick,Municipal,Septic,Spring,314900.0,386289,71389.0,18.48,386409,71509.0,18.51,120,0.03,36.0,24019.0,46.62
PROP_0818,Brookfield,Single Family,4,3.0,1982.0,88426.79999999999,54,2,Fair,3,0,0,1,0,1,1,25,20,0,0,0,0,0,6,48,37,12,0,11150,3434,20,0,0,0,0,0,22897,Driveway,Gas,Window Units,Metal,Crawl Space,Tile,Brick,Municipal,Municipal,Fall,550000.0,572411,22411.0,3.92,572327,22327.0,3.9,-84,-0.01,2.0,-15570.0,6.64
PROP_0819,Killingly,Townhouse,3,2.0,1386.0,11761.2,47,1,Fair,2,0,0,0,0,1,0,19,20,0,0,1,232,0,7,51,42,9,0,5915,1820,90,0,0,0,0,0,14476,Street,Electric,Central AC,Asphalt Shingle,Basement,Tile,Vinyl Siding,Municipal,Septic,Summer,325000.0,347822,22822.0,6.56,347782,22782.0,6.55,-40,-0.01,9.0,-6694.0,14.23
PROP_0820,Naugatuck,Single Family,3,1.0,1450.0,31363.199999999997,59,1,Poor,2,0,0,1,1,1,0,25,20,1,0,0,0,0,9,56,49,9,0,3532,1192,20,1,0,0,1,0,20439,Carport,Gas,,Flat,Slab,Carpet,Wood,Municipal,Municipal,Summer,185000.0,180874,-4126.0,-2.28,202414,17414.0,8.6,21540,11.91,12.0,-18025.0,17.8
PROP_0821,Bristol,Single Family,4,2.0,1872.0,7405.200000000001,64,2,Poor,3,0,1,0,1,1,1,25,20,0,0,0,0,0,7,58,48,8,1,3305,1435,10,0,0,0,1,3,9232,Street,Gas,,Asphalt Shingle,Basement,Carpet,Brick,Municipal,Municipal,Summer,229900.0,218042,-11858.0,-5.44,218195,-11705.0,-5.36,153,0.07,16.0,-35937.0,-11.11
PROP_0822,Groton,Townhouse,3,1.0,1905.0,46609.2,51,2,Fair,2,0,0,0,0,1,1,21,20,1,1,1,181,0,5,78,65,1,0,3487,1730,10,2,0,0,0,1,14853,Garage,Electric,Central AC,Asphalt Shingle,Slab,Carpet,Wood,Municipal,Municipal,Winter,265000.0,273700,8700.0,3.18,305791,40791.0,13.34,32091,11.72,26.0,10938.0,32.97
PROP_0823,Norwalk,Townhouse,4,2.0,1456.0,6969.6,45,1,Poor,3,0,0,0,1,1,1,15,20,0,0,0,0,0,5,59,54,10,0,5956,2511,90,1,0,0,0,1,16418,Driveway,Gas,,Asphalt Shingle,Slab,Tile,Brick,Municipal,Septic,Fall,399000.0,363394,-35606.0,-9.8,401984,2984.0,0.74,38590,10.62,24.0,-28434.0,3.44
PROP_0824,Plymouth,Single Family,8,4.0,3750.0,7840.799999999999,51,3,Poor,3,0,1,0,1,0,0,23,20,1,1,0,0,0,7,89,66,5,1,4888,2294,30,0,0,0,1,0,18066,Street,Gas,Central AC,Asphalt Shingle,Crawl Space,Hardwood,Brick,Municipal,Septic,Spring,375000.0,395492,20492.0,5.18,395445,20445.0,5.17,-47,-0.01,3.0,-12621.0,9.68
PROP_0825,Bristol,Single Family,3,2.0,1250.0,15245.999999999998,54,1,Fair,2,0,1,1,1,0,0,25,20,0,0,0,0,0,9,60,52,8,1,5761,2054,20,1,0,0,0,0,7306,Driveway,Gas,Central AC,Asphalt Shingle,Slab,Carpet,Brick,Municipal,Municipal,Summer,315000.0,338009,23009.0,6.81,338083,23083.0,6.83,74,0.02,12.0,777.0,16.14
PROP_0826,Trumbull,Townhouse,3,3.0,1444.0,45302.4,49,1,Fair,2,0,0,0,1,1,0,25,20,1,0,0,0,0,9,48,44,8,1,8320,2691,10,0,0,0,0,0,9549,Carport,Heat Pump,Central AC,Asphalt Shingle,Slab,Laminate,Stucco,Municipal,Septic,Summer,439900.0,420580,-19320.0,-4.59,479700,39800.0,8.3,59120,14.06,1.0,15251.0,18.33
PROP_0827,New Canaan,Single Family,4,3.0,2321.0,15681.6,51,2,Poor,3,0,0,1,1,0,0,25,20,0,0,0,0,0,7,50,48,8,1,35539,9501,90,1,0,0,0,0,89111,Driveway,Gas,Window Units,Metal,Slab,Hardwood,Vinyl Siding,Well,Municipal,Summer,1699000.0,1654477,-44523.0,-2.69,1654440,-44560.0,-2.69,-37,-0.0,19.0,-148671.0,-16.45
PROP_0828,Milford,Townhouse,3,3.0,2000.0,3920.4,55,2,Poor,2,0,1,0,1,1,0,25,20,0,0,1,188,1,7,26,21,3,0,8696,3447,90,3,1,0,0,0,46624,Garage,Gas,Central AC,Asphalt Shingle,Basement,Carpet,Wood,Municipal,Municipal,Winter,549900.0,650109,100209.0,15.41,650070,100170.0,15.41,-39,-0.01,59.0,38546.0,46.47
PROP_0829,Bristol,Single Family,3,2.0,1768.0,32670.0,58,1,Fair,2,0,0,0,1,0,0,21,20,0,1,0,0,0,6,50,46,2,0,5970,1921,30,0,0,0,1,0,13235,Street,Gas,Central AC,Asphalt Shingle,Slab,Laminate,Brick,Municipal,Municipal,Winter,329900.0,357090,27190.0,7.61,335349,5449.0,1.62,-21741,-6.09,3.0,-22786.0,1.56
PROP_0830,Manchester,Townhouse,5,3.0,1874.0,4356.0,65,1,Poor,3,0,0,0,0,1,1,25,20,0,1,0,0,0,7,92,81,12,0,3991,1519,30,0,0,0,0,0,17319,Driveway,Heat Pump,Central AC,Metal,Basement,Hardwood,Brick,Municipal,Municipal,Fall,270000.0,252401,-17599.0,-6.97,252369,-17631.0,-6.99,-32,-0.01,3.0,-49950.0,-18.38
PROP_0831,Killingly,Single Family,2,1.0,1148.0,121968.0,45,1,Fair,1,0,1,0,1,1,0,20,20,0,1,0,0,0,7,24,21,1,0,6121,1421,30,1,0,0,1,1,9690,Driveway,Gas,Central AC,Asphalt Shingle,Slab,Hardwood,Vinyl Siding,Municipal,Municipal,Winter,249900.0,282397,32497.0,11.51,282332,32432.0,11.49,-65,-0.02,18.0,7742.0,27.35
PROP_0832,Hartford,Single Family,3,3.0,1408.0,3484.8,50,1,Fair,2,0,0,0,1,0,0,21,20,0,1,0,0,0,6,67,56,8,1,4496,1183,20,1,0,0,0,0,6486,Garage,Gas,Central AC,Metal,Basement,Carpet,Wood,Well,Municipal,Summer,184900.0,175854,-9046.0,-5.14,175929,-8971.0,-5.1,75,0.04,12.0,-30457.0,-10.85
PROP_0833,East Haven,Condo,1,1.0,529.0,8712.0,55,1,Fair,0,0,1,0,0,1,0,25,20,0,0,1,458,0,8,49,46,10,0,1924,589,10,1,1,0,1,0,1928,Garage,Gas,Central AC,Asphalt Shingle,Slab,Carpet,Vinyl Siding,Municipal,Septic,Fall,90000.0,106020,16020.0,15.11,106149,16149.0,15.21,129,0.12,31.0,-779.0,36.54
PROP_0834,Meriden,Single Family,3,2.0,1824.0,18730.8,61,2,Poor,2,0,0,0,0,1,0,19,20,1,0,0,0,0,6,55,52,5,1,6045,2007,20,0,0,0,1,0,31285,Street,Gas,,Asphalt Shingle,Basement,Carpet,Stucco,Well,Municipal,Spring,329000.0,325467,-3533.0,-1.09,325349,-3651.0,-1.12,-118,-0.04,2.0,-49936.0,-6.83
PROP_0835,Thompson,Single Family,3,2.0,1080.0,18730.8,57,1,Fair,2,0,0,1,0,1,0,25,20,0,1,0,0,0,5,79,65,12,0,7022,1678,120,1,0,0,0,0,7408,Street,Gas,Central AC,Metal,Slab,Tile,Brick,Municipal,Municipal,Fall,299900.0,338347,38447.0,11.36,338338,38438.0,11.36,-9,-0.0,22.0,16030.0,28.72
PROP_0836,Darien,Single Family,5,4.0,3306.0,19166.4,41,2,Poor,3,1,0,0,0,1,1,25,20,1,0,0,0,0,6,65,46,8,1,19154,10499,20,2,0,0,1,0,83683,Garage,Electric,Central AC,Tile,Basement,Carpet,Vinyl Siding,Municipal,Septic,Summer,1595000.0,1714091,119091.0,6.95,1714141,119141.0,6.95,50,0.0,22.0,20458.0,20.35
PROP_0837,Ellington,Single Family,3,3.0,1862.0,43560.0,51,2,Fair,2,0,0,1,0,1,0,25,20,1,1,0,0,0,5,83,79,2,0,6892,2293,10,0,0,1,1,0,10440,Carport,Electric,Central AC,Metal,Slab,Hardwood,Vinyl Siding,Municipal,Septic,Winter,359900.0,430966,71066.0,16.49,474696,114796.0,24.18,43730,10.15,16.0,89356.0,60.5
PROP_0838,Watertown,Single Family,3,3.0,1496.0,42688.8,53,1,Fair,2,0,0,0,1,1,1,25,20,0,0,0,0,0,7,39,29,9,0,6243,1840,10,0,0,0,0,0,11677,Carport,Gas,Window Units,Asphalt Shingle,Basement,Carpet,Wood,Municipal,Septic,Summer,299900.0,334415,34515.0,10.32,334718,34818.0,10.4,303,0.09,1.0,8141.0,21.81
PROP_0839,New Haven,Single Family,2,2.0,1300.0,8712.0,59,1,Fair,1,0,0,1,1,1,0,24,20,1,1,0,0,0,7,25,23,7,1,7788,2352,20,2,0,0,0,0,19734,Driveway,Gas,Central AC,Asphalt Shingle,Slab,Hardwood,Brick,Municipal,Septic,Summer,359900.0,378090,18190.0,4.81,378268,18368.0,4.86,178,0.05,22.0,-16366.0,12.48
PROP_0840,Washington,Single Family,7,7.0,5478.0,235224.00000000003,55,2,Fair,3,0,0,1,1,1,1,21,20,0,0,0,0,0,7,44,34,11,0,77220,19332,20,0,0,0,1,0,139581,Garage,Oil,Central AC,Asphalt Shingle,Crawl Space,Tile,Brick,Municipal,Municipal,Fall,3495000.0,3914488,419488.0,10.72,3914500,419500.0,10.72,12,0.0,2.0,264919.0,48.33
PROP_0841,Fairfield,Single Family,4,3.0,2000.0,12632.4,59,2,Fair,3,0,0,1,0,0,0,25,20,0,1,0,0,0,7,62,60,7,1,15214,4431,90,1,0,0,1,0,45647,Street,Heat Pump,Central AC,Asphalt Shingle,Slab,Hardwood,Wood,Municipal,Municipal,Summer,799000.0,902598,103598.0,11.48,902518,103518.0,11.47,-80,-0.01,19.0,42871.0,31.03
PROP_0842,New Haven,Single Family,6,3.0,3982.0,6534.0,62,3,Distressed,3,0,0,1,1,1,0,20,20,0,1,0,0,0,7,57,48,9,0,16190,4064,120,0,0,0,1,1,128499,Driveway,Gas,Central AC,Asphalt Shingle,Slab,Hardwood,Vinyl Siding,Municipal,Municipal,Summer,725000.0,656411,-68589.0,-10.45,656391,-68609.0,-10.45,-20,-0.0,17.0,-212108.0,-38.71
PROP_0843,Mansfield,Single Family,4,3.0,2028.0,95832.0,64,2,Distressed,3,0,0,1,1,1,1,25,20,0,1,0,0,0,7,75,73,4,1,8849,2441,10,0,0,0,0,1,80385,Garage,Gas,Central AC,Asphalt Shingle,Slab,Tile,Vinyl Siding,Municipal,Municipal,Spring,370000.0,304989,-65011.0,-21.32,305106,-64894.0,-21.27,117,0.04,6.0,-160279.0,-57.37
PROP_0844,Milford,Single Family,3,1.0,1624.0,7405.200000000001,61,2,Distressed,2,0,0,0,0,1,1,21,20,1,0,0,0,0,7,54,39,7,1,5764,1756,10,1,1,0,1,0,34035,Driveway,Electric,,Asphalt Shingle,Crawl Space,Tile,Wood,Municipal,Municipal,Summer,269900.0,280037,10137.0,3.62,279952,10052.0,3.59,-85,-0.03,31.0,-38983.0,9.48
PROP_0845,Trumbull,Single Family,3,3.0,1896.0,10018.8,45,2,Fair,2,0,1,0,1,1,0,14,20,0,1,0,0,0,6,34,25,8,1,12912,4118,120,0,0,0,1,0,23270,Driveway,Gas,Central AC,Asphalt Shingle,Crawl Space,Tile,Brick,Municipal,Municipal,Summer,624900.0,711590,86690.0,12.18,765051,140151.0,18.32,53461,7.51,12.0,101881.0,49.23
PROP_0846,West Hartford,Single Family,2,2.0,1402.0,8712.0,42,1,Fair,1,0,1,0,0,1,0,22,20,0,0,0,0,0,7,59,46,8,1,13576,4024,60,0,0,0,0,2,15130,Garage,Gas,Window Units,Asphalt Shingle,Slab,Tile,Brick,Well,Septic,Summer,679900.0,768650,88750.0,11.55,768644,88744.0,11.55,-6,-0.0,16.0,58614.0,32.16
PROP_0847,Westport,Single Family,5,4.0,3853.0,78843.6,50,2,Poor,3,0,1,1,1,0,1,25,20,0,1,0,0,0,7,63,49,1,0,29132,11933,10,0,0,0,1,0,133462,Driveway,Oil,Central AC,Asphalt Shingle,Slab,Carpet,Brick,Municipal,Municipal,Winter,1899000.0,1799070,-99930.0,-5.55,1799049,-99951.0,-5.56,-21,-0.0,1.0,-248413.0,-35.76
PROP_0848,Watertown,Single Family,3,1.0,1391.0,16988.4,53,1,Fair,2,0,0,0,0,0,1,25,20,1,0,0,0,0,7,49,41,6,1,4273,1637,90,0,0,0,1,1,13053,Driveway,Gas,Central AC,Asphalt Shingle,Slab,Carpet,Brick,Municipal,Municipal,Spring,288000.0,302297,14297.0,4.73,302240,14240.0,4.71,-57,-0.02,14.0,-13813.0,10.84
PROP_0849,Torrington,Townhouse,4,2.0,1637.0,5662.8,51,2,Fair,3,0,1,0,1,1,1,15,20,1,0,0,0,0,8,48,42,1,0,4284,1217,30,0,0,0,1,0,5442,Driveway,Gas,Central AC,Asphalt Shingle,Slab,Carpet,Vinyl Siding,Municipal,Municipal,Winter,225000.0,218815,-6185.0,-2.83,209650,-15350.0,-7.32,-9165,-4.19,3.0,-35792.0,-17.62
PROP_0850,East Hampton,Single Family,3,1.0,2014.0,417740.4,64,1,Poor,2,0,1,1,1,1,1,25,20,1,1,0,0,0,7,66,63,4,1,8129,2436,10,1,0,0,0,0,18252,Garage,Electric,Central AC,Tile,Crawl Space,Tile,Stucco,Municipal,Municipal,Spring,450000.0,429701,-20299.0,-4.72,429619,-20381.0,-4.74,-82,-0.02,11.0,-53633.0,-12.64
PROP_0851,Prospect,Single Family,3,3.0,2800.0,47044.8,48,2,Poor,2,1,1,0,0,1,0,21,20,1,1,0,0,0,7,38,37,3,0,7824,2817,180,0,0,1,0,1,48524,Driveway,Electric,Central AC,Metal,Crawl Space,Carpet,Brick,Municipal,Municipal,Winter,489975.0,585604,95629.0,16.33,585667,95692.0,16.34,63,0.01,38.0,32168.0,43.5
PROP_0852,Meriden,Single Family,2,2.0,1412.0,9147.6,50,1,Fair,1,0,1,1,1,1,0,25,20,0,1,0,0,0,6,59,52,7,1,4483,1230,60,0,0,0,1,0,6866,Garage,Electric,Window Units,Tile,Slab,Tile,Vinyl Siding,Municipal,Septic,Summer,199900.0,222632,22732.0,10.21,222430,22530.0,10.13,-202,-0.09,6.0,664.0,21.53
PROP_0853,Meriden,Single Family,5,4.0,2738.0,16552.8,64,2,Distressed,3,0,1,1,1,1,0,25,20,1,0,0,0,0,6,87,80,12,0,10141,2554,30,0,0,0,0,0,79578,Street,Gas,Central AC,Asphalt Shingle,Slab,Laminate,Vinyl Siding,Well,Municipal,Fall,450000.0,398475,-51525.0,-12.93,398335,-51665.0,-12.97,-140,-0.04,3.0,-146243.0,-39.96
PROP_0854,Greenwich,Single Family,5,5.0,5176.0,217800.0,43,3,Fair,3,0,1,0,0,1,1,21,20,0,0,0,0,0,8,54,39,3,0,59350,13303,120,2,0,0,0,1,55980,Garage,Gas,,Metal,Slab,Hardwood,Brick,Municipal,Municipal,Winter,2400000.0,2635579,235579.0,8.94,2635574,235574.0,8.94,-5,-0.0,37.0,164594.0,41.74
PROP_0855,Bloomfield,Single Family,3,3.0,1348.0,14810.4,53,1,Fair,2,0,0,0,1,0,0,25,20,0,1,0,0,0,7,98,85,9,0,4012,1425,30,1,0,0,1,2,6257,Carport,Gas,Window Units,Asphalt Shingle,Basement,Laminate,Vinyl Siding,Municipal,Septic,Summer,225000.0,246104,21104.0,8.58,246214,21214.0,8.62,110,0.04,23.0,-43.0,21.84
PROP_0856,Durham,Townhouse,3,2.0,1840.0,9147.6,51,1,Fair,2,0,1,0,1,1,1,25,20,0,0,0,0,0,7,52,41,12,0,3207,1435,20,0,0,0,0,0,5863,Garage,Heat Pump,Central AC,Flat,Slab,Tile,Vinyl Siding,Municipal,Municipal,Fall,259900.0,266005,6105.0,2.3,266077,6177.0,2.32,72,0.03,2.0,-14686.0,3.57
PROP_0857,West Haven,Single Family,5,4.0,3244.0,6969.6,65,2,Distressed,3,0,0,1,0,0,0,23,20,0,1,0,0,0,7,55,41,5,1,10330,3055,10,1,0,0,0,0,55601,Driveway,Gas,Central AC,Tile,Crawl Space,Laminate,Vinyl Siding,Municipal,Municipal,Spring,499000.0,435513,-63487.0,-14.58,435569,-63431.0,-14.56,56,0.01,11.0,-134032.0,-40.32
PROP_0858,Stratford,Single Family,3,1.0,1463.0,7405.200000000001,51,1,Fair,2,0,0,1,1,1,1,19,20,1,0,0,0,0,8,38,33,12,0,6929,2163,10,1,1,0,0,0,16309,Driveway,Oil,Central AC,Asphalt Shingle,Slab,Carpet,Vinyl Siding,Municipal,Municipal,Fall,355000.0,450978,95978.0,21.28,450961,95961.0,21.28,-17,-0.0,31.0,64652.0,55.23
PROP_0859,South Windsor,Townhouse,3,2.0,1248.0,22651.2,48,1,Poor,2,0,0,0,1,1,0,25,20,0,0,1,478,0,7,76,75,3,0,7680,1957,30,0,0,0,1,0,41893,Driveway,Gas,Central AC,Metal,Slab,Hardwood,Vinyl Siding,Well,Septic,Winter,349900.0,361346,11446.0,3.17,345137,-4763.0,-1.38,-16209,-4.49,3.0,-61656.0,-8.33
PROP_0860,Hamden,Single Family,3,2.0,2103.0,4791.6,47,1,Poor,2,0,0,0,0,1,1,18,20,1,0,0,0,0,6,36,33,12,0,3692,1898,30,0,0,0,1,1,33934,Street,Oil,Central AC,Asphalt Shingle,Slab,Laminate,Vinyl Siding,Municipal,Municipal,Fall,299000.0,304611,5611.0,1.84,304645,5645.0,1.85,34,0.01,8.0,-43289.0,0.97
PROP_0861,Glastonbury,Single Family,4,4.0,3096.0,25700.4,50,2,Fair,3,0,1,0,1,0,1,25,20,1,0,0,0,0,7,4,2,2,0,11855,4701,10,2,0,0,1,0,16493,Garage,Oil,,Tile,Slab,Hardwood,Wood,Municipal,Municipal,Winter,820440.0,889734,69294.0,7.79,889726,69286.0,7.79,-8,-0.0,21.0,37793.0,23.56
PROP_0862,Hartford,Single Family,6,3.0,1200.0,21344.4,54,1,Fair,3,0,0,1,0,0,0,25,20,1,1,0,0,0,6,82,73,5,1,4003,1613,10,1,0,0,1,0,8755,Carport,Gas,Central AC,Tile,Slab,Tile,Wood,Well,Municipal,Spring,275900.0,273332,-2568.0,-0.94,273353,-2547.0,-0.93,21,0.01,11.0,-26302.0,-2.29
PROP_0863,West Hartford,Single Family,3,2.0,1092.0,7405.200000000001,60,1,Distressed,2,0,0,0,0,0,0,25,20,0,0,0,0,0,7,74,72,7,1,4899,1586,60,0,0,0,0,0,46502,Driveway,Gas,Central AC,Asphalt Shingle,Crawl Space,Laminate,Vinyl Siding,Municipal,Municipal,Summer,269900.0,250672,-19228.0,-7.67,250462,-19438.0,-7.76,-210,-0.08,6.0,-80940.0,-22.41
PROP_0864,Sherman,Single Family,3,4.0,2400.0,104979.6,58,1,Fair,2,0,0,1,1,1,1,25,20,0,0,0,0,0,9,100,74,1,0,14050,4641,60,0,0,1,1,0,28349,Garage,Oil,Central AC,Asphalt Shingle,Basement,Carpet,Vinyl Siding,Municipal,Municipal,Winter,750000.0,952487,202487.0,21.26,952537,202537.0,21.26,50,0.01,21.0,159188.0,62.64
PROP_0865,Tolland,Single Family,3,3.0,1312.0,37026.0,52,1,Fair,2,0,0,0,0,1,1,16,20,1,0,0,0,0,5,63,50,11,0,5762,1669,30,0,0,0,1,1,7686,Garage,Gas,Window Units,Asphalt Shingle,Slab,Hardwood,Vinyl Siding,Municipal,Municipal,Fall,284900.0,313380,28480.0,9.09,330812,45912.0,13.88,17432,5.56,8.0,23226.0,31.68
PROP_0866,Fairfield,Single Family,4,3.0,2085.0,14810.4,61,2,Poor,3,0,1,1,0,0,1,22,20,1,0,0,0,0,9,54,45,4,1,14542,4559,60,1,1,0,1,0,50423,Garage,Gas,Central AC,Metal,Basement,Carpet,Stucco,Municipal,Municipal,Spring,719000.0,968616,249616.0,25.77,926294,207294.0,22.38,-42322,-4.37,36.0,141871.0,66.15
PROP_0867,Shelton,Single Family,4,3.0,3000.0,27878.4,53,2,Poor,3,0,1,1,1,1,0,25,20,1,1,0,0,0,9,78,57,3,0,17839,5249,10,0,0,0,1,0,39864,Street,Electric,Central AC,Asphalt Shingle,Basement,Hardwood,Vinyl Siding,Municipal,Municipal,Winter,799999.0,739123,-60876.0,-8.24,908752,108753.0,11.97,169629,22.95,1.0,53889.0,29.53
PROP_0868,New Milford,Single Family,2,2.0,1222.0,8712.0,61,1,Distressed,1,0,1,1,0,1,1,25,20,1,1,0,0,0,7,40,28,11,0,5727,1588,120,1,0,0,1,0,53987,Carport,Heat Pump,Central AC,Asphalt Shingle,Slab,Carpet,Vinyl Siding,Municipal,Municipal,Fall,279000.0,252679,-26321.0,-10.42,252554,-26446.0,-10.47,-125,-0.05,22.0,-95433.0,-26.08
PROP_0869,Bethel,Single Family,3,3.0,1860.0,8712.0,49,2,Fair,2,0,1,0,0,1,0,25,20,1,1,0,0,0,7,52,39,9,0,7226,2965,60,0,0,0,0,0,11512,Driveway,Gas,Central AC,Asphalt Shingle,Crawl Space,Tile,Vinyl Siding,Well,Municipal,Summer,493133.0,547554,54421.0,9.94,547483,54350.0,9.93,-71,-0.01,6.0,27838.0,23.84
PROP_0870,Barkhamsted,Single Family,4,3.0,3080.0,141134.40000000002,46,3,Fair,3,0,0,0,1,1,0,25,20,1,0,0,0,0,7,40,33,2,0,12203,3353,60,0,0,0,0,0,24612,Garage,Gas,,Asphalt Shingle,Slab,Hardwood,Wood,Municipal,Municipal,Winter,515000.0,583158,68158.0,11.69,583141,68141.0,11.69,-17,-0.0,6.0,28529.0,27.43
PROP_0871,Trumbull,Single Family,4,3.0,2871.0,15681.6,48,2,Fair,3,1,0,0,1,1,1,25,20,1,0,0,0,0,5,0,0,10,0,9543,3909,20,1,0,0,0,0,27394,Street,Gas,Central AC,Asphalt Shingle,Basement,Carpet,Wood,Municipal,Municipal,Fall,699900.0,760956,61056.0,8.02,761022,61122.0,8.03,66,0.01,12.0,18728.0,20.33
PROP_0872,Winchester,Townhouse,3,2.0,2005.0,8276.4,54,1,Fair,2,0,0,0,1,1,1,25,20,1,0,0,0,0,7,71,64,10,0,3290,952,30,0,0,0,0,0,9242,Street,Electric,Central AC,Asphalt Shingle,Slab,Laminate,Brick,Municipal,Municipal,Fall,175000.0,190550,15550.0,8.16,190235,15235.0,8.01,-315,-0.17,3.0,-9007.0,15.72
PROP_0873,Hartford,Condo,1,1.0,748.0,8712.0,55,1,Poor,0,0,1,0,1,0,1,25,20,0,1,1,140,0,7,100,94,11,0,2946,947,30,0,0,0,0,0,10606,Street,Electric,Central AC,Asphalt Shingle,Slab,Tile,Wood,Municipal,Municipal,Fall,154900.0,154150,-750.0,-0.49,154216,-684.0,-0.44,66,0.04,3.0,-26290.0,-2.91
PROP_0874,East Haven,Townhouse,3,2.0,1444.0,18730.8,54,1,Fair,2,0,0,0,1,1,1,25,20,0,0,0,0,0,5,57,43,8,1,7124,2114,20,0,0,0,1,0,7216,Garage,Electric,Central AC,Asphalt Shingle,Basement,Laminate,Stucco,Municipal,Septic,Summer,325000.0,328504,3504.0,1.07,328572,3572.0,1.09,68,0.02,2.0,-18644.0,0.72
PROP_0875,Fairfield,Townhouse,3,3.0,2222.0,4791.6,59,2,Fair,2,0,0,0,1,1,0,25,20,1,0,0,0,0,9,33,32,6,1,8431,2706,60,2,0,0,0,0,11767,Street,Gas,Central AC,Asphalt Shingle,Slab,Hardwood,Wood,Municipal,Municipal,Spring,495000.0,537371,42371.0,7.88,537285,42285.0,7.87,-86,-0.02,26.0,15518.0,22.49
PROP_0876,Monroe,Single Family,4,3.0,2559.0,47916.00000000001,45,2,Fair,3,0,0,0,1,1,1,20,18,0,0,0,0,0,8,21,14,11,0,13092,4070,10,2,0,0,0,1,15170,Driveway,Electric,Central AC,Asphalt Shingle,Basement,Carpet,Brick,Municipal,Municipal,Fall,699000.0,713514,14514.0,2.03,713455,14455.0,2.03,-59,-0.01,26.0,-15715.0,7.69
PROP_0877,Colchester,Single Family,3,3.0,1322.0,8712.0,57,1,Fair,2,0,0,0,0,1,0,19,20,0,1,0,0,0,7,40,31,1,0,6269,1807,180,0,0,0,1,0,17423,Driveway,Heat Pump,Central AC,Metal,Basement,Hardwood,Wood,Well,Municipal,Winter,304900.0,445699,140799.0,31.59,445427,140527.0,31.55,-272,-0.06,18.0,108104.0,77.51
PROP_0878,Cromwell,Single Family,4,3.0,2664.0,27007.2,61,1,Distressed,3,1,0,1,1,1,1,25,20,0,1,0,0,0,6,39,35,6,1,8967,3906,10,1,0,0,0,0,130170,Garage,Electric,Central AC,Asphalt Shingle,Slab,Carpet,Vinyl Siding,Municipal,Municipal,Spring,625000.0,579341,-45659.0,-7.88,579146,-45854.0,-7.92,-195,-0.03,11.0,-191024.0,-32.74
PROP_0879,Wethersfield,Single Family,3,2.0,1560.0,7405.200000000001,61,2,Poor,2,0,0,0,0,0,1,20,20,0,1,0,0,0,6,63,56,8,1,6046,2181,30,1,0,0,1,0,37352,Driveway,Gas,Central AC,Metal,Slab,Carpet,Brick,Municipal,Municipal,Summer,359000.0,385061,26061.0,6.77,372708,13708.0,3.68,-12353,-3.21,13.0,-38644.0,6.1
PROP_0880,Westport,Single Family,4,3.0,3340.0,11761.2,32,3,Fair,3,0,0,1,1,1,1,19,20,0,0,0,0,0,6,100,72,2,0,69378,18505,120,1,0,0,1,2,62791,Driveway,Oil,Window Units,Asphalt Shingle,Basement,Carpet,Vinyl Siding,Municipal,Municipal,Winter,2950000.0,2968189,18189.0,0.61,2968220,18220.0,0.61,31,0.0,32.0,-59571.0,1.66
PROP_0881,Waterbury,Single Family,4,2.0,1449.0,4791.6,56,1,Fair,3,0,0,1,0,1,1,25,20,0,0,0,0,0,7,91,88,12,0,5819,1483,20,0,0,0,1,0,6703,Garage,Gas,Window Units,Asphalt Shingle,Crawl Space,Laminate,Vinyl Siding,Municipal,Municipal,Fall,269999.0,258513,-11486.0,-4.44,258486,-11513.0,-4.45,-27,-0.01,2.0,-33216.0,-11.82
PROP_0882,Bloomfield,Single Family,5,5.0,4097.0,115869.6,61,2,Poor,3,1,1,0,0,1,1,25,20,0,0,0,0,0,7,35,33,4,1,9733,2954,60,2,0,0,1,0,37123,Driveway,Gas,Central AC,Asphalt Shingle,Basement,Hardwood,Vinyl Siding,Municipal,Septic,Spring,500000.0,484932,-15068.0,-3.11,484923,-15077.0,-3.11,-9,-0.0,26.0,-67200.0,-7.74
PROP_0883,Stamford,Single Family,4,3.0,2550.0,48351.600000000006,47,1,Fair,3,0,0,1,1,1,1,25,20,1,0,0,0,0,8,78,61,11,0,7936,3589,20,2,0,0,0,0,14164,Garage,Gas,Central AC,Asphalt Shingle,Slab,Tile,Vinyl Siding,Municipal,Septic,Fall,575000.0,572879,-2121.0,-0.37,672231,97231.0,14.46,99352,17.34,22.0,68067.0,40.13
PROP_0884,Hamden,Single Family,5,3.0,2697.0,13939.2,60,2,Poor,3,0,1,1,1,1,1,25,20,1,1,0,0,0,8,70,58,7,1,12505,3584,60,0,0,0,0,1,33512,Driveway,Gas,Central AC,Asphalt Shingle,Crawl Space,Tile,Stucco,Municipal,Municipal,Summer,549000.0,557538,8538.0,1.53,603878,54878.0,9.09,46340,8.31,11.0,6366.0,21.02
PROP_0885,Windham,Single Family,3,2.0,1306.0,11325.6,64,1,Poor,2,0,0,0,0,0,1,23,20,1,0,0,0,0,7,48,47,10,0,5783,1382,10,1,0,0,1,0,10283,Garage,Electric,Window Units,Asphalt Shingle,Slab,Laminate,Vinyl Siding,Municipal,Municipal,Fall,235000.0,216235,-18765.0,-8.68,216300,-18700.0,-8.65,65,0.03,11.0,-43983.0,-19.5
PROP_0886,Darien,Single Family,5,3.0,2163.0,8712.0,55,1,Poor,3,0,0,1,1,0,1,25,20,1,0,0,0,0,6,63,60,4,1,16588,4467,90,1,0,0,0,0,38539,Carport,Gas,Window Units,Asphalt Shingle,Slab,Tile,Brick,Well,Municipal,Spring,710000.0,758645,48645.0,6.41,758812,48812.0,6.43,167,0.02,19.0,-4727.0,16.19
PROP_0887,Canton,Single Family,4,4.0,2652.0,100623.6,55,2,Poor,3,1,1,0,1,1,0,25,20,0,0,0,0,0,7,60,58,1,0,9780,4141,10,2,0,0,1,1,32634,Driveway,Gas,Window Units,Asphalt Shingle,Basement,Carpet,Vinyl Siding,Municipal,Municipal,Winter,649900.0,689736,39836.0,5.78,689738,39838.0,5.78,2,0.0,26.0,-7796.0,15.98
PROP_0888,Wolcott,Single Family,5,5.0,3221.0,38332.8,62,2,Distressed,3,0,0,1,1,1,1,25,20,1,0,0,0,0,9,75,58,2,0,24326,6337,10,1,0,0,0,0,128574,Garage,Oil,Central AC,Metal,Crawl Space,Hardwood,Wood,Municipal,Municipal,Winter,1000000.0,859352,-140648.0,-16.37,859386,-140614.0,-16.36,34,0.0,11.0,-284188.0,-58.94
PROP_0889,Essex,Single Family,5,3.0,2400.0,10890.0,50,2,Fair,3,0,1,1,1,1,1,25,20,0,0,0,0,0,7,72,56,3,0,8170,4379,10,3,0,0,1,0,25328,Garage,Gas,Central AC,Metal,Slab,Carpet,Vinyl Siding,Municipal,Municipal,Winter,665000.0,646623,-18377.0,-2.84,646647,-18353.0,-2.84,24,0.0,31.0,-58681.0,-5.35
PROP_0890,Ellington,Single Family,3,3.0,1789.0,60548.399999999994,49,1,Fair,2,0,0,0,1,1,1,25,20,0,0,0,0,0,7,73,68,5,1,6862,1949,10,0,0,0,1,0,14523,Street,Heat Pump,Central AC,Asphalt Shingle,Slab,Hardwood,Wood,Well,Municipal,Spring,305900.0,295070,-10830.0,-3.67,295241,-10659.0,-3.61,171,0.06,1.0,-40182.0,-11.04
PROP_0891,Norwalk,Single Family,3,2.0,1560.0,8276.4,51,2,Poor,2,0,1,1,0,1,1,23,20,0,0,0,0,0,6,47,44,8,1,6452,2543,20,1,0,0,0,1,36518,Driveway,Oil,Central AC,Asphalt Shingle,Slab,Tile,Vinyl Siding,Municipal,Septic,Summer,410000.0,433023,23023.0,5.32,432616,22616.0,5.23,-407,-0.09,17.0,-28902.0,10.97
PROP_0892,Prospect,Single Family,3,3.0,1340.0,21780.0,48,1,Fair,2,0,1,1,1,1,0,25,20,1,0,0,0,0,7,56,53,8,1,6871,1982,90,0,0,0,1,0,12469,Driveway,Heat Pump,Central AC,Asphalt Shingle,Crawl Space,Tile,Vinyl Siding,Municipal,Municipal,Summer,349000.0,393398,44398.0,11.29,347894,-1106.0,-0.32,-45504,-11.57,9.0,-28575.0,-1.7
PROP_0893,Meriden,Single Family,3,2.0,1224.0,14374.8,51,1,Poor,2,0,0,0,1,0,1,25,20,0,1,0,0,0,7,66,60,12,0,6898,1723,120,0,0,0,1,0,33236,Driveway,Electric,Central AC,Asphalt Shingle,Basement,Hardwood,Vinyl Siding,Municipal,Septic,Fall,285000.0,288062,3062.0,1.06,301058,16058.0,5.33,12996,4.51,12.0,-32178.0,9.84
PROP_0894,Greenwich,Single Family,5,5.0,4090.0,88862.40000000001,54,2,Fair,3,0,1,0,1,1,1,25,20,0,0,0,0,0,8,69,51,9,0,37392,17706,90,0,0,0,1,2,64890,Driveway,Gas,,Metal,Crawl Space,Hardwood,Wood,Municipal,Municipal,Summer,2790000.0,3022493,232493.0,7.69,3022578,232578.0,7.69,85,0.0,19.0,152688.0,34.45
PROP_0895,New Haven,Single Family,3,2.0,1256.0,8712.0,66,1,Distressed,2,0,1,0,0,0,1,22,20,0,0,0,0,0,7,66,55,10,0,2855,777,30,1,0,0,1,0,15842,Street,Heat Pump,Central AC,Asphalt Shingle,Basement,Hardwood,Brick,Municipal,Municipal,Fall,125000.0,109732,-15268.0,-13.91,109798,-15202.0,-13.85,66,0.06,13.0,-46044.0,-29.7
PROP_0896,Greenwich,Single Family,4,2.0,2540.0,57499.2,24,2,Fair,3,1,1,1,1,1,1,13,15,1,0,0,0,0,9,31,29,7,1,42571,19050,60,2,1,0,1,0,91177,Driveway,Gas,,Metal,Basement,Carpet,Brick,Municipal,Municipal,Summer,3495000.0,4486722,991722.0,22.1,4486697,991697.0,22.1,-25,-0.0,46.0,885520.0,141.95
PROP_0897,Manchester,Single Family,3,2.0,1120.0,13068.0,62,1,Poor,2,0,0,1,1,0,0,24,20,0,0,0,0,0,7,83,64,12,0,6033,1387,90,0,1,0,1,0,23292,Street,Heat Pump,Central AC,Metal,Slab,Hardwood,Vinyl Siding,Municipal,Municipal,Fall,249000.0,287710,38710.0,13.45,287708,38708.0,13.45,-2,-0.0,29.0,416.0,32.74
PROP_0898,Newington,Single Family,3,3.0,1405.0,10018.8,65,1,Distressed,2,0,0,0,1,1,1,25,20,0,0,0,0,0,9,60,55,7,1,3460,1172,30,0,0,0,1,1,16408,Garage,Gas,Window Units,Metal,Crawl Space,Tile,Brick,Municipal,Septic,Summer,185000.0,179143,-5857.0,-3.27,179078,-5922.0,-3.31,-65,-0.04,8.0,-37330.0,-8.75
PROP_0899,Middletown,Single Family,3,3.0,1518.0,15245.999999999998,56,2,Fair,2,0,0,0,1,1,0,21,20,0,1,0,0,0,6,67,54,2,0,5309,2301,10,0,0,0,1,0,12516,Garage,Gas,Central AC,Asphalt Shingle,Slab,Carpet,Wood,Municipal,Municipal,Winter,349900.0,337390,-12510.0,-3.71,375421,25521.0,6.8,38031,11.27,1.0,-1995.0,13.6
PROP_0900,Bethel,Single Family,3,3.0,2400.0,8712.0,47,1,Poor,2,0,0,0,0,1,0,17,20,0,0,0,0,0,8,33,24,4,1,7320,2930,30,0,0,1,1,0,33111,Driveway,Gas,Window Units,Metal,Slab,Tile,Brick,Municipal,Municipal,Spring,527483.0,638591,111108.0,17.4,638615,111132.0,17.4,24,0.0,18.0,63021.0,44.7
PROP_0901,Wolcott,Single Family,4,3.0,2056.0,37897.2,54,2,Fair,3,0,0,0,0,1,0,25,20,0,0,0,0,0,7,72,71,4,1,3885,1804,30,0,0,0,0,1,16838,Driveway,Electric,Central AC,Tile,Slab,Laminate,Wood,Municipal,Municipal,Spring,305000.0,301584,-3416.0,-1.13,305281,281.0,0.09,3697,1.23,8.0,-31557.0,-1.38
PROP_0902,Brookfield,Single Family,3,4.0,2899.0,18295.2,30,2,Fair,2,0,1,0,1,1,1,10,19,1,1,0,0,0,7,56,50,2,0,45898,19545,60,0,0,0,1,0,77039,Street,Gas,Central AC,Asphalt Shingle,Slab,Carpet,Vinyl Siding,Municipal,Septic,Winter,2974900.0,2943557,-31343.0,-1.06,3522647,547747.0,15.55,579090,19.67,6.0,455708.0,77.87
PROP_0903,Bristol,Condo,3,1.0,912.0,11325.6,57,1,Fair,2,0,1,0,1,0,1,18,20,1,1,1,434,0,7,63,49,10,0,3147,1207,120,0,0,0,1,0,8673,Carport,Gas,Central AC,Asphalt Shingle,Crawl Space,Laminate,Vinyl Siding,Municipal,Municipal,Fall,199900.0,212154,12254.0,5.78,212260,12360.0,5.82,106,0.05,12.0,-11313.0,12.91
PROP_0904,Newington,Single Family,2,4.0,1404.0,8712.0,49,1,Poor,1,0,1,0,1,1,1,22,20,1,0,0,0,0,9,51,39,3,0,3078,1622,120,0,0,0,1,0,26913,Street,Gas,Central AC,Asphalt Shingle,Slab,Hardwood,Brick,Municipal,Municipal,Winter,255000.0,244991,-10009.0,-4.09,245175,-9825.0,-4.01,184,0.08,12.0,-51738.0,-10.79
PROP_0905,Middlefield,Single Family,3,2.0,1392.0,22215.6,63,1,Poor,2,0,1,1,0,0,1,25,20,1,0,0,0,0,7,46,45,5,1,6293,1823,10,1,0,1,0,1,13876,Driveway,Oil,Central AC,Asphalt Shingle,Basement,Hardwood,Vinyl Siding,Well,Septic,Spring,299900.0,421369,121469.0,28.83,421205,121305.0,28.8,-164,-0.04,31.0,92429.0,73.04
PROP_0906,Salisbury,Single Family,4,5.0,3686.0,5448484.8,33,2,Fair,3,0,0,0,1,1,1,20,15,1,0,0,0,0,6,71,51,11,0,64909,25102,10,1,0,0,0,0,233218,Garage,Gas,Central AC,Asphalt Shingle,Crawl Space,Hardwood,Brick,Municipal,Municipal,Fall,4600000.0,5107643,507643.0,9.94,5107659,507659.0,9.94,16,0.0,11.0,259441.0,48.02
PROP_0907,Norwalk,Single Family,4,1.0,1080.0,5662.8,43,1,Poor,3,0,0,0,0,1,0,21,20,1,0,0,0,0,7,71,64,2,0,9373,2635,20,0,0,0,1,0,48029,Driveway,Gas,Central AC,Asphalt Shingle,Crawl Space,Hardwood,Brick,Municipal,Municipal,Winter,439000.0,427549,-11451.0,-2.68,427520,-11480.0,-2.69,-29,-0.01,2.0,-74509.0,-12.43
PROP_0908,Mansfield,Single Family,3,3.0,1536.0,156816.0,48,2,Poor,2,0,1,1,0,1,1,20,20,0,1,0,0,0,7,38,33,6,1,6931,1901,60,1,1,0,0,0,34960,Street,Electric,Central AC,Asphalt Shingle,Crawl Space,Hardwood,Vinyl Siding,Municipal,Municipal,Spring,299900.0,377053,77153.0,20.46,376995,77095.0,20.45,-58,-0.02,36.0,27135.0,50.81
PROP_0909,Waterbury,Single Family,4,2.0,1170.0,5227.2,63,1,Distressed,3,0,1,1,0,1,0,25,20,0,0,0,0,0,7,69,64,9,0,3475,1693,20,2,0,0,0,1,45262,Street,Gas,Central AC,Asphalt Shingle,Basement,Hardwood,Vinyl Siding,Municipal,Municipal,Summer,275000.0,253549,-21451.0,-8.46,253522,-21478.0,-8.47,-27,-0.01,27.0,-81740.0,-19.71
PROP_0910,Cheshire,Single Family,4,4.0,3388.0,76230.0,45,3,Poor,3,0,0,1,1,1,1,25,20,0,0,0,0,0,7,47,39,11,0,14396,5039,60,0,0,0,0,1,89830,Garage,Gas,,Asphalt Shingle,Crawl Space,Carpet,Vinyl Siding,Municipal,Municipal,Fall,893211.0,820575,-72636.0,-8.85,820723,-72488.0,-8.83,148,0.02,11.0,-177318.0,-33.19
PROP_0911,Norwalk,Single Family,2,2.0,1218.0,7405.200000000001,42,1,Fair,1,0,1,0,1,1,1,25,20,0,1,0,0,0,7,90,82,7,1,5382,2733,180,0,0,0,1,0,15003,Driveway,Electric,Central AC,Asphalt Shingle,Slab,Carpet,Vinyl Siding,Municipal,Municipal,Summer,439000.0,538949,99949.0,18.55,538988,99988.0,18.55,39,0.01,18.0,69985.0,47.7
PROP_0912,New Britain,Single Family,3,1.0,1096.0,6969.6,51,1,Fair,2,0,1,1,1,1,1,25,20,1,0,0,0,0,7,68,49,2,0,4900,1152,20,0,0,0,1,0,5293,Garage,Electric,Central AC,Asphalt Shingle,Basement,Laminate,Vinyl Siding,Municipal,Municipal,Winter,199900.0,210058,10158.0,4.84,210008,10108.0,4.81,-50,-0.02,2.0,-10185.0,9.0
PROP_0913,Fairfield,Single Family,4,5.0,3500.0,9583.2,41,3,Fair,3,0,0,1,1,1,1,21,20,0,0,0,0,0,8,54,40,8,1,32772,8753,10,0,0,0,1,0,85049,Garage,Electric,Central AC,Tile,Basement,Tile,Wood,Municipal,Municipal,Summer,1599000.0,1744251,145251.0,8.33,1744141,145141.0,8.32,-110,-0.01,1.0,45092.0,21.35
PROP_0914,Coventry,Single Family,3,2.0,1288.0,239144.4,61,1,Poor,2,0,1,1,1,1,0,20,20,0,1,0,0,0,8,48,45,7,1,2731,993,90,0,0,0,1,0,18325,Driveway,Gas,Window Units,Flat,Slab,Hardwood,Brick,Well,Municipal,Summer,164900.0,168009,3109.0,1.85,171616,6716.0,3.91,3607,2.15,9.0,-26609.0,6.96
PROP_0915,Middletown,Single Family,4,3.0,2021.0,32234.4,48,1,Fair,3,0,1,0,0,1,1,14,20,0,0,0,0,0,5,95,71,1,0,7452,2174,60,2,0,0,1,0,7631,Carport,Oil,Central AC,Tile,Crawl Space,Hardwood,Vinyl Siding,Municipal,Municipal,Winter,370000.0,404828,34828.0,8.6,404788,34788.0,8.59,-40,-0.01,26.0,12157.0,23.6
PROP_0916,Meriden,Townhouse,3,2.0,1144.0,6098.400000000001,64,1,Distressed,2,0,0,0,0,1,1,25,20,0,0,1,450,0,6,65,60,2,0,3591,961,10,0,0,0,0,0,16582,Driveway,Heat Pump,Window Units,Asphalt Shingle,Basement,Tile,Vinyl Siding,Municipal,Municipal,Winter,149000.0,128941,-20059.0,-15.56,128946,-20054.0,-15.55,5,0.0,1.0,-51636.0,-36.06
PROP_0917,Norwich,Single Family,2,2.0,1042.0,3484.8,46,1,Fair,1,0,0,1,1,1,1,14,20,0,0,0,0,0,9,82,75,5,1,3559,1081,120,0,0,0,1,0,9185,Street,Oil,,Asphalt Shingle,Basement,Hardwood,Wood,Municipal,Municipal,Spring,189000.0,191269,2269.0,1.19,191812,2812.0,1.47,543,0.28,12.0,-21373.0,3.2
PROP_0918,Branford,Single Family,3,3.0,2800.0,10890.0,48,1,Fair,2,0,0,0,1,1,1,22,20,1,0,0,0,0,7,59,44,10,0,25955,7614,120,3,0,0,1,0,56760,Driveway,Gas,Central AC,Asphalt Shingle,Slab,Laminate,Stucco,Municipal,Septic,Fall,1270000.0,1316831,46831.0,3.56,1316909,46909.0,3.56,78,0.01,42.0,-24851.0,13.03
PROP_0919,West Hartford,Single Family,4,3.0,2079.0,34412.4,61,2,Distressed,3,0,1,0,1,1,0,24,20,1,0,0,0,0,5,46,39,2,0,8062,2001,10,0,0,0,1,1,49275,Driveway,Electric,Window Units,Asphalt Shingle,Crawl Space,Hardwood,Brick,Well,Municipal,Winter,359900.0,312514,-47386.0,-15.16,312384,-47516.0,-15.21,-130,-0.04,6.0,-111791.0,-40.4
PROP_0920,Meriden,Single Family,5,3.0,2707.0,3049.2000000000003,55,2,Poor,3,0,0,0,1,0,1,25,20,1,1,0,0,0,5,37,35,12,0,5561,1648,60,0,0,0,1,1,13108,Street,Heat Pump,,Metal,Basement,Hardwood,Stucco,Municipal,Municipal,Fall,279900.0,277107,-2793.0,-1.01,277168,-2732.0,-0.99,61,0.02,11.0,-30840.0,-2.86
PROP_0921,Danbury,Single Family,2,2.0,1553.0,8712.0,57,2,Fair,1,0,0,0,0,0,1,25,20,1,0,0,0,0,9,26,25,10,0,4226,1635,60,1,0,0,0,3,6076,Street,Gas,Central AC,Asphalt Shingle,Crawl Space,Hardwood,Wood,Municipal,Septic,Fall,280000.0,274806,-5194.0,-1.89,274843,-5157.0,-1.88,37,0.01,31.0,-26233.0,-0.18
PROP_0922,Ridgefield,Single Family,3,2.0,1485.0,76230.0,43,1,Fair,2,0,0,1,0,1,0,24,20,1,0,0,0,0,6,75,57,8,1,15468,3435,10,1,0,1,1,0,17707,Driveway,Oil,Central AC,Metal,Crawl Space,Laminate,Wood,Municipal,Municipal,Summer,619900.0,822341,202441.0,24.62,822300,202400.0,24.61,-41,-0.0,26.0,169693.0,71.39
PROP_0923,Middletown,Townhouse,4,2.0,2110.0,20908.8,60,2,Poor,3,0,0,0,0,0,0,25,20,0,1,1,361,0,8,53,47,7,1,3376,1609,120,1,0,0,0,0,19166,Driveway,Gas,Central AC,Asphalt Shingle,Crawl Space,Laminate,Vinyl Siding,Municipal,Municipal,Summer,274900.0,251320,-23580.0,-9.38,251254,-23646.0,-9.41,-66,-0.03,22.0,-57812.0,-20.2
PROP_0924,Wethersfield,Single Family,3,1.0,1246.0,10890.0,54,1,Poor,2,0,0,1,0,0,1,25,20,0,1,0,0,0,6,68,59,10,0,3494,1538,60,0,0,0,0,1,24368,Driveway,Gas,Central AC,Asphalt Shingle,Slab,Laminate,Vinyl Siding,Municipal,Septic,Fall,270000.0,253266,-16734.0,-6.61,259707,-10293.0,-3.96,6441,2.54,11.0,-49661.0,-10.69
PROP_0925,Guilford,Single Family,3,2.0,1403.0,41382.0,60,1,Distressed,2,0,1,0,0,0,1,25,20,0,0,0,0,0,8,22,20,4,1,8418,2348,30,0,0,1,0,0,54697,Driveway,Gas,Central AC,Tile,Slab,Laminate,Brick,Municipal,Municipal,Spring,369900.0,422616,52716.0,12.47,422507,52607.0,12.45,-109,-0.03,18.0,-17090.0,26.79
PROP_0926,Beacon Falls,Townhouse,3,2.0,1222.0,14810.4,49,1,Poor,2,0,1,0,1,1,0,19,20,1,0,1,207,0,7,28,20,8,1,4582,1880,60,0,0,0,1,3,15819,Garage,Heat Pump,Central AC,Metal,Slab,Carpet,Stucco,Municipal,Municipal,Summer,315000.0,290461,-24539.0,-8.45,290599,-24401.0,-8.4,138,0.05,21.0,-55220.0,-18.12
PROP_0927,Torrington,Townhouse,4,3.0,1888.0,13939.2,56,2,Fair,3,0,1,0,1,1,0,25,20,0,1,1,439,0,7,59,44,2,0,4912,1778,90,1,0,0,1,0,13720,Driveway,Electric,Central AC,Metal,Basement,Tile,Wood,Municipal,Septic,Winter,324900.0,367734,42834.0,11.65,367586,42686.0,11.61,-148,-0.04,19.0,13966.0,28.42
PROP_0928,Wolcott,Single Family,4,3.0,2744.0,46173.600000000006,63,2,Distressed,3,1,0,1,1,0,1,22,20,1,0,0,0,0,7,76,75,11,0,9891,3624,60,0,0,0,0,0,70283,Garage,Gas,Central AC,Asphalt Shingle,Slab,Tile,Wood,Municipal,Municipal,Fall,567900.0,548029,-19871.0,-3.63,548042,-19858.0,-3.62,13,0.0,6.0,-105141.0,-16.55
PROP_0929,Glastonbury,Single Family,4,2.0,2470.0,39639.6,46,2,Fair,3,0,1,1,0,1,0,23,20,1,0,0,0,0,7,55,53,8,1,10510,2699,120,0,0,0,1,0,25245,Street,Gas,Central AC,Asphalt Shingle,Slab,Laminate,Wood,Municipal,Municipal,Summer,450000.0,467607,17607.0,3.77,467688,17688.0,3.78,81,0.02,12.0,-22557.0,7.7
PROP_0930,Bristol,Townhouse,2,2.0,1020.0,8712.0,48,1,Fair,1,0,0,0,1,1,1,16,20,1,0,1,329,0,7,58,54,9,0,2240,917,30,0,0,0,1,0,6922,Street,Heat Pump,Central AC,Tile,Crawl Space,Carpet,Vinyl Siding,Well,Municipal,Summer,166000.0,189079,23079.0,12.21,189037,23037.0,12.19,-42,-0.02,3.0,1115.0,25.09
PROP_0931,New Haven,Single Family,3,2.0,1048.0,3484.8,49,1,Poor,2,0,1,0,1,1,1,25,20,0,0,0,0,0,7,27,24,6,1,2629,1204,120,1,0,0,0,0,8093,Street,Electric,Central AC,Tile,Crawl Space,Carpet,Wood,Municipal,Municipal,Spring,190000.0,202983,12983.0,6.4,202952,12952.0,6.38,-31,-0.02,22.0,-10141.0,16.15
PROP_0932,Griswold,Townhouse,1,1.0,400.0,8712.0,56,1,Poor,0,0,1,0,0,1,1,25,20,1,0,1,235,0,8,69,66,12,0,2160,510,30,0,0,0,0,0,4623,Garage,Gas,Central AC,Asphalt Shingle,Slab,Tile,Wood,Municipal,Municipal,Fall,89900.0,88634,-1266.0,-1.43,88632,-1268.0,-1.43,-2,-0.0,3.0,-20891.0,-4.35
PROP_0933,North Stonington,Single Family,4,1.0,1750.0,72309.59999999999,60,1,Poor,3,0,0,1,1,1,1,25,20,0,0,0,0,0,7,51,43,2,0,1763,485,10,2,0,0,0,1,3394,Driveway,Electric,Central AC,Asphalt Shingle,Crawl Space,Hardwood,Stucco,Municipal,Municipal,Winter,75000.0,80809,5809.0,7.19,80792,5792.0,7.17,-17,-0.02,26.0,-12602.0,18.28
PROP_0934,New Haven,Single Family,2,1.0,1100.0,8712.0,55,1,Fair,1,0,0,0,0,1,1,25,20,1,0,0,0,0,8,88,87,3,0,4941,1630,10,3,0,0,0,2,8856,Driveway,Gas,Central AC,Asphalt Shingle,Basement,Hardwood,Wood,Municipal,Municipal,Winter,275000.0,269561,-5439.0,-2.02,269665,-5335.0,-1.98,104,0.04,41.0,-29191.0,1.32
PROP_0935,Meriden,Single Family,4,2.0,2099.0,8276.4,67,2,Poor,3,0,0,1,1,0,0,25,20,0,1,0,0,0,9,92,91,4,1,2705,740,120,0,0,0,1,0,10171,Driveway,Electric,Central AC,Asphalt Shingle,Crawl Space,Tile,Brick,Well,Septic,Spring,128000.0,123488,-4512.0,-3.65,123503,-4497.0,-3.64,15,0.01,12.0,-29668.0,-7.85
PROP_0936,Greenwich,Single Family,5,4.0,3446.0,21780.0,40,2,Poor,3,0,0,1,1,1,0,12,17,0,1,0,0,0,7,95,89,8,1,57774,19648,30,1,0,0,1,1,288348,Carport,Oil,Central AC,Flat,Slab,Tile,Vinyl Siding,Municipal,Septic,Summer,2995000.0,2949719,-45281.0,-1.54,3553613,558613.0,15.72,603894,20.47,18.0,255265.0,60.57
PROP_0937,North Branford,Townhouse,4,2.0,1520.0,16988.4,49,2,Fair,3,0,0,0,0,1,1,25,20,1,0,1,341,0,7,68,52,7,1,7650,1772,10,0,0,0,1,1,15843,Street,Oil,Central AC,Asphalt Shingle,Basement,Hardwood,Brick,Municipal,Septic,Summer,320000.0,351727,31727.0,9.02,351629,31629.0,8.99,-98,-0.03,6.0,786.0,19.26
PROP_0938,East Lyme,Townhouse,4,2.0,1579.0,20908.8,59,2,Fair,3,0,0,0,1,0,1,20,20,0,1,1,174,0,5,82,75,7,1,5059,1686,120,0,0,0,1,0,15923,Carport,Gas,Central AC,Asphalt Shingle,Crawl Space,Tile,Wood,Municipal,Municipal,Summer,299900.0,338067,38167.0,11.29,306589,6689.0,2.18,-31478,-9.31,12.0,-24234.0,4.34
PROP_0939,West Hartford,Single Family,4,4.0,2392.0,14374.8,56,2,Poor,3,0,0,0,0,1,1,21,20,1,0,0,0,0,6,59,56,3,0,15245,3400,60,0,1,0,1,0,27571,Driveway,Gas,Central AC,Flat,Slab,Hardwood,Vinyl Siding,Municipal,Septic,Winter,620000.0,800799,180799.0,22.58,800792,180792.0,22.58,-7,-0.0,26.0,138221.0,64.18
PROP_0940,Plainville,Single Family,1,2.0,1096.0,8712.0,66,1,Distressed,0,0,0,1,0,1,1,20,20,0,0,0,0,0,6,100,96,6,1,2558,1009,60,0,0,0,1,0,24147,Street,Gas,Central AC,Asphalt Shingle,Slab,Laminate,Stucco,Municipal,Municipal,Spring,160000.0,132212,-27788.0,-21.02,132341,-27659.0,-20.9,129,0.1,6.0,-66806.0,-47.28
PROP_0941,Norwich,Single Family,3,1.0,1072.0,28749.6,61,1,Poor,2,0,0,1,1,0,1,25,20,0,1,0,0,0,6,96,89,2,0,3897,958,30,1,0,0,1,0,18259,Street,Heat Pump,Window Units,Asphalt Shingle,Slab,Tile,Brick,Municipal,Municipal,Winter,165000.0,164933,-67.0,-0.04,159377,-5623.0,-3.53,-5556,-3.37,13.0,-38882.0,-8.35
PROP_0942,Watertown,Single Family,3,3.0,1778.0,16988.4,56,2,Poor,2,0,0,0,1,1,0,25,20,0,0,0,0,0,7,72,57,5,1,6913,2363,20,3,1,0,0,0,41509,Garage,Gas,Central AC,Flat,Crawl Space,Laminate,Wood,Municipal,Municipal,Spring,359900.0,395103,35203.0,8.91,447911,88011.0,19.65,52808,13.37,52.0,31502.0,52.85
PROP_0943,Thomaston,Single Family,2,1.0,1416.0,18295.2,58,1,Fair,1,0,0,0,1,0,1,25,20,0,0,0,0,0,7,89,76,1,0,1918,782,10,0,0,0,0,2,6007,Driveway,Heat Pump,Central AC,Metal,Basement,Carpet,Wood,Municipal,Municipal,Winter,129900.0,133464,3564.0,2.67,133474,3574.0,2.68,10,0.01,11.0,-17433.0,5.82
PROP_0944,Shelton,Townhouse,2,2.0,1027.0,8712.0,56,1,Poor,1,0,0,0,1,0,0,25,20,0,1,1,289,0,6,70,67,11,0,6112,3016,90,0,0,1,1,1,48443,Driveway,Gas,Central AC,Tile,Crawl Space,Laminate,Wood,Municipal,Septic,Fall,459000.0,503896,44896.0,8.91,503930,44930.0,8.92,34,0.01,29.0,-18513.0,21.79
PROP_0945,Harwinton,Townhouse,2,2.0,1572.0,8712.0,51,2,Poor,1,0,1,0,1,1,0,25,20,0,1,1,166,0,8,28,21,12,0,9016,2386,10,0,0,0,0,0,32612,Garage,Gas,Central AC,Metal,Crawl Space,Tile,Brick,Well,Municipal,Fall,389900.0,368319,-21581.0,-5.86,368268,-21632.0,-5.87,-51,-0.01,1.0,-69244.0,-18.46
PROP_0946,Clinton,Townhouse,2,1.0,759.0,8712.0,55,1,Fair,1,0,0,0,1,0,0,21,20,0,0,0,0,0,8,25,17,4,1,1787,717,30,1,0,0,0,0,6513,Driveway,Electric,Central AC,Asphalt Shingle,Slab,Tile,Wood,Municipal,Municipal,Spring,119900.0,126915,7015.0,5.53,126967,7067.0,5.57,52,0.04,13.0,-14446.0,12.3
PROP_0947,Milford,Townhouse,3,3.0,1766.0,9147.6,47,2,Fair,2,0,0,0,0,1,1,17,20,0,0,1,469,0,7,63,47,11,0,6148,2535,120,1,0,0,0,0,16503,Street,Heat Pump,Window Units,Asphalt Shingle,Slab,Tile,Stucco,Municipal,Municipal,Fall,450000.0,441110,-8890.0,-2.02,446659,-3341.0,-0.75,5549,1.26,22.0,-34844.0,-0.58
PROP_0948,Cheshire,Single Family,2,3.0,1486.0,8712.0,54,1,Poor,1,0,0,0,1,1,0,25,20,0,0,0,0,0,7,55,39,11,0,3539,1736,60,0,0,0,0,0,11537,Driveway,Electric,Central AC,Flat,Slab,Carpet,Vinyl Siding,Municipal,Municipal,Fall,269000.0,292516,23516.0,8.04,290097,21097.0,7.27,-2419,-0.83,6.0,-5440.0,15.2
PROP_0949,Stamford,Condo,1,1.0,680.0,8712.0,53,1,Fair,0,0,0,0,0,0,1,25,20,0,1,1,368,0,6,63,60,7,1,3134,1571,20,0,0,0,1,0,6997,Garage,Gas,Central AC,Metal,Slab,Laminate,Brick,Municipal,Municipal,Summer,239000.0,240635,1635.0,0.68,240785,1785.0,0.74,150,0.06,2.0,-20212.0,-0.14
PROP_0950,Stamford,Single Family,4,4.0,2898.0,117612.0,61,1,Poor,3,1,1,0,0,0,1,25,20,0,0,0,0,0,5,62,44,4,1,17294,5339,30,1,0,0,0,0,66379,Street,Oil,Central AC,Asphalt Shingle,Basement,Hardwood,Vinyl Siding,Municipal,Municipal,Spring,975000.0,1056023,81023.0,7.67,1055898,80898.0,7.66,-125,-0.01,13.0,-481.0,17.87
PROP_0951,Bridgeport,Single Family,3,2.0,1332.0,7405.200000000001,48,1,Fair,2,0,0,0,1,1,0,17,20,1,0,0,0,0,6,55,44,1,0,5668,2116,20,0,0,0,0,0,8553,Driveway,Gas,Central AC,Asphalt Shingle,Basement,Laminate,Wood,Municipal,Municipal,Winter,330000.0,362105,32105.0,8.87,362317,32317.0,8.92,212,0.06,2.0,8764.0,19.12
PROP_0952,Greenwich,Townhouse,2,1.0,1450.0,8712.0,47,1,Poor,1,0,0,0,1,1,0,25,20,0,0,1,394,0,6,57,52,5,1,12113,3503,60,2,0,0,1,0,39462,Carport,Gas,Central AC,Asphalt Shingle,Crawl Space,Carpet,Vinyl Siding,Municipal,Municipal,Spring,635000.0,668202,33202.0,4.97,667996,32996.0,4.94,-206,-0.03,26.0,-21466.0,12.93
PROP_0953,Windsor,Single Family,3,2.0,1288.0,15681.6,65,1,Poor,2,0,1,0,1,1,1,25,20,0,1,0,0,0,8,82,76,4,1,3547,1186,120,0,0,0,0,0,21251,Driveway,Gas,Window Units,Asphalt Shingle,Basement,Hardwood,Stucco,Municipal,Municipal,Spring,199900.0,194494,-5406.0,-2.78,194452,-5448.0,-2.8,-42,-0.02,12.0,-41699.0,-7.37
PROP_0954,Oxford,Single Family,5,4.0,2720.0,69696.0,50,2,Poor,3,0,0,0,1,1,1,20,20,0,0,0,0,0,9,59,54,6,1,14196,3477,30,2,0,0,0,0,62713,Driveway,Heat Pump,Window Units,Asphalt Shingle,Crawl Space,Carpet,Wood,Municipal,Septic,Spring,619900.0,622455,2555.0,0.41,622393,2493.0,0.4,-62,-0.01,23.0,-75220.0,-2.12
PROP_0955,Bethany,Townhouse,4,4.0,2296.0,130680.0,52,2,Fair,3,0,1,0,0,0,1,25,20,0,0,1,410,0,7,64,45,10,0,10432,3807,20,1,0,0,1,0,26258,Street,Gas,Central AC,Asphalt Shingle,Slab,Hardwood,Wood,Municipal,Municipal,Fall,599900.0,578690,-21210.0,-3.67,578757,-21143.0,-3.65,67,0.01,12.0,-62401.0,-11.14
PROP_0956,Hamden,Single Family,3,2.0,1059.0,18730.8,60,1,Poor,2,0,0,1,1,1,1,25,20,1,0,0,0,0,7,34,33,1,0,5744,1633,20,0,0,0,1,2,15870,Street,Gas,Window Units,Asphalt Shingle,Basement,Laminate,Vinyl Siding,Municipal,Municipal,Winter,279999.0,287696,7697.0,2.68,287505,7506.0,2.61,-191,-0.07,12.0,-23364.0,5.28
PROP_0957,Stratford,Townhouse,2,3.0,1438.0,8712.0,55,1,Poor,1,0,0,0,1,0,1,25,20,1,0,1,154,0,7,48,46,2,0,8149,2547,10,1,0,0,0,0,27748,Driveway,Electric,Central AC,Tile,Slab,Laminate,Vinyl Siding,Municipal,Municipal,Winter,429900.0,433668,3768.0,0.87,433553,3653.0,0.84,-115,-0.03,11.0,-39095.0,-0.03
PROP_0958,Norwich,Single Family,3,2.0,1838.0,4791.6,60,1,Distressed,2,0,0,0,1,1,1,25,20,0,0,0,0,0,7,80,58,10,0,1513,539,90,3,0,0,1,2,11312,Driveway,Oil,Window Units,Asphalt Shingle,Crawl Space,Laminate,Vinyl Siding,Well,Municipal,Fall,99000.0,88833,-10167.0,-11.45,88867,-10133.0,-11.4,34,0.04,49.0,-36445.0,-16.64
PROP_0959,New Haven,Single Family,3,3.0,1676.0,8712.0,60,2,Distressed,2,0,0,1,0,1,1,18,20,0,1,0,0,0,8,97,86,5,1,6438,1632,60,0,0,0,1,0,59716,Driveway,Electric,Central AC,Flat,Basement,Hardwood,Vinyl Siding,Municipal,Municipal,Spring,299000.0,277715,-21285.0,-7.66,258584,-40416.0,-15.63,-19131,-6.89,6.0,-115132.0,-41.57
PROP_0960,New Canaan,Single Family,5,5.0,4470.0,144619.19999999998,44,2,Fair,3,1,0,1,1,1,0,23,20,0,0,0,0,0,9,69,66,2,0,57893,16167,10,0,0,0,1,0,141812,Garage,Oil,Central AC,Asphalt Shingle,Crawl Space,Laminate,Vinyl Siding,Municipal,Municipal,Winter,2795000.0,2927220,132220.0,4.52,2927198,132198.0,4.52,-22,-0.0,1.0,-24614.0,6.78
PROP_0961,Danbury,Single Family,3,2.0,2282.0,30491.999999999996,54,2,Poor,2,0,0,1,0,1,0,25,20,1,1,0,0,0,6,87,65,12,0,10845,3417,10,0,0,0,0,0,32920,Street,Gas,Central AC,Asphalt Shingle,Slab,Laminate,Brick,Municipal,Municipal,Fall,519900.0,503677,-16223.0,-3.22,503752,-16148.0,-3.21,75,0.01,1.0,-64068.0,-12.63
PROP_0962,Easton,Single Family,4,3.0,2888.0,40510.8,56,1,Poor,3,0,0,0,0,1,0,25,20,0,1,0,0,0,8,100,87,9,0,15187,4722,30,1,0,0,1,0,69482,Garage,Gas,Central AC,Flat,Slab,Laminate,Stucco,Municipal,Municipal,Summer,729000.0,765425,36425.0,4.76,765803,36803.0,4.81,378,0.05,13.0,-47679.0,7.45
PROP_0963,Hamden,Single Family,4,3.0,3243.0,43560.0,60,2,Poor,3,0,0,0,1,0,1,25,20,1,0,0,0,0,8,51,37,6,1,11401,3266,30,0,0,0,1,0,28325,Street,Heat Pump,Window Units,Asphalt Shingle,Slab,Tile,Vinyl Siding,Municipal,Municipal,Spring,530000.0,562009,32009.0,5.7,561906,31906.0,5.68,-103,-0.02,3.0,-11419.0,10.82
PROP_0964,West Hartford,Single Family,6,8.0,7606.0,182952.0,52,2,Fair,3,1,0,0,1,0,1,25,20,0,0,0,0,0,6,48,36,2,0,31149,10607,60,0,0,0,1,0,41892,Garage,Gas,Central AC,Asphalt Shingle,Slab,Laminate,Stucco,Municipal,Municipal,Winter,1750000.0,1679484,-70516.0,-4.2,1679693,-70307.0,-4.19,209,0.01,6.0,-127199.0,-19.9
PROP_0965,Tolland,Single Family,3,3.0,1887.0,8712.0,56,2,Fair,2,0,1,1,1,1,1,25,20,0,0,0,0,0,7,23,17,3,0,7353,2316,30,1,0,0,1,0,21308,Garage,Gas,Central AC,Asphalt Shingle,Slab,Hardwood,Vinyl Siding,Municipal,Municipal,Winter,420000.0,464047,44047.0,9.49,463113,43113.0,9.31,-934,-0.2,13.0,6805.0,21.9
PROP_0966,Bristol,Single Family,3,3.0,2006.0,10454.4,50,2,Poor,2,0,1,0,0,1,0,22,20,1,0,0,0,0,7,56,54,1,0,6171,2557,60,1,0,0,1,0,22570,Garage,Electric,Central AC,Asphalt Shingle,Basement,Tile,Brick,Municipal,Septic,Winter,399900.0,427037,27137.0,6.35,427043,27143.0,6.36,6,0.0,16.0,-10427.0,14.88
PROP_0967,New Britain,Single Family,5,2.0,1864.0,7840.799999999999,56,2,Fair,3,0,0,1,1,1,1,25,20,1,0,0,0,0,7,47,41,4,1,3511,1113,20,0,0,0,0,1,4915,Driveway,Gas,Central AC,Asphalt Shingle,Slab,Tile,Wood,Municipal,Septic,Spring,199000.0,192632,-6368.0,-3.31,192811,-6189.0,-3.21,179,0.09,7.0,-26104.0,-7.63
PROP_0968,Trumbull,Single Family,3,2.0,1282.0,14810.4,52,1,Fair,2,0,0,1,1,1,1,24,20,1,1,0,0,0,6,50,49,12,0,7735,2567,20,2,0,0,1,1,23567,Driveway,Electric,Central AC,Asphalt Shingle,Slab,Carpet,Vinyl Siding,Municipal,Municipal,Fall,399900.0,432621,32721.0,7.56,432503,32603.0,7.54,-118,-0.03,27.0,-5964.0,19.88
PROP_0969,Suffield,Single Family,4,4.0,3275.0,67953.6,58,2,Fair,3,0,0,0,1,1,0,25,20,1,0,0,0,0,5,41,37,3,0,8729,4243,60,2,0,0,1,1,27415,Driveway,Electric,Central AC,Asphalt Shingle,Crawl Space,Hardwood,Stucco,Municipal,Municipal,Winter,699900.0,751199,51299.0,6.83,751300,51400.0,6.84,101,0.01,31.0,8985.0,20.78
PROP_0970,Waterford,Single Family,3,2.0,2067.0,16117.2,47,2,Poor,2,0,1,0,0,1,0,25,20,1,0,0,0,0,7,65,58,11,0,5286,1383,120,1,0,0,1,1,10650,Garage,Oil,,Asphalt Shingle,Crawl Space,Tile,Brick,Municipal,Municipal,Fall,250000.0,238630,-11370.0,-4.76,238704,-11296.0,-4.73,74,0.03,27.0,-36946.0,-7.75
PROP_0971,East Haven,Single Family,3,3.0,1738.0,6098.400000000001,58,2,Fair,2,0,1,1,1,1,1,25,20,1,0,0,0,0,7,22,18,8,1,4370,1647,60,1,0,0,1,1,8789,Carport,Gas,Central AC,Asphalt Shingle,Crawl Space,Carpet,Wood,Municipal,Septic,Summer,299997.0,314224,14227.0,4.53,314161,14164.0,4.51,-63,-0.02,21.0,-9625.0,12.26
PROP_0972,Westbrook,Single Family,3,3.0,2090.0,175111.19999999998,61,2,Poor,2,0,1,0,1,0,1,19,20,0,1,0,0,0,7,81,77,6,1,8286,3628,60,2,0,0,1,0,34906,Carport,Oil,Central AC,Asphalt Shingle,Basement,Tile,Wood,Municipal,Septic,Spring,650000.0,672344,22344.0,3.32,672357,22357.0,3.33,13,0.0,26.0,-27549.0,9.11
PROP_0973,Chester,Condo,2,1.0,458.0,4356.0,49,1,Poor,1,0,1,0,0,1,0,20,20,0,0,1,498,0,8,86,85,7,1,2288,988,90,0,0,0,0,0,9372,Garage,Oil,Central AC,Asphalt Shingle,Basement,Tile,Wood,Municipal,Municipal,Summer,149900.0,158238,8338.0,5.27,176994,27094.0,15.31,18756,11.85,9.0,2722.0,32.69
PROP_0974,East Hartford,Single Family,3,2.0,1434.0,2178.0,57,1,Poor,2,0,0,1,0,0,0,25,20,0,1,0,0,0,7,80,62,2,0,2993,1085,180,0,1,0,1,0,8207,Garage,Oil,Central AC,Asphalt Shingle,Crawl Space,Hardwood,Vinyl Siding,Municipal,Septic,Winter,169900.0,192960,23060.0,11.95,261216,91316.0,34.96,68256,35.37,38.0,68109.0,84.33
PROP_0975,Goshen,Single Family,3,3.0,2289.0,37026.0,48,2,Fair,2,0,0,1,0,1,1,19,20,0,0,0,0,0,6,73,55,7,1,17506,5326,20,1,0,0,0,0,40578,Street,Gas,Central AC,Asphalt Shingle,Slab,Carpet,Wood,Municipal,Municipal,Summer,811700.0,780315,-31385.0,-4.02,780878,-30822.0,-3.95,563,0.07,12.0,-86400.0,-14.14
PROP_0976,Wallingford,Condo,2,1.0,676.0,8712.0,66,1,Distressed,1,0,0,0,0,1,0,25,20,0,0,1,197,0,6,48,42,4,1,2090,578,120,1,0,0,1,1,11656,Driveway,Gas,Window Units,Metal,Slab,Carpet,Stucco,Municipal,Septic,Spring,99900.0,97028,-2872.0,-2.96,96938,-2962.0,-3.06,-90,-0.09,27.0,-29618.0,-3.68
PROP_0977,Ridgefield,Single Family,5,4.0,4017.0,80150.40000000001,53,2,Fair,3,1,0,1,0,0,0,18,20,1,0,0,0,0,8,37,36,6,1,20357,7272,30,0,0,0,0,1,66632,Street,Heat Pump,Window Units,Asphalt Shingle,Crawl Space,Laminate,Vinyl Siding,Municipal,Municipal,Spring,1159000.0,1133944,-25056.0,-2.21,1314039,155039.0,11.8,180095,15.88,8.0,73407.0,32.54
PROP_0978,Waterford,Single Family,3,2.0,1600.0,30056.4,58,2,Poor,2,0,1,1,1,0,1,20,20,1,1,0,0,0,5,40,29,1,0,2575,961,20,2,0,0,1,0,17954,Street,Gas,Central AC,Asphalt Shingle,Slab,Carpet,Wood,Well,Municipal,Winter,165900.0,172404,6504.0,3.77,159995,-5905.0,-3.69,-12409,-7.2,22.0,-38859.0,-6.87
PROP_0979,Middletown,Townhouse,2,2.0,1960.0,243935.99999999997,64,1,Distressed,1,0,0,0,1,1,0,25,20,1,1,1,148,0,8,85,62,5,1,5301,2592,10,1,0,0,1,0,58735,Driveway,Oil,Central AC,Asphalt Shingle,Crawl Space,Laminate,Vinyl Siding,Municipal,Septic,Spring,399900.0,383861,-16039.0,-4.18,383890,-16010.0,-4.17,29,0.01,11.0,-89745.0,-15.11
PROP_0980,Monroe,Single Family,3,3.0,2040.0,8712.0,59,1,Fair,2,0,1,1,0,1,1,25,20,0,0,0,0,0,7,29,26,3,0,6977,3444,20,1,0,0,1,0,31434,Driveway,Gas,Central AC,Asphalt Shingle,Crawl Space,Tile,Brick,Municipal,Municipal,Winter,549000.0,579704,30704.0,5.3,579748,30748.0,5.3,44,0.01,12.0,-15686.0,11.43
PROP_0981,Naugatuck,Single Family,4,4.0,3504.0,59677.2,64,2,Distressed,3,1,0,0,0,0,1,25,20,0,0,0,0,0,7,74,69,12,0,6720,3060,180,1,0,0,1,0,53359,Driveway,Oil,Central AC,Asphalt Shingle,Basement,Carpet,Stucco,Municipal,Municipal,Fall,529000.0,589577,60577.0,10.27,589581,60581.0,10.28,4,0.0,28.0,-7778.0,25.38
PROP_0982,New Haven,Single Family,8,4.0,6830.0,18295.2,58,2,Fair,3,0,0,1,0,1,1,24,20,0,1,0,0,0,7,51,46,5,1,26786,8440,20,1,0,0,0,1,49328,Street,Electric,Central AC,Asphalt Shingle,Basement,Carpet,Vinyl Siding,Municipal,Municipal,Spring,1390000.0,1547395,157395.0,10.17,1547398,157398.0,10.17,3,0.0,17.0,93070.0,33.05
PROP_0983,Uncasville,Single Family,2,2.0,1144.0,8712.0,56,1,Poor,1,0,1,0,1,1,0,25,20,1,1,0,0,0,6,53,46,10,0,2609,1085,60,1,0,0,1,0,19994,Driveway,Gas,Central AC,Metal,Slab,Carpet,Wood,Well,Municipal,Fall,195000.0,202275,7275.0,3.6,201903,6903.0,3.42,-372,-0.18,16.0,-28091.0,7.23
PROP_0984,Plainville,Condo,2,1.0,798.0,10018.8,61,1,Distressed,1,0,0,0,1,1,1,20,20,0,0,1,186,0,6,66,62,7,1,4947,1272,30,1,0,0,0,0,36333,Garage,Electric,Window Units,Asphalt Shingle,Slab,Laminate,Stucco,Municipal,Municipal,Summer,199900.0,179457,-20443.0,-11.39,179380,-20520.0,-11.44,-77,-0.04,13.0,-71853.0,-27.47
PROP_0985,Brookfield,Single Family,3,3.0,2883.0,17424.0,49,2,Poor,2,0,0,1,0,1,1,25,20,1,1,0,0,0,7,46,36,8,1,7701,3457,10,0,0,0,0,0,60293,Driveway,Gas,Central AC,Asphalt Shingle,Basement,Carpet,Vinyl Siding,Municipal,Municipal,Summer,635000.0,616302,-18698.0,-3.03,559665,-75335.0,-13.46,-56637,-9.19,1.0,-150628.0,-41.78
PROP_0986,Wolcott,Single Family,4,4.0,2857.0,57934.8,63,2,Distressed,3,0,0,1,0,0,0,19,20,1,1,0,0,0,8,82,79,3,0,11613,3305,20,0,0,0,0,0,97620,Street,Electric,Central AC,Asphalt Shingle,Crawl Space,Tile,Wood,Municipal,Municipal,Winter,565000.0,470831,-94169.0,-20.0,561489,-3511.0,-0.63,90658,19.25,2.0,-116131.0,-12.47
PROP_0987,Norwalk,Single Family,2,2.0,1056.0,8712.0,52,1,Fair,1,0,0,0,0,0,0,25,20,0,0,0,0,0,8,41,31,2,0,4806,1703,90,0,1,0,0,0,12765,Driveway,Gas,Central AC,Metal,Basement,Hardwood,Brick,Municipal,Septic,Winter,269900.0,390261,120361.0,30.84,390176,120276.0,30.83,-85,-0.02,29.0,92511.0,76.71
PROP_0988,Meriden,Condo,1,1.0,668.0,8712.0,16,1,Good,0,0,1,0,0,1,1,11,7,0,1,1,201,0,8,27,22,9,0,22638,7297,20,0,0,0,1,0,28694,Garage,Electric,Central AC,Asphalt Shingle,Basement,Carpet,Vinyl Siding,Well,Municipal,Summer,1300000.0,1485024,185024.0,12.46,1485047,185047.0,12.46,23,0.0,2.0,141353.0,39.46
PROP_0989,Cheshire,Single Family,4,3.0,2821.0,169884.0,60,2,Poor,3,0,0,1,0,1,0,25,20,1,1,0,0,0,8,24,16,5,1,14516,5298,10,0,0,0,1,1,49195,Garage,Electric,Window Units,Asphalt Shingle,Basement,Tile,Vinyl Siding,Municipal,Municipal,Spring,839900.0,807884,-32016.0,-3.96,846902,7002.0,0.83,39018,4.83,6.0,-57193.0,-2.86
PROP_0990,Bridgeport,Townhouse,3,3.0,1839.0,7405.200000000001,47,1,Poor,2,0,1,0,1,1,1,20,20,1,1,1,155,0,8,51,48,5,1,5615,2398,30,2,0,0,1,3,24042,Garage,Electric,Central AC,Asphalt Shingle,Crawl Space,Laminate,Stucco,Municipal,Septic,Spring,405000.0,438028,33028.0,7.54,437984,32984.0,7.53,-44,-0.01,38.0,-6058.0,22.05
PROP_0991,Stamford,Single Family,5,5.0,3335.0,20908.8,47,2,Poor,3,0,1,0,0,1,0,25,20,0,1,0,0,0,8,100,80,1,0,24234,9001,10,0,0,0,1,0,97205,Garage,Gas,Central AC,Asphalt Shingle,Crawl Space,Carpet,Vinyl Siding,Municipal,Municipal,Winter,1479000.0,1358572,-120428.0,-8.86,1358601,-120399.0,-8.86,29,0.0,1.0,-232604.0,-40.78
PROP_0992,West Hartford,Single Family,4,5.0,2917.0,44431.2,47,1,Fair,3,0,0,1,0,1,1,14,20,1,0,0,0,0,5,32,28,10,0,8283,3666,10,1,0,0,0,0,17290,Driveway,Gas,,Tile,Basement,Carpet,Vinyl Siding,Municipal,Municipal,Fall,625000.0,714971,89971.0,12.58,714925,89925.0,12.58,-46,-0.01,11.0,57635.0,33.12
PROP_0993,North Haven,Townhouse,3,3.0,1906.0,8712.0,59,2,Poor,2,0,1,0,1,1,0,25,20,0,0,1,458,0,7,74,61,5,1,6018,2856,20,3,1,0,1,0,26706,Garage,Gas,Central AC,Asphalt Shingle,Crawl Space,Laminate,Vinyl Siding,Municipal,Municipal,Spring,469900.0,552203,82303.0,14.9,552269,82369.0,14.91,66,0.01,52.0,40663.0,44.29
PROP_0994,Norwalk,Single Family,4,4.0,3013.0,8712.0,53,2,Fair,3,1,1,0,0,1,1,25,20,1,0,0,0,0,7,86,62,1,0,18104,7616,20,1,0,0,0,0,67296,Street,Gas,Central AC,Asphalt Shingle,Basement,Carpet,Brick,Municipal,Municipal,Winter,1400000.0,1396298,-3702.0,-0.27,1396250,-3750.0,-0.27,-48,-0.0,12.0,-86046.0,-6.74
PROP_0995,Middletown,Single Family,4,2.0,2995.0,6098.400000000001,64,2,Poor,3,0,0,0,0,1,1,25,20,0,1,0,0,0,6,46,39,10,0,4935,1818,10,0,0,0,0,0,15719,Garage,Gas,Central AC,Metal,Slab,Hardwood,Vinyl Siding,Municipal,Municipal,Fall,280000.0,256458,-23542.0,-9.18,312869,32869.0,10.51,56411,22.0,1.0,2150.0,21.44
PROP_0996,Fairfield,Single Family,4,4.0,3524.0,4791.6,57,2,Poor,3,0,0,0,0,1,1,25,20,0,0,0,0,0,7,44,35,3,0,12686,3585,20,1,0,0,0,0,61846,Garage,Oil,Central AC,Asphalt Shingle,Crawl Space,Carpet,Vinyl Siding,Municipal,Municipal,Winter,565000.0,599176,34176.0,5.7,599062,34062.0,5.69,-114,-0.02,12.0,-42784.0,9.5
PROP_0997,North Stonington,Single Family,3,3.0,1786.0,10018.8,52,1,Fair,2,0,0,0,1,1,0,25,20,0,0,0,0,0,7,100,86,3,0,5815,2149,180,1,1,0,1,0,13257,Street,Gas,Central AC,Flat,Crawl Space,Carpet,Vinyl Siding,Well,Municipal,Winter,357900.0,448449,90549.0,20.19,448527,90627.0,20.21,78,0.02,48.0,62370.0,56.26
PROP_0998,Farmington,Single Family,4,4.0,2743.0,28314.0,61,1,Poor,3,0,1,0,1,1,0,25,20,1,1,0,0,0,8,33,28,5,1,10106,2840,60,1,0,0,0,1,30789,Driveway,Gas,Window Units,Asphalt Shingle,Crawl Space,Carpet,Vinyl Siding,Municipal,Municipal,Spring,475000.0,436269,-38731.0,-8.88,496296,21296.0,4.29,60027,13.76,21.0,-24493.0,10.33
PROP_0999,Meriden,Single Family,4,1.0,2114.0,24393.6,57,2,Fair,3,0,0,0,1,1,1,25,20,0,0,0,0,0,6,75,65,2,0,2853,1239,20,2,0,0,0,0,6697,Garage,Electric,Central AC,Asphalt Shingle,Slab,Hardwood,Wood,Municipal,Municipal,Winter,210000.0,225852,15852.0,7.02,225807,15807.0,7.0,-45,-0.02,22.0,-5890.0,17.81
