property_id,neighborhood,property_type,bedrooms,bathrooms,square_feet,lot_size,age,stories,condition,garage_spaces,has_pool,has_fireplace,has_deck,has_fence,has_central_heat,has_central_air,years_since_roof_replaced,years_since_hvac_replaced,kitchen_updated,bathrooms_updated,has_hoa,hoa_fee,has_special_assessment,school_rating,walk_score,transit_score,listing_month,is_spring_summer,annual_tax,estimated_rent,days_on_market,price_reductions,is_foreclosure,has_lien,owner_occupied,num_distress_keywords,estimated_repair_cost,parking_type,heating_type,cooling_type,roof_type,foundation_type,flooring_type,exterior_type,water_source,sewer_type,listing_season,listed_price,true_market_value,spread,spread_percentage
PROP_0000,Lyme,Single Family,4,3.0,3014.0,174240.0,50,2,Poor,3,1,0,1,1,1,1,22,20,0,0,0,0,0,7,69,51,4,1,12242,5274,10,2,0,0,0,3,82426,Garage,Oil,Central AC,Asphalt Shingle,Basement,Carpet,Wood,Municipal,Municipal,Spring,849000.0,907887,58887.0,6.49
PROP_0001,West Haven,Single Family,5,2.0,2492.0,8276.4,62,2,Distressed,3,0,0,0,0,1,0,25,20,1,0,0,0,0,7,60,51,10,0,4256,1785,10,0,1,1,1,0,44975,Carport,Oil,Window Units,Asphalt Shingle,Crawl Space,Tile,Stucco,Municipal,Septic,Fall,274900.0,326953,52053.0,15.92
PROP_0002,Bridgeport,Condo,2,1.0,960.0,8712.0,56,1,Poor,1,0,0,0,0,0,1,19,20,0,1,1,446,0,6,65,55,8,1,3355,817,10,0,0,0,1,0,15882,Garage,Gas,Central AC,Asphalt Shingle,Slab,Hardwood,Wood,Municipal,Municipal,Summer,149000.0,153796,4796.0,3.12
PROP_0003,Brooklyn,Single Family,3,3.0,1700.0,116305.2,60,1,Distressed,2,0,1,0,1,1,1,25,20,1,0,0,0,0,8,35,27,3,0,5261,2512,10,0,0,0,1,0,79394,Street,Oil,Central AC,Asphalt Shingle,Slab,Carpet,Brick,Municipal,Municipal,Winter,395000.0,341111,-53889.0,-15.8
PROP_0004,Goshen,Single Family,3,3.0,3828.0,51400.799999999996,61,3,Distressed,2,0,0,0,1,1,1,23,20,0,1,0,0,0,5,42,35,2,0,16166,4374,20,0,0,0,1,1,116540,Driveway,Gas,Central AC,Asphalt Shingle,Crawl Space,Tile,Vinyl Siding,Municipal,Municipal,Winter,789000.0,713323,-75677.0,-10.61
PROP_0005,Milford,Single Family,3,4.0,1929.0,7405.200000000001,53,2,Fair,2,0,0,0,1,0,1,25,20,0,0,0,0,0,8,43,38,9,0,12534,3226,120,1,0,0,1,0,14266,Driveway,Gas,Window Units,Asphalt Shingle,Crawl Space,Hardwood,Vinyl Siding,Municipal,Municipal,Summer,559900.0,627963,68063.0,10.84
PROP_0006,Mansfield,Single Family,4,3.0,2745.0,65775.6,45,2,Fair,3,0,0,1,1,1,0,16,18,0,0,0,0,0,8,22,17,6,1,10819,3916,180,2,0,0,1,0,12850,Garage,Gas,Central AC,Asphalt Shingle,Crawl Space,Tile,Brick,Municipal,Municipal,Spring,599000.0,713731,114731.0,16.07
PROP_0007,Orange,Single Family,3,4.0,3323.0,40075.200000000004,64,2,Poor,2,0,1,1,1,1,1,25,20,1,0,0,0,0,5,39,35,1,0,15861,4243,120,0,0,0,1,2,36539,Street,Heat Pump,Central AC,Asphalt Shingle,Basement,Hardwood,Vinyl Siding,Well,Municipal,Winter,779000.0,735306,-43694.0,-5.94
PROP_0008,Scotland,Single Family,3,2.0,1848.0,87120.0,57,2,Fair,2,0,0,1,0,0,1,25,20,0,1,0,0,0,5,43,34,8,1,6517,2321,20,0,0,0,1,0,22129,Driveway,Gas,Central AC,Asphalt Shingle,Slab,Tile,Vinyl Siding,Municipal,Municipal,Summer,429000.0,466507,37507.0,8.04
PROP_0009,Danbury,Condo,1,1.0,435.0,8712.0,50,1,Fair,0,0,0,0,0,1,0,17,20,0,0,1,470,0,8,46,39,12,0,2315,689,90,2,0,0,1,0,3532,Driveway,Heat Pump,Central AC,Asphalt Shingle,Crawl Space,Carpet,Vinyl Siding,Municipal,Municipal,Fall,105000.0,115634,10634.0,9.2
PROP_0010,Norwich,Townhouse,2,3.0,1304.0,8712.0,65,1,Poor,1,0,0,0,1,0,0,21,20,0,1,1,376,0,7,52,44,1,0,3775,1017,60,1,0,0,1,0,14079,Carport,Electric,Central AC,Asphalt Shingle,Slab,Carpet,Stucco,Municipal,Municipal,Winter,159900.0,152628,-7272.0,-4.76
PROP_0011,Stamford,Single Family,5,4.0,3648.0,7405.200000000001,48,3,Fair,3,0,0,1,0,1,1,25,20,1,1,0,0,0,8,57,54,3,0,16576,5520,180,2,0,0,1,0,43499,Garage,Gas,Central AC,Asphalt Shingle,Basement,Laminate,Vinyl Siding,Well,Municipal,Winter,915000.0,1239686,324686.0,26.19
PROP_0012,Milford,Single Family,3,1.0,1095.0,9147.6,48,1,Poor,2,0,1,0,1,1,1,20,20,0,0,0,0,0,6,87,82,11,0,5681,1488,30,1,0,0,0,1,15270,Street,Gas,Central AC,Metal,Slab,Hardwood,Wood,Municipal,Municipal,Fall,239900.0,219524,-20376.0,-9.28
PROP_0013,Wallingford,Single Family,2,2.0,1243.0,14374.800000000001,58,1,Poor,1,0,0,0,0,1,0,25,20,0,0,0,0,0,7,68,61,8,1,5859,1518,90,0,0,0,0,0,14644,Carport,Oil,Central AC,Metal,Crawl Space,Tile,Vinyl Siding,Municipal,Municipal,Summer,279900.0,258147,-21753.0,-8.43
PROP_0014,Harwinton,Condo,2,1.0,894.0,10890.0,57,1,Fair,1,0,0,0,1,1,0,25,20,0,1,1,223,0,7,90,80,9,0,7655,2191,10,1,0,0,1,0,18036,Garage,Gas,Window Units,Asphalt Shingle,Crawl Space,Laminate,Wood,Municipal,Septic,Summer,339900.0,383582,43682.0,11.39
PROP_0015,Bloomfield,Single Family,2,3.0,2128.0,24829.199999999997,53,1,Fair,1,0,1,1,1,1,1,25,20,0,1,0,0,0,6,66,62,8,1,6655,2794,30,0,0,1,1,0,24240,Carport,Gas,Central AC,Asphalt Shingle,Slab,Laminate,Vinyl Siding,Municipal,Municipal,Summer,475000.0,598511,123511.0,20.64
PROP_0016,Southington,Single Family,4,3.0,2377.0,16988.4,55,2,Poor,3,0,0,0,1,1,0,25,20,0,1,0,0,0,7,83,62,6,1,5148,1456,30,0,1,0,0,0,15567,Driveway,Electric,Window Units,Metal,Crawl Space,Hardwood,Vinyl Siding,Municipal,Municipal,Spring,250000.0,261471,11471.0,4.39
PROP_0017,Milford,Single Family,3,2.0,1248.0,4791.6,48,1,Fair,2,0,0,1,0,1,1,25,20,1,0,0,0,0,8,37,28,2,0,4972,2578,10,1,0,0,0,0,19803,Garage,Gas,Central AC,Asphalt Shingle,Slab,Carpet,Vinyl Siding,Municipal,Municipal,Winter,399000.0,430006,31006.0,7.21
PROP_0018,Farmington,Single Family,3,3.0,2511.0,8712.0,62,2,Poor,2,0,1,0,0,1,1,25,20,1,0,0,0,0,7,39,28,11,0,11883,3519,60,2,0,0,1,0,54666,Driveway,Electric,Central AC,Asphalt Shingle,Slab,Hardwood,Wood,Municipal,Municipal,Fall,556400.0,540281,-16119.0,-2.98
PROP_0019,Farmington,Single Family,5,3.0,2500.0,42688.799999999996,49,2,Fair,3,0,0,1,1,1,0,25,20,1,0,0,0,0,7,50,41,6,1,6767,2986,30,1,0,0,1,1,28421,Driveway,Gas,Central AC,Metal,Slab,Carpet,Vinyl Siding,Municipal,Municipal,Spring,499900.0,501289,1389.0,0.28
PROP_0020,Norwalk,Condo,1,1.0,548.0,8712.0,58,1,Fair,0,0,1,0,1,1,0,25,20,1,0,1,131,0,8,48,42,1,0,2188,1020,120,0,0,0,1,0,4279,Garage,Gas,Central AC,Asphalt Shingle,Crawl Space,Carpet,Stucco,Municipal,Septic,Winter,174900.0,197723,22823.0,11.54
PROP_0021,Torrington,Single Family,2,2.0,1095.0,8712.0,58,1,Fair,1,0,0,0,0,0,1,25,20,1,0,0,0,0,7,34,29,3,0,2836,760,20,0,0,0,1,0,4327,Street,Gas,Central AC,Flat,Slab,Hardwood,Vinyl Siding,Municipal,Municipal,Winter,132900.0,136992,4092.0,2.99
PROP_0022,Greenwich,Condo,1,1.0,755.0,8712.0,41,1,Poor,0,0,1,0,0,1,0,14,20,1,0,1,320,1,8,33,27,3,0,6823,3091,20,1,0,0,0,0,49798,Garage,Electric,None,Asphalt Shingle,Slab,Laminate,Vinyl Siding,Municipal,Septic,Winter,475000.0,503651,28651.0,5.69
PROP_0023,Montville,Single Family,3,1.0,1084.0,26571.6,64,1,Poor,2,0,1,0,0,1,1,25,20,1,1,0,0,0,9,50,36,10,0,3536,1469,90,3,0,0,1,0,10338,Driveway,Gas,Central AC,Asphalt Shingle,Crawl Space,Carpet,Brick,Municipal,Septic,Fall,229900.0,226679,-3221.0,-1.42
PROP_0024,Enfield,Single Family,3,2.0,1056.0,5227.2,65,1,Distressed,2,0,0,0,0,1,0,24,20,0,0,0,0,0,7,59,48,12,0,3814,1320,90,2,0,0,1,1,21492,Street,Gas,Central AC,Metal,Crawl Space,Hardwood,Brick,Well,Municipal,Fall,209000.0,175987,-33013.0,-18.76
PROP_0025,Stamford,Townhouse,4,2.0,2248.0,14374.800000000001,51,2,Poor,3,0,0,0,0,0,0,25,20,1,1,1,368,0,7,43,36,9,0,13057,4156,20,1,0,0,1,0,38605,Driveway,Gas,None,Asphalt Shingle,Basement,Laminate,Stucco,Municipal,Municipal,Summer,639000.0,694045,55045.0,7.93
PROP_0026,Manchester,Single Family,6,2.0,2568.0,11761.2,48,2,Poor,3,0,1,0,0,1,1,15,20,1,0,0,0,0,8,74,61,12,0,4778,1675,120,2,0,0,1,1,11347,Street,Gas,None,Asphalt Shingle,Basement,Laminate,Brick,Municipal,Municipal,Fall,279000.0,252193,-26807.0,-10.63
PROP_0027,Simsbury,Condo,3,1.0,978.0,30491.999999999996,58,1,Poor,2,0,1,0,0,0,1,22,20,1,0,1,181,0,6,65,54,4,1,4331,1274,30,1,0,0,0,0,18272,Driveway,Gas,Central AC,Asphalt Shingle,Basement,Hardwood,Brick,Municipal,Municipal,Spring,214900.0,206860,-8040.0,-3.89
PROP_0028,Trumbull,Single Family,3,3.0,2051.0,21780.0,51,2,Poor,2,0,1,1,0,0,1,25,20,0,0,0,0,0,6,100,86,3,0,10815,3690,10,0,0,0,0,0,49195,Garage,Oil,Central AC,Metal,Crawl Space,Hardwood,Vinyl Siding,Municipal,Septic,Winter,565000.0,578492,13492.0,2.33
PROP_0029,Fairfield,Single Family,4,3.0,4336.0,45302.4,50,2,Poor,3,1,0,1,1,1,1,25,20,0,1,0,0,0,7,57,53,8,1,35006,8142,30,1,0,0,1,0,112333,Street,Gas,Central AC,Asphalt Shingle,Slab,Laminate,Wood,Municipal,Municipal,Summer,1499000.0,1376987,-122013.0,-8.86
PROP_0030,Woodbury,Single Family,2,2.0,2434.0,10890.0,49,2,Poor,1,0,0,0,1,1,1,25,20,1,0,0,0,0,9,45,39,4,1,10442,2459,90,1,0,0,1,0,27897,Garage,Electric,Central AC,Asphalt Shingle,Slab,Laminate,Brick,Municipal,Municipal,Spring,429900.0,388853,-41047.0,-10.56
PROP_0031,Madison,Single Family,4,3.0,2499.0,111077.99999999999,48,1,Poor,3,0,0,1,1,1,1,25,20,1,1,0,0,0,7,38,36,12,0,11074,3224,30,2,0,0,1,1,47221,Garage,Heat Pump,Central AC,Asphalt Shingle,Slab,Hardwood,Brick,Well,Septic,Fall,540000.0,579869,39869.0,6.88
PROP_0032,Groton,Townhouse,1,1.0,654.0,8712.0,64,1,Poor,0,0,0,0,0,1,1,25,20,1,0,1,449,0,5,56,51,8,1,1848,620,60,0,0,0,1,1,7066,Street,Gas,Central AC,Asphalt Shingle,Crawl Space,Hardwood,Brick,Municipal,Municipal,Summer,105000.0,98574,-6426.0,-6.52
PROP_0033,Middlefield,Condo,1,1.0,530.0,8276.4,62,1,Poor,0,0,0,0,1,0,1,21,20,0,1,1,445,1,8,58,42,11,0,1624,713,90,0,0,0,1,0,6664,Street,Heat Pump,Central AC,Asphalt Shingle,Crawl Space,Carpet,Wood,Municipal,Municipal,Fall,129900.0,121331,-8569.0,-7.06
PROP_0034,Cheshire,Single Family,4,3.0,3143.0,86248.8,58,2,Fair,3,0,1,1,1,1,1,25,20,1,0,0,0,0,6,100,77,2,0,11044,3873,30,0,0,0,1,0,30790,Garage,Oil,Central AC,Asphalt Shingle,Crawl Space,Hardwood,Wood,Municipal,Municipal,Winter,629900.0,632267,2367.0,0.37
PROP_0035,Torrington,Single Family,2,2.0,1100.0,3920.3999999999996,58,1,Fair,1,0,0,1,0,1,0,25,20,1,0,0,0,0,6,66,54,12,0,1982,854,20,1,0,0,1,1,8272,Garage,Gas,Central AC,Asphalt Shingle,Slab,Laminate,Stucco,Municipal,Municipal,Fall,139000.0,156718,17718.0,11.31
PROP_0036,Greenwich,Single Family,3,3.0,2308.0,7405.200000000001,38,2,Fair,2,0,1,1,0,1,1,21,20,1,0,0,0,0,7,58,54,9,0,36146,8400,10,0,0,0,0,1,69203,Driveway,Oil,Central AC,Asphalt Shingle,Crawl Space,Hardwood,Brick,Municipal,Municipal,Summer,1500000.0,1696161,196161.0,11.56
PROP_0037,New Milford,Single Family,3,4.0,6057.0,50965.2,55,2,Poor,2,1,1,1,0,1,0,22,20,0,1,0,0,0,9,55,41,8,1,11108,4787,90,1,0,0,1,0,39394,Street,Gas,Central AC,Asphalt Shingle,Crawl Space,Laminate,Vinyl Siding,Well,Municipal,Summer,850000.0,921599,71599.0,7.77
PROP_0038,Darien,Single Family,5,3.0,2427.0,8276.4,47,2,Poor,3,0,0,1,0,1,1,21,20,1,0,0,0,0,8,88,66,6,1,18885,5770,20,0,0,0,0,0,83343,Street,Electric,Window Units,Asphalt Shingle,Basement,Tile,Stucco,Municipal,Septic,Spring,949900.0,918337,-31563.0,-3.44
PROP_0039,Stratford,Single Family,3,1.0,1044.0,11325.6,59,1,Poor,2,0,0,0,1,0,0,25,20,1,1,0,0,0,8,24,21,7,1,5048,1491,30,1,0,0,0,2,19881,Driveway,Oil,Central AC,Asphalt Shingle,Slab,Carpet,Brick,Municipal,Municipal,Summer,255000.0,266769,11769.0,4.41
PROP_0040,Hamden,Single Family,4,4.0,2024.0,13068.0,64,2,Distressed,3,0,1,0,1,0,1,25,20,1,1,0,0,0,7,100,83,1,0,6665,1954,20,0,0,0,0,1,71939,Garage,Oil,Central AC,Asphalt Shingle,Slab,Hardwood,Vinyl Siding,Municipal,Municipal,Winter,324900.0,288142,-36758.0,-12.76
PROP_0041,Bridgeport,Townhouse,4,2.0,1500.0,8276.4,51,2,Fair,3,0,1,0,1,1,1,25,20,1,0,1,152,1,7,100,91,5,1,6712,1507,120,0,0,0,0,1,8544,Driveway,Gas,Window Units,Tile,Slab,Tile,Vinyl Siding,Municipal,Municipal,Spring,275000.0,291130,16130.0,5.54
PROP_0042,Southbury,Single Family,2,2.0,1044.0,8712.0,53,1,Poor,1,0,0,1,0,0,1,25,20,0,0,0,0,0,9,82,66,3,0,2478,1097,20,0,0,0,1,0,12957,Carport,Electric,Central AC,Asphalt Shingle,Slab,Tile,Brick,Well,Municipal,Winter,174900.0,161604,-13296.0,-8.23
PROP_0043,Manchester,Townhouse,3,1.0,1350.0,7405.200000000001,59,1,Poor,2,0,0,0,0,1,0,25,20,0,0,1,128,0,7,66,62,5,1,2377,1035,10,0,0,0,0,0,17462,Driveway,Gas,Window Units,Asphalt Shingle,Basement,Carpet,Brick,Municipal,Municipal,Spring,169000.0,170725,1725.0,1.01
PROP_0044,Middlebury,Single Family,7,3.0,3173.0,24829.199999999997,49,2,Fair,3,1,0,1,1,1,1,25,20,0,0,0,0,0,7,48,45,2,0,7361,2441,10,0,0,0,0,1,9323,Garage,Electric,Window Units,Asphalt Shingle,Slab,Hardwood,Stucco,Municipal,Municipal,Winter,397500.0,402509,5009.0,1.24
PROP_0045,Greenwich,Single Family,5,5.0,3500.0,40510.8,38,2,Fair,3,0,0,1,1,1,1,24,19,0,0,0,0,0,9,94,68,3,0,41879,13286,120,0,0,0,1,0,135064,Garage,Oil,None,Asphalt Shingle,Crawl Space,Carpet,Vinyl Siding,Municipal,Municipal,Winter,2395000.0,2718244,323244.0,11.89
PROP_0046,New Britain,Townhouse,2,2.0,840.0,8712.0,59,1,Poor,1,0,0,0,0,1,1,23,20,0,1,0,0,0,5,38,27,6,1,2318,517,20,0,0,0,1,0,4989,Driveway,Gas,Window Units,Asphalt Shingle,Basement,Carpet,Vinyl Siding,Municipal,Municipal,Spring,92900.0,100662,7762.0,7.71
PROP_0047,Granby,Single Family,4,3.0,2203.0,49658.399999999994,48,2,Fair,3,0,0,1,1,1,0,17,20,0,0,0,0,0,7,81,77,10,0,6095,2320,10,0,0,0,1,0,16626,Driveway,Electric,Central AC,Metal,Slab,Carpet,Brick,Municipal,Municipal,Fall,375000.0,358144,-16856.0,-4.71
PROP_0048,Monroe,Single Family,4,3.0,1958.0,25264.8,53,2,Fair,3,0,0,0,1,1,0,25,20,1,0,0,0,0,8,60,59,5,1,8419,2392,120,0,0,0,1,0,10811,Carport,Gas,Central AC,Asphalt Shingle,Crawl Space,Laminate,Vinyl Siding,Municipal,Municipal,Spring,429900.0,421173,-8727.0,-2.07
PROP_0049,Newtown,Single Family,5,6.0,5016.0,117612.00000000001,55,2,Poor,3,1,0,0,0,1,0,25,20,1,0,0,0,0,5,64,48,12,0,18190,7405,120,1,0,0,1,0,95094,Carport,Electric,Central AC,Tile,Slab,Tile,Brick,Municipal,Municipal,Fall,1200000.0,1168535,-31465.0,-2.69
PROP_0050,Danbury,Single Family,4,3.0,1550.0,48351.600000000006,57,2,Poor,3,0,1,0,0,1,1,25,20,0,0,0,0,0,8,29,26,1,0,9451,3244,20,0,0,0,1,2,61793,Carport,Oil,Window Units,Tile,Crawl Space,Carpet,Stucco,Municipal,Municipal,Winter,599900.0,601897,1997.0,0.33
PROP_0051,East Granby,Single Family,3,2.0,1228.0,16988.4,55,1,Fair,2,0,1,1,1,1,0,25,20,1,1,0,0,0,9,71,70,6,1,3316,1704,30,0,0,0,1,1,9934,Garage,Oil,Central AC,Asphalt Shingle,Crawl Space,Carpet,Stucco,Municipal,Septic,Spring,274900.0,280169,5269.0,1.88
PROP_0052,Meriden,Single Family,3,2.0,1572.0,8712.0,63,2,Poor,2,0,0,1,1,1,1,25,20,1,0,0,0,0,8,28,25,3,0,2178,755,10,0,0,0,0,0,8803,Street,Gas,Central AC,Asphalt Shingle,Basement,Hardwood,Brick,Municipal,Municipal,Winter,125000.0,115591,-9409.0,-8.14
PROP_0053,East Hartford,Townhouse,2,2.0,1287.0,8712.0,48,1,Fair,1,0,0,0,0,1,1,25,20,1,1,0,0,0,8,40,33,3,0,4528,1408,10,2,0,0,0,0,9174,Carport,Gas,Central AC,Flat,Basement,Hardwood,Vinyl Siding,Well,Municipal,Winter,239000.0,227320,-11680.0,-5.14
PROP_0054,East Haven,Single Family,3,1.0,1192.0,23958.000000000004,57,1,Fair,2,0,0,1,1,1,1,25,20,0,1,0,0,0,9,13,12,10,0,3978,1798,30,1,0,0,0,0,10860,Driveway,Electric,Central AC,Metal,Crawl Space,Carpet,Brick,Municipal,Municipal,Fall,299900.0,305966,6066.0,1.98
PROP_0055,New London,Single Family,5,5.0,3923.0,12632.4,64,2,Distressed,3,0,1,0,0,1,1,25,20,0,1,0,0,0,5,100,80,4,1,17875,5119,10,1,0,0,1,0,183323,Street,Gas,Central AC,Asphalt Shingle,Basement,Carpet,Brick,Municipal,Municipal,Spring,925000.0,858054,-66946.0,-7.8
PROP_0056,New Britain,Single Family,3,2.0,2240.0,8712.0,51,2,Poor,2,0,0,1,1,1,1,25,20,0,0,0,0,0,7,46,45,11,0,5600,1650,60,3,0,0,1,1,29856,Garage,Gas,Central AC,Metal,Slab,Tile,Brick,Municipal,Septic,Fall,299900.0,309994,10094.0,3.26
PROP_0057,New London,Single Family,3,2.0,1404.0,6098.400000000001,45,1,Fair,2,0,0,1,1,1,1,24,20,0,0,0,0,0,6,82,81,6,1,6243,1885,20,0,0,0,0,2,11794,Driveway,Heat Pump,Central AC,Asphalt Shingle,Crawl Space,Hardwood,Vinyl Siding,Municipal,Municipal,Spring,300000.0,303210,3210.0,1.06
PROP_0058,Greenwich,Single Family,3,4.0,2631.0,191228.4,48,1,Poor,2,1,0,0,0,1,1,25,20,1,0,0,0,0,7,51,43,9,0,28229,13690,10,1,0,0,1,0,119635,Driveway,Oil,Central AC,Metal,Slab,Hardwood,Vinyl Siding,Municipal,Septic,Summer,2100000.0,1929889,-170111.0,-8.81
PROP_0059,Waterford,Single Family,3,3.0,1647.0,10018.800000000001,50,2,Poor,2,0,1,0,0,1,0,17,20,0,1,0,0,0,7,33,29,8,1,6697,3359,10,0,0,0,1,0,27261,Driveway,Gas,Window Units,Metal,Basement,Hardwood,Brick,Municipal,Septic,Summer,529900.0,485001,-44899.0,-9.26
PROP_0060,Kent,Single Family,3,2.0,1800.0,72309.59999999999,52,2,Fair,2,0,0,1,0,0,1,18,20,1,0,0,0,0,6,43,38,6,1,11296,2649,20,1,0,0,0,0,16223,Garage,Heat Pump,Central AC,Asphalt Shingle,Slab,Hardwood,Wood,Municipal,Septic,Spring,460000.0,504374,44374.0,8.8
PROP_0061,Stratford,Townhouse,1,2.0,1550.0,8712.0,61,1,Poor,0,0,0,0,1,1,1,25,20,1,1,0,0,0,7,23,19,7,1,5729,1624,90,0,0,0,1,0,22505,Garage,Gas,Central AC,Tile,Basement,Hardwood,Brick,Municipal,Municipal,Summer,269900.0,280962,11062.0,3.94
PROP_0062,Stafford,Single Family,1,3.0,4740.0,43560.0,57,3,Poor,0,0,0,1,0,1,0,25,20,1,0,0,0,0,9,55,45,4,1,6424,2310,30,3,0,0,1,0,40501,Driveway,Gas,Window Units,Asphalt Shingle,Slab,Carpet,Stucco,Municipal,Municipal,Spring,425000.0,464079,39079.0,8.42
PROP_0063,Willington,Single Family,3,2.0,1002.0,97574.40000000001,56,1,Poor,2,0,0,0,1,1,1,25,20,1,0,0,0,0,7,98,89,3,0,3373,1377,30,3,0,0,1,0,12225,Driveway,Oil,Window Units,Metal,Slab,Hardwood,Vinyl Siding,Municipal,Municipal,Winter,229000.0,210976,-18024.0,-8.54
PROP_0064,Bridgeport,Townhouse,1,1.0,733.0,8712.0,53,1,Poor,0,0,1,0,1,0,0,18,20,0,0,1,286,1,5,63,59,1,0,1338,381,30,1,0,0,1,0,2974,Garage,Electric,Central AC,Asphalt Shingle,Slab,Tile,Vinyl Siding,Well,Municipal,Winter,65000.0,61275,-3725.0,-6.08
PROP_0065,Brooklyn,Single Family,4,1.0,1180.0,12632.4,60,1,Poor,3,0,0,0,1,0,1,25,20,0,0,0,0,0,7,64,55,10,0,4063,1460,20,0,0,0,0,0,22478,Street,Electric,Central AC,Asphalt Shingle,Slab,Laminate,Vinyl Siding,Municipal,Municipal,Fall,239900.0,261346,21446.0,8.21
PROP_0066,Hamden,Single Family,3,2.0,1624.0,35719.2,56,2,Poor,2,0,0,1,1,0,1,18,20,0,0,0,0,0,6,100,81,11,0,6288,1892,90,3,0,0,1,1,15590,Street,Gas,Central AC,Flat,Slab,Laminate,Stucco,Municipal,Municipal,Fall,350000.0,341473,-8527.0,-2.5
PROP_0067,Westport,Single Family,4,3.0,3130.0,43560.0,41,2,Fair,3,1,0,1,1,1,1,18,20,1,0,0,0,0,7,37,33,2,0,36473,11689,120,1,1,0,0,1,54922,Street,Oil,Central AC,Asphalt Shingle,Crawl Space,Carpet,Vinyl Siding,Municipal,Municipal,Winter,1995000.0,2243876,248876.0,11.09
PROP_0068,Montville,Townhouse,3,2.0,1200.0,14810.400000000001,60,1,Poor,2,0,0,0,1,1,1,24,20,0,0,0,0,0,7,58,53,5,1,4209,1700,30,0,0,0,1,1,23332,Street,Gas,Central AC,Metal,Slab,Hardwood,Vinyl Siding,Municipal,Municipal,Spring,269900.0,283391,13491.0,4.76
PROP_0069,Cromwell,Condo,2,1.0,938.0,8712.0,49,1,Fair,1,0,0,0,1,1,1,25,20,1,0,1,263,0,9,71,51,7,1,2604,746,60,0,0,0,0,0,6688,Driveway,Electric,Central AC,Asphalt Shingle,Crawl Space,Carpet,Stucco,Municipal,Municipal,Summer,135000.0,141971,6971.0,4.91
PROP_0070,Enfield,Single Family,3,2.0,1308.0,27442.8,62,1,Poor,2,0,1,1,1,0,1,25,20,0,1,0,0,0,8,50,44,1,0,5716,1517,20,0,0,0,1,0,16058,Driveway,Gas,Window Units,Asphalt Shingle,Slab,Tile,Vinyl Siding,Municipal,Municipal,Winter,269900.0,276252,6352.0,2.3
PROP_0071,Meriden,Condo,2,1.0,840.0,16117.199999999999,57,1,Fair,1,0,0,0,0,0,1,25,20,0,1,1,122,0,5,67,60,11,0,2763,1042,30,0,0,0,0,1,8955,Carport,Gas,Central AC,Asphalt Shingle,Slab,Carpet,Brick,Municipal,Municipal,Fall,189900.0,184820,-5080.0,-2.75
PROP_0072,Berlin,Townhouse,4,2.0,1239.0,23086.800000000003,59,1,Poor,3,0,0,0,1,1,0,25,20,0,0,1,117,0,7,47,36,3,0,4377,1563,120,2,0,0,1,0,24363,Driveway,Gas,Central AC,Asphalt Shingle,Crawl Space,Carpet,Brick,Municipal,Septic,Winter,289000.0,263714,-25286.0,-9.59
PROP_0073,East Hartford,Single Family,4,2.0,1352.0,34848.0,52,1,Poor,3,0,0,1,1,1,0,25,20,0,0,0,0,0,9,72,62,9,0,3487,1628,20,1,0,0,1,1,20212,Garage,Gas,None,Asphalt Shingle,Crawl Space,Hardwood,Vinyl Siding,Well,Septic,Summer,260000.0,276386,16386.0,5.93
PROP_0074,New Haven,Single Family,3,1.0,1480.0,8712.0,46,1,Poor,2,0,0,0,0,1,1,23,20,0,1,0,0,0,9,81,58,5,1,5781,1970,20,0,0,0,0,0,17311,Driveway,Gas,Central AC,Flat,Slab,Carpet,Brick,Municipal,Municipal,Spring,310000.0,290352,-19648.0,-6.77
PROP_0075,Madison,Single Family,4,3.0,3426.0,43995.6,47,2,Fair,3,0,0,1,1,1,0,22,20,0,0,0,0,0,7,54,40,6,1,11937,5475,60,0,0,0,0,0,37018,Street,Electric,Central AC,Metal,Basement,Laminate,Brick,Municipal,Municipal,Spring,839000.0,917863,78863.0,8.59
PROP_0076,Wolcott,Single Family,3,3.0,2830.0,82764.0,58,1,Poor,2,0,1,0,1,1,1,19,20,0,0,0,0,0,7,80,59,6,1,11753,2925,90,0,0,0,0,0,50237,Driveway,Electric,Central AC,Asphalt Shingle,Slab,Hardwood,Brick,Municipal,Septic,Spring,479000.0,471346,-7654.0,-1.62
PROP_0077,North Haven,Condo,2,1.0,672.0,20037.600000000002,48,1,Fair,1,0,0,0,1,1,1,25,20,1,0,1,446,0,7,80,57,6,1,5405,1496,120,1,0,0,0,0,6813,Garage,Electric,Central AC,Asphalt Shingle,Basement,Hardwood,Stucco,Municipal,Municipal,Spring,229000.0,255794,26794.0,10.47
PROP_0078,Watertown,Condo,3,1.0,988.0,10018.800000000001,51,1,Fair,2,0,0,0,0,1,1,25,20,1,0,1,123,0,5,42,29,9,0,4630,1430,60,1,0,0,0,0,6680,Carport,Electric,Central AC,Asphalt Shingle,Basement,Carpet,Wood,Municipal,Municipal,Summer,259900.0,272794,12894.0,4.73
PROP_0079,Waterbury,Single Family,3,2.0,2592.0,6098.400000000001,55,2,Poor,2,0,1,1,1,0,0,25,20,0,0,0,0,0,7,52,51,7,1,5857,1732,30,3,0,0,0,3,25824,Driveway,Gas,Central AC,Metal,Crawl Space,Carpet,Brick,Municipal,Septic,Summer,279900.0,280594,694.0,0.25
PROP_0080,Westbrook,Single Family,4,3.0,1854.0,6098.400000000001,40,2,Poor,3,0,1,1,1,1,1,25,20,0,1,0,0,0,9,85,60,8,1,31356,7912,10,1,0,0,1,0,120360,Carport,Electric,Window Units,Asphalt Shingle,Slab,Carpet,Vinyl Siding,Municipal,Septic,Summer,1399000.0,1332903,-66097.0,-4.96
PROP_0081,Burlington,Single Family,4,4.0,3179.0,60983.99999999999,63,2,Distressed,3,1,0,1,0,1,0,25,20,0,0,0,0,0,8,47,33,8,1,11485,4713,20,0,0,0,1,0,65782,Street,Gas,Central AC,Metal,Crawl Space,Tile,Vinyl Siding,Well,Municipal,Summer,793756.0,763878,-29878.0,-3.91
PROP_0082,Stonington,Single Family,3,2.0,2020.0,21344.399999999998,63,2,Distressed,2,0,0,1,0,0,0,25,20,1,0,0,0,0,6,36,32,5,1,10009,3378,20,3,0,0,0,0,45439,Garage,Electric,Window Units,Asphalt Shingle,Basement,Hardwood,Vinyl Siding,Municipal,Septic,Spring,550000.0,533391,-16609.0,-3.11
PROP_0083,Weston,Single Family,5,5.0,4400.0,56628.0,43,3,Poor,3,0,0,1,1,1,1,14,20,0,0,0,0,0,9,71,65,11,0,53245,12206,60,0,0,0,1,0,111883,Garage,Gas,Window Units,Metal,Basement,Carpet,Wood,Municipal,Municipal,Fall,2159000.0,2269040,110040.0,4.85
PROP_0084,Coventry,Townhouse,3,3.0,1540.0,41817.6,65,1,Poor,2,0,0,0,0,1,1,25,20,0,1,1,289,0,8,70,65,4,1,7256,1678,20,0,1,0,1,0,26574,Driveway,Gas,Central AC,Asphalt Shingle,Crawl Space,Tile,Vinyl Siding,Municipal,Septic,Spring,299900.0,330820,30920.0,9.35
PROP_0085,North Haven,Townhouse,4,3.0,2272.0,8712.0,62,2,Poor,3,0,0,0,1,0,0,25,20,0,0,0,0,0,7,93,84,9,0,12865,3185,120,1,0,0,1,0,59699,Street,Electric,Central AC,Asphalt Shingle,Slab,Carpet,Brick,Municipal,Municipal,Summer,529900.0,522006,-7894.0,-1.51
PROP_0086,Lisbon,Single Family,3,2.0,1170.0,21780.0,61,1,Distressed,2,0,0,0,0,1,0,25,20,1,0,0,0,0,9,41,40,7,1,6168,1962,60,2,0,0,1,0,45728,Driveway,Gas,Central AC,Metal,Crawl Space,Hardwood,Vinyl Siding,Municipal,Municipal,Summer,309900.0,264632,-45268.0,-17.11
PROP_0087,Oxford,Single Family,2,2.0,1060.0,36590.4,48,1,Poor,1,0,0,0,1,1,1,25,20,0,1,0,0,0,7,42,34,11,0,4028,1117,60,1,0,0,1,0,7188,Garage,Oil,None,Asphalt Shingle,Crawl Space,Carpet,Brick,Municipal,Municipal,Fall,175000.0,183364,8364.0,4.56
PROP_0088,Southbury,Single Family,2,2.0,1044.0,8712.0,53,1,Poor,1,0,0,0,0,1,1,19,20,0,1,0,0,0,7,67,50,12,0,2854,1279,60,1,0,0,1,0,10905,Garage,Gas,Central AC,Metal,Basement,Laminate,Vinyl Siding,Municipal,Municipal,Fall,230000.0,232654,2654.0,1.14
PROP_0089,Danbury,Single Family,3,2.0,1120.0,12632.4,60,1,Distressed,2,0,1,1,0,1,1,25,20,1,0,0,0,0,5,34,24,3,0,6904,2310,10,0,0,0,0,0,59464,Driveway,Gas,Central AC,Asphalt Shingle,Crawl Space,Tile,Vinyl Siding,Municipal,Municipal,Winter,375000.0,349440,-25560.0,-7.31
PROP_0090,Southington,Single Family,4,3.0,2688.0,14374.800000000001,64,2,Poor,3,0,0,0,1,1,1,19,20,0,0,0,0,0,9,69,55,1,0,14145,3650,30,1,0,0,1,0,58896,Garage,Gas,Central AC,Asphalt Shingle,Crawl Space,Carpet,Stucco,Municipal,Septic,Winter,609900.0,566335,-43565.0,-7.69
PROP_0091,Westport,Single Family,5,6.0,5666.0,43560.0,52,3,Poor,3,0,0,0,0,1,1,25,20,1,1,0,0,0,7,42,32,4,1,31428,16211,60,0,0,0,1,2,206862,Street,Gas,Window Units,Flat,Slab,Hardwood,Wood,Municipal,Municipal,Spring,2600000.0,2511514,-88486.0,-3.52
PROP_0092,Essex,Single Family,3,4.0,2744.0,20908.8,50,2,Poor,2,1,0,1,1,1,0,16,20,0,0,0,0,0,7,97,78,12,0,14067,5434,180,2,0,0,1,1,85153,Street,Gas,Central AC,Asphalt Shingle,Crawl Space,Hardwood,Vinyl Siding,Municipal,Municipal,Fall,950000.0,1210088,260088.0,21.49
PROP_0093,Bridgeport,Single Family,5,3.0,3965.0,8712.0,58,2,Fair,3,0,0,0,1,1,0,25,20,1,1,0,0,0,6,61,57,6,1,8080,3931,10,0,0,1,1,1,30807,Carport,Gas,Central AC,Asphalt Shingle,Slab,Laminate,Vinyl Siding,Municipal,Septic,Spring,619000.0,838166,219166.0,26.15
PROP_0094,Madison,Single Family,2,4.0,7030.0,101930.4,53,2,Poor,1,0,1,0,1,0,1,25,20,0,0,0,0,0,7,59,42,12,0,22770,9516,30,1,0,0,0,0,106260,Driveway,Gas,Central AC,Asphalt Shingle,Basement,Carpet,Brick,Municipal,Municipal,Fall,1495000.0,1380060,-114940.0,-8.33
PROP_0095,Montville,Single Family,5,3.0,2700.0,160300.80000000002,54,1,Fair,3,0,0,0,1,1,0,25,20,0,1,0,0,0,8,8,6,10,0,5424,1232,30,0,0,0,1,0,10429,Driveway,Oil,None,Tile,Basement,Hardwood,Vinyl Siding,Municipal,Municipal,Fall,225000.0,229240,4240.0,1.85
PROP_0096,Milford,Townhouse,4,2.0,1274.0,9583.2,51,1,Poor,3,0,1,0,1,0,1,25,20,0,0,1,198,0,9,25,19,2,0,5531,1391,30,1,0,0,1,0,11273,Street,Oil,Central AC,Asphalt Shingle,Basement,Carpet,Vinyl Siding,Municipal,Municipal,Winter,250000.0,268964,18964.0,7.05
PROP_0097,Stonington,Single Family,3,2.0,1152.0,8712.0,59,1,Fair,2,0,1,0,0,1,1,25,20,0,0,0,0,0,7,73,59,9,0,2359,632,120,2,0,0,1,0,3717,Driveway,Gas,Central AC,Metal,Basement,Hardwood,Brick,Municipal,Municipal,Summer,99900.0,107936,8036.0,7.45
PROP_0098,Bristol,Single Family,3,2.0,1894.0,20037.600000000002,65,2,Poor,2,0,0,1,1,1,0,25,20,0,1,0,0,0,6,27,24,7,1,3481,1658,10,0,0,0,1,0,26668,Driveway,Gas,Central AC,Asphalt Shingle,Crawl Space,Hardwood,Vinyl Siding,Municipal,Municipal,Summer,289900.0,313523,23623.0,7.53
PROP_0099,Hamden,Condo,2,2.0,709.0,8712.0,53,1,Fair,1,0,0,0,1,1,1,22,20,1,0,1,488,0,8,83,62,3,0,1619,758,20,0,0,0,1,0,3379,Garage,Electric,None,Asphalt Shingle,Crawl Space,Hardwood,Wood,Municipal,Municipal,Winter,125000.0,132599,7599.0,5.73
PROP_0100,Southington,Single Family,3,2.0,1929.0,16552.8,47,2,Fair,2,0,1,0,1,1,0,25,19,0,0,0,0,0,9,88,78,11,0,8299,2200,30,0,0,0,0,0,14444,Driveway,Oil,Central AC,Asphalt Shingle,Slab,Carpet,Wood,Municipal,Septic,Fall,389000.0,440648,51648.0,11.72
PROP_0101,Thomaston,Single Family,3,1.0,1320.0,8712.0,65,1,Poor,2,0,1,1,1,1,1,25,20,0,1,0,0,0,7,100,98,10,0,1554,591,10,0,0,0,1,0,6855,Driveway,Oil,None,Asphalt Shingle,Basement,Carpet,Vinyl Siding,Municipal,Septic,Fall,99900.0,108540,8640.0,7.96
PROP_0102,Southington,Condo,2,1.0,780.0,8712.0,49,1,Poor,1,0,0,0,1,1,1,25,20,1,0,1,107,0,7,48,40,3,0,1406,580,20,0,0,0,1,0,6338,Street,Electric,Central AC,Metal,Basement,Hardwood,Vinyl Siding,Municipal,Septic,Winter,90000.0,92702,2702.0,2.91
PROP_0103,Branford,Single Family,3,3.0,2800.0,10890.0,58,1,Poor,2,1,1,0,0,1,0,25,20,0,0,0,0,0,8,65,45,2,0,20066,7482,20,0,0,0,1,0,88666,Driveway,Electric,Window Units,Metal,Slab,Hardwood,Vinyl Siding,Municipal,Municipal,Winter,1270000.0,1376467,106467.0,7.73
PROP_0104,Stratford,Townhouse,1,1.0,600.0,8712.0,49,1,Fair,0,0,1,0,0,1,0,25,20,0,0,0,0,0,6,39,38,3,0,2212,701,20,0,0,0,1,0,6345,Carport,Gas,Central AC,Asphalt Shingle,Crawl Space,Laminate,Stucco,Municipal,Municipal,Winter,114900.0,110671,-4229.0,-3.82
PROP_0105,Tolland,Single Family,3,3.0,1887.0,8712.0,56,2,Poor,2,0,0,0,0,1,1,25,20,1,1,0,0,0,9,36,35,4,1,7662,2349,90,0,0,0,1,0,43643,Street,Electric,Central AC,Tile,Slab,Carpet,Brick,Well,Municipal,Spring,435000.0,433471,-1529.0,-0.35
PROP_0106,New Haven,Single Family,3,2.0,1547.0,6098.400000000001,64,2,Distressed,2,0,0,1,0,0,1,25,20,0,1,0,0,0,6,58,43,5,1,3262,1402,20,0,0,0,1,0,52822,Street,Gas,Central AC,Metal,Slab,Laminate,Brick,Municipal,Municipal,Spring,239900.0,200571,-39329.0,-19.61
PROP_0107,Greenwich,Single Family,9,10.0,7104.0,139392.0,41,2,Fair,3,0,0,1,0,1,0,14,20,1,0,0,0,0,7,79,74,5,1,77021,24143,120,1,0,0,1,0,171175,Driveway,Electric,Window Units,Asphalt Shingle,Basement,Hardwood,Wood,Municipal,Septic,Spring,3875000.0,4346241,471241.0,10.84
PROP_0108,Haddam,Single Family,2,1.0,1196.0,66646.8,51,1,Fair,1,0,0,0,0,1,1,21,20,0,0,0,0,0,7,81,62,9,0,4067,1601,10,2,0,0,1,3,13473,Street,Oil,Central AC,Metal,Crawl Space,Tile,Wood,Well,Septic,Summer,284900.0,279358,-5542.0,-1.98
PROP_0109,Fairfield,Single Family,3,3.0,2200.0,8712.0,46,2,Fair,2,0,0,0,0,1,0,25,20,0,0,0,0,0,7,98,91,4,1,22195,6499,30,0,0,0,1,1,35652,Street,Oil,Central AC,Asphalt Shingle,Crawl Space,Tile,Vinyl Siding,Municipal,Municipal,Spring,1150000.0,1277119,127119.0,9.95
PROP_0110,North Haven,Single Family,3,3.0,1906.0,8712.0,64,1,Poor,2,0,0,1,0,0,0,25,20,1,0,0,0,0,8,87,86,11,0,5340,2267,120,0,0,0,0,1,23133,Driveway,Gas,Central AC,Asphalt Shingle,Crawl Space,Hardwood,Brick,Municipal,Septic,Fall,404900.0,377162,-27738.0,-7.35
PROP_0111,Westport,Single Family,4,4.0,3396.0,9583.2,37,2,Fair,3,0,0,0,1,1,1,18,15,0,0,0,0,0,8,57,48,1,0,82153,24450,20,0,0,0,0,0,121577,Driveway,Electric,Central AC,Flat,Slab,Hardwood,Vinyl Siding,Municipal,Municipal,Winter,3799000.0,3689013,-109987.0,-2.98
PROP_0112,Tolland,Townhouse,2,2.0,960.0,14810.400000000001,47,1,Fair,1,0,1,0,1,1,0,25,20,0,0,0,0,0,7,47,44,3,0,4526,1384,90,0,0,0,1,0,6315,Driveway,Gas,Central AC,Metal,Basement,Carpet,Vinyl Siding,Municipal,Septic,Winter,224500.0,236069,11569.0,4.9
PROP_0113,Bridgeport,Single Family,8,3.0,3892.0,5227.2,54,2,Fair,3,1,0,0,1,1,0,25,20,1,0,0,0,0,8,61,54,10,0,8795,2322,10,2,0,0,0,0,12939,Driveway,Oil,Central AC,Asphalt Shingle,Crawl Space,Tile,Stucco,Municipal,Municipal,Fall,359000.0,401655,42655.0,10.62
PROP_0114,Trumbull,Single Family,3,3.0,2465.0,8712.0,53,2,Poor,2,0,1,1,0,0,0,17,20,0,0,0,0,0,6,49,47,4,1,13962,4702,90,1,0,0,1,1,51444,Garage,Electric,Central AC,Tile,Crawl Space,Hardwood,Vinyl Siding,Municipal,Municipal,Spring,869995.0,907496,37501.0,4.13
PROP_0115,Cromwell,Single Family,3,2.0,1303.0,10018.800000000001,60,1,Poor,2,0,0,0,0,1,1,25,20,0,1,0,0,0,5,80,77,3,0,7032,1760,10,2,0,0,1,0,19142,Driveway,Heat Pump,Central AC,Asphalt Shingle,Slab,Carpet,Wood,Municipal,Municipal,Winter,289000.0,291703,2703.0,0.93
PROP_0116,Norwalk,Single Family,6,4.0,2135.0,6534.0,50,1,Fair,3,0,1,0,0,0,1,24,20,0,0,0,0,0,7,52,41,7,1,8944,3993,30,0,1,0,1,0,38916,Driveway,Oil,Central AC,Asphalt Shingle,Basement,Hardwood,Brick,Municipal,Municipal,Summer,729000.0,922129,193129.0,20.94
PROP_0117,New Canaan,Single Family,3,3.0,1638.0,8712.0,51,2,Poor,2,0,0,0,1,0,1,25,20,1,0,0,0,0,6,67,58,9,0,27275,6599,90,2,1,0,1,0,59895,Driveway,Gas,Central AC,Asphalt Shingle,Basement,Carpet,Vinyl Siding,Well,Municipal,Summer,1095000.0,1447903,352903.0,24.37
PROP_0118,Plainfield,Single Family,2,2.0,1580.0,8712.0,46,2,Fair,1,0,1,0,1,1,1,16,20,1,0,0,0,0,6,73,59,11,0,4565,1902,30,1,0,0,1,0,13259,Garage,Gas,Central AC,Asphalt Shingle,Crawl Space,Carpet,Wood,Well,Municipal,Fall,319000.0,352999,33999.0,9.63
PROP_0119,Farmington,Single Family,4,4.0,3753.0,46173.600000000006,61,2,Poor,3,0,1,1,0,0,1,20,20,1,0,0,0,0,8,40,36,4,1,14926,5507,180,2,0,0,0,0,45854,Driveway,Electric,Central AC,Asphalt Shingle,Basement,Laminate,Brick,Well,Municipal,Spring,849900.0,937485,87585.0,9.34
PROP_0120,Stonington,Single Family,4,4.0,3368.0,8276.4,49,2,Fair,3,0,0,0,1,1,0,25,20,1,0,0,0,0,7,100,77,2,0,25493,11322,90,0,0,0,1,1,51447,Driveway,Gas,Central AC,Metal,Basement,Tile,Brick,Municipal,Municipal,Winter,1750000.0,1689246,-60754.0,-3.6
PROP_0121,Newtown,Single Family,4,3.0,2760.0,87120.0,47,1,Poor,3,0,1,1,1,1,0,22,20,0,0,0,0,0,7,19,17,3,0,16415,4692,10,2,0,0,1,0,72955,Driveway,Gas,Central AC,Tile,Crawl Space,Hardwood,Brick,Municipal,Municipal,Winter,739900.0,740234,334.0,0.05
PROP_0122,Warren,Single Family,3,4.0,4180.0,7670916.0,34,3,Fair,2,0,0,0,0,1,1,25,20,0,1,0,0,0,6,27,20,5,1,61830,20054,20,0,0,0,0,1,131317,Garage,Electric,Central AC,Asphalt Shingle,Crawl Space,Hardwood,Brick,Municipal,Municipal,Spring,3495000.0,3860893,365893.0,9.48
PROP_0123,Hamden,Single Family,2,2.0,1168.0,9147.6,62,1,Poor,1,0,0,0,1,1,1,24,20,0,0,0,0,0,6,67,48,3,0,3979,1193,20,1,0,0,0,0,24580,Street,Electric,Central AC,Asphalt Shingle,Slab,Carpet,Vinyl Siding,Municipal,Municipal,Winter,215000.0,221842,6842.0,3.08
PROP_0124,Haddam,Townhouse,3,2.0,1449.0,10018.800000000001,51,1,Fair,2,0,1,0,1,0,1,25,20,1,1,1,423,0,8,43,34,10,0,5157,2058,30,0,0,0,1,0,20469,Garage,Heat Pump,Central AC,Metal,Slab,Carpet,Wood,Municipal,Municipal,Fall,342900.0,374143,31243.0,8.35
PROP_0125,New Fairfield,Townhouse,2,1.0,886.0,15245.999999999998,62,1,Poor,1,0,1,0,0,1,1,19,20,1,1,1,341,0,8,65,57,1,0,4364,1635,30,1,0,0,1,0,19809,Driveway,Electric,Central AC,Asphalt Shingle,Basement,Carpet,Vinyl Siding,Municipal,Municipal,Winter,249900.0,241122,-8778.0,-3.64
PROP_0126,New Milford,Single Family,3,2.0,1776.0,8712.0,61,2,Poor,2,0,1,0,1,1,0,25,20,0,0,0,0,0,8,65,48,9,0,3733,1387,30,1,0,0,0,0,22352,Carport,Heat Pump,Central AC,Flat,Slab,Hardwood,Wood,Municipal,Municipal,Summer,249000.0,225039,-23961.0,-10.65
PROP_0127,Meriden,Condo,2,1.0,952.0,8712.0,59,1,Fair,1,0,0,0,1,1,1,25,20,1,0,1,256,0,6,31,28,9,0,3558,1177,60,1,0,1,1,1,9367,Driveway,Heat Pump,Central AC,Asphalt Shingle,Crawl Space,Hardwood,Wood,Municipal,Municipal,Summer,184900.0,260384,75484.0,28.99
PROP_0128,Branford,Single Family,5,3.0,2783.0,18730.8,51,2,Fair,3,1,1,1,1,1,0,25,20,1,0,0,0,0,6,93,78,11,0,7233,1986,30,3,0,0,1,0,12887,Driveway,Oil,Window Units,Asphalt Shingle,Crawl Space,Hardwood,Vinyl Siding,Well,Municipal,Fall,319900.0,328411,8511.0,2.59
PROP_0129,Hamden,Single Family,3,2.0,1645.0,30056.399999999998,63,2,Distressed,2,0,1,0,1,1,0,25,20,0,0,0,0,0,8,61,57,6,1,7044,1995,90,0,0,0,0,0,31808,Driveway,Electric,Window Units,Metal,Basement,Tile,Vinyl Siding,Municipal,Septic,Spring,354000.0,342385,-11615.0,-3.39
PROP_0130,Madison,Single Family,4,3.0,1925.0,10454.4,38,2,Fair,3,0,0,0,0,1,1,24,19,0,1,0,0,0,9,49,37,11,0,23504,7717,30,1,0,0,0,0,69230,Garage,Gas,None,Asphalt Shingle,Basement,Laminate,Brick,Municipal,Septic,Fall,1250000.0,1305011,55011.0,4.22
PROP_0131,Fairfield,Single Family,4,4.0,3588.0,119790.0,54,2,Fair,3,0,1,1,1,1,0,25,20,1,0,0,0,0,7,26,24,6,1,22064,8461,30,0,0,0,0,0,58064,Garage,Electric,Central AC,Tile,Slab,Carpet,Wood,Municipal,Septic,Spring,1299000.0,1315175,16175.0,1.23
PROP_0132,Hebron,Single Family,2,2.0,1574.0,8712.0,55,1,Poor,1,0,1,1,0,0,1,25,20,1,1,0,0,0,7,39,30,7,1,8258,2280,10,0,0,0,1,0,15598,Driveway,Gas,Window Units,Metal,Slab,Laminate,Wood,Municipal,Municipal,Summer,349900.0,365265,15365.0,4.21
PROP_0133,Berlin,Condo,1,1.0,856.0,8712.0,49,1,Poor,0,0,0,0,1,1,0,25,20,1,0,1,413,0,8,66,61,7,1,2255,1021,120,0,0,0,1,0,14550,Driveway,Oil,None,Metal,Slab,Laminate,Brick,Municipal,Municipal,Summer,159000.0,165512,6512.0,3.93
PROP_0134,Milford,Single Family,2,2.0,1120.0,8712.0,62,1,Distressed,1,0,0,0,1,0,1,25,20,1,0,0,0,0,8,35,30,2,0,3869,1933,60,2,0,0,0,0,57350,Street,Oil,Central AC,Tile,Basement,Hardwood,Wood,Municipal,Municipal,Winter,299900.0,290857,-9043.0,-3.11
PROP_0135,Greenwich,Single Family,5,9.0,6140.0,8712.0,52,2,Fair,3,1,1,1,1,0,1,25,20,0,1,0,0,0,7,28,22,8,1,44456,22944,10,0,0,0,1,1,89319,Street,Electric,Central AC,Asphalt Shingle,Slab,Hardwood,Stucco,Municipal,Municipal,Summer,3500000.0,3832940,332940.0,8.69
PROP_0136,Stamford,Single Family,6,3.0,2488.0,7840.799999999999,57,1,Fair,3,0,0,0,1,0,1,25,20,1,1,0,0,0,6,33,23,9,0,11873,3318,180,0,0,0,0,2,25705,Street,Gas,Central AC,Metal,Crawl Space,Carpet,Wood,Municipal,Municipal,Summer,599000.0,767393,168393.0,21.94
PROP_0137,New Canaan,Single Family,4,4.0,3200.0,200375.99999999997,52,2,Poor,3,0,0,1,1,1,0,25,20,1,0,0,0,0,8,93,68,2,0,38151,12163,120,1,0,0,1,3,127049,Driveway,Gas,None,Asphalt Shingle,Basement,Laminate,Brick,Municipal,Municipal,Winter,2100000.0,2065017,-34983.0,-1.69
PROP_0138,Bridgeport,Townhouse,4,3.0,2200.0,4791.6,48,2,Fair,3,0,1,0,1,1,1,25,20,1,0,1,454,0,5,76,70,11,0,6717,3309,60,0,0,0,0,0,13582,Driveway,Heat Pump,Central AC,Asphalt Shingle,Basement,Hardwood,Stucco,Municipal,Municipal,Fall,529900.0,520796,-9104.0,-1.75
PROP_0139,Meriden,Single Family,3,2.0,1040.0,13503.6,51,1,Poor,2,0,0,0,0,1,1,15,20,1,0,0,0,0,6,58,49,9,0,6474,1680,20,0,0,0,0,0,25722,Carport,Gas,Window Units,Tile,Crawl Space,Hardwood,Brick,Municipal,Municipal,Summer,259900.0,283723,23823.0,8.4
PROP_0140,Westport,Single Family,4,2.0,1593.0,27878.4,10,2,Good,3,0,1,0,1,1,1,5,6,0,0,0,0,0,6,67,55,5,1,42409,19468,20,0,0,0,1,0,34943,Garage,Electric,Central AC,Asphalt Shingle,Slab,Carpet,Stucco,Municipal,Municipal,Spring,3295000.0,3682248,387248.0,10.52
PROP_0141,Stamford,Single Family,2,3.0,1204.0,8712.0,54,1,Poor,1,0,1,0,1,1,1,25,20,0,0,0,0,0,7,97,92,4,1,4215,1874,120,1,0,0,1,1,28398,Carport,Gas,Window Units,Metal,Slab,Laminate,Wood,Municipal,Municipal,Spring,345000.0,351543,6543.0,1.86
PROP_0142,Stamford,Single Family,3,2.0,1840.0,10018.800000000001,45,2,Poor,2,0,1,0,1,1,1,16,20,0,1,0,0,0,7,69,55,11,0,14010,3988,20,0,0,0,1,2,37717,Carport,Gas,Central AC,Asphalt Shingle,Slab,Hardwood,Vinyl Siding,Municipal,Municipal,Fall,699000.0,740449,41449.0,5.6
PROP_0143,Oxford,Single Family,4,3.0,2917.0,65340.0,57,2,Poor,3,0,0,1,1,0,1,25,20,1,0,0,0,0,7,38,32,1,0,11531,3672,120,0,0,0,1,0,39580,Driveway,Oil,Central AC,Asphalt Shingle,Crawl Space,Carpet,Brick,Municipal,Municipal,Winter,625000.0,619394,-5606.0,-0.91
PROP_0144,Hartford,Condo,2,1.0,865.0,8712.0,50,1,Fair,1,0,0,0,1,1,1,24,20,1,1,1,265,0,5,78,69,9,0,1561,450,30,2,0,0,1,0,3607,Driveway,Gas,Central AC,Asphalt Shingle,Basement,Tile,Stucco,Municipal,Municipal,Summer,74000.0,76671,2671.0,3.48
PROP_0145,New London,Single Family,7,3.0,2595.0,6098.400000000001,49,2,Fair,3,0,0,0,0,1,0,15,20,0,0,0,0,0,6,63,56,7,1,3042,1503,120,0,0,0,1,0,7724,Driveway,Gas,Window Units,Asphalt Shingle,Crawl Space,Laminate,Stucco,Municipal,Municipal,Summer,239900.0,245863,5963.0,2.43
PROP_0146,Stamford,Single Family,6,4.0,3432.0,43560.0,59,3,Fair,3,0,1,0,0,1,0,25,20,0,0,0,0,0,7,38,31,3,0,11567,5064,30,0,0,0,0,0,42359,Carport,Gas,Window Units,Asphalt Shingle,Slab,Tile,Brick,Well,Municipal,Winter,885000.0,936487,51487.0,5.5
PROP_0147,Bristol,Single Family,2,2.0,1092.0,8712.0,66,1,Poor,1,0,1,1,0,1,1,25,20,0,0,0,0,0,7,27,26,2,0,1816,847,90,0,0,0,1,0,13787,Garage,Gas,None,Asphalt Shingle,Slab,Tile,Brick,Municipal,Municipal,Winter,149900.0,163400,13500.0,8.26
PROP_0148,Manchester,Single Family,3,2.0,1828.0,22215.600000000002,59,2,Poor,2,0,0,1,1,1,1,25,20,0,1,0,0,0,9,61,46,5,1,7934,2126,60,1,0,0,1,0,20884,Garage,Gas,Window Units,Metal,Slab,Hardwood,Brick,Municipal,Municipal,Spring,349900.0,359488,9588.0,2.67
PROP_0149,Hamden,Single Family,2,2.0,1350.0,8712.0,47,1,Poor,1,0,0,0,0,1,1,20,20,1,0,0,0,0,7,46,43,2,0,5132,1381,90,0,0,0,1,1,23780,Carport,Gas,Central AC,Metal,Crawl Space,Tile,Brick,Municipal,Municipal,Winter,209900.0,224656,14756.0,6.57
PROP_0150,Oxford,Single Family,3,2.0,2589.0,71438.4,49,2,Poor,2,1,0,1,1,1,0,25,20,1,0,0,0,0,8,62,46,9,0,9045,2943,90,2,0,0,0,0,46449,Garage,Gas,None,Asphalt Shingle,Basement,Tile,Vinyl Siding,Municipal,Municipal,Summer,489900.0,506976,17076.0,3.37
PROP_0151,Seymour,Condo,2,1.0,925.0,8712.0,56,1,Poor,1,0,0,0,1,0,1,19,20,0,0,1,218,0,5,63,51,4,1,2867,885,20,1,0,0,1,1,6206,Garage,Gas,Window Units,Asphalt Shingle,Slab,Carpet,Wood,Municipal,Septic,Spring,140000.0,146273,6273.0,4.29
PROP_0152,Watertown,Townhouse,4,3.0,2266.0,27007.2,63,1,Distressed,3,0,1,0,1,0,1,25,20,0,1,1,243,1,5,55,44,4,1,7931,2829,60,2,0,0,1,0,62643,Street,Electric,Central AC,Asphalt Shingle,Basement,Laminate,Vinyl Siding,Municipal,Municipal,Spring,479900.0,443014,-36886.0,-8.33
PROP_0153,Ledyard,Condo,3,1.0,960.0,16117.199999999999,56,1,Fair,2,0,0,0,1,0,0,24,20,0,0,1,113,0,5,59,53,3,0,3173,1337,30,2,0,0,0,0,5710,Street,Heat Pump,Central AC,Flat,Crawl Space,Tile,Brick,Municipal,Municipal,Winter,240000.0,243022,3022.0,1.24
PROP_0154,Naugatuck,Single Family,2,2.0,1650.0,8712.0,61,2,Poor,1,0,0,0,0,1,0,18,20,0,0,0,0,0,7,78,69,6,1,4919,2140,30,0,0,0,0,2,34182,Carport,Electric,Central AC,Asphalt Shingle,Basement,Carpet,Brick,Municipal,Municipal,Spring,340000.0,322901,-17099.0,-5.3
PROP_0155,Greenwich,Single Family,6,8.0,5086.0,47044.8,37,3,Fair,3,1,1,1,1,1,1,16,17,0,0,0,0,0,6,44,40,5,1,82152,28045,120,0,0,0,0,1,123820,Garage,Gas,Window Units,Asphalt Shingle,Slab,Carpet,Vinyl Siding,Municipal,Municipal,Spring,4795000.0,4594517,-200483.0,-4.36
PROP_0156,Norwich,Single Family,7,7.0,4878.0,16117.199999999999,67,3,Poor,3,0,0,1,1,0,1,25,20,0,0,0,0,0,5,79,59,10,0,5870,2154,180,1,0,0,0,0,36875,Street,Electric,Central AC,Asphalt Shingle,Slab,Laminate,Wood,Municipal,Municipal,Fall,389900.0,431738,41838.0,9.69
PROP_0157,Bridgeport,Townhouse,2,1.0,948.0,8712.0,58,1,Poor,1,0,1,0,1,1,0,20,20,1,1,1,272,0,9,61,48,9,0,1747,630,10,1,0,0,1,0,6487,Garage,Electric,None,Asphalt Shingle,Crawl Space,Carpet,Vinyl Siding,Well,Municipal,Summer,100000.0,102091,2091.0,2.05
PROP_0158,Stafford Springs,Condo,2,1.0,768.0,1896602.4,48,1,Fair,1,0,0,0,0,1,0,25,20,1,0,1,219,0,8,75,54,9,0,10744,3203,20,1,0,0,1,1,12883,Driveway,Gas,Window Units,Asphalt Shingle,Slab,Laminate,Vinyl Siding,Municipal,Municipal,Summer,549900.0,586835,36935.0,6.29
PROP_0159,Killingly,Single Family,4,2.0,1417.0,13503.6,52,1,Fair,3,0,1,0,1,1,1,25,20,0,0,0,0,0,8,44,41,8,1,2838,1414,20,0,0,0,0,0,5843,Driveway,Gas,Central AC,Asphalt Shingle,Basement,Tile,Vinyl Siding,Municipal,Municipal,Summer,234900.0,243863,8963.0,3.68
PROP_0160,Waterbury,Single Family,3,3.0,1274.0,8712.0,47,1,Fair,2,0,0,1,1,1,1,25,20,0,0,0,0,0,7,20,17,7,1,4043,1556,60,0,0,0,0,0,10639,Garage,Electric,Central AC,Asphalt Shingle,Basement,Hardwood,Brick,Municipal,Septic,Summer,239900.0,228321,-11579.0,-5.07
PROP_0161,Portland,Single Family,3,1.0,1296.0,10018.800000000001,64,1,Poor,2,0,1,1,1,0,1,20,20,0,1,0,0,0,5,47,34,3,0,5707,1629,10,0,0,0,1,0,19634,Driveway,Heat Pump,Central AC,Asphalt Shingle,Basement,Hardwood,Vinyl Siding,Municipal,Municipal,Winter,250000.0,227558,-22442.0,-9.86
PROP_0162,Southington,Townhouse,4,3.0,2475.0,49222.799999999996,59,2,Poor,3,0,0,0,1,0,1,25,20,0,0,0,0,0,6,66,46,2,0,7697,3022,90,0,0,0,0,2,58170,Carport,Gas,Central AC,Asphalt Shingle,Crawl Space,Carpet,Brick,Municipal,Municipal,Winter,549900.0,504165,-45735.0,-9.07
PROP_0163,New Canaan,Single Family,2,2.0,1236.0,8712.0,41,1,Fair,1,0,1,0,0,1,0,17,20,1,0,0,0,0,7,45,42,11,0,20218,10123,30,0,0,0,0,0,58189,Driveway,Gas,None,Asphalt Shingle,Basement,Laminate,Brick,Municipal,Municipal,Fall,1555000.0,1727803,172803.0,10.0
PROP_0164,Simsbury,Townhouse,2,3.0,1166.0,8712.0,53,1,Fair,1,0,1,0,1,0,1,25,20,0,0,0,0,0,7,67,48,10,0,3812,1128,30,2,0,0,1,0,5975,Garage,Electric,None,Asphalt Shingle,Basement,Hardwood,Wood,Municipal,Septic,Fall,180000.0,196933,16933.0,8.6
PROP_0165,Berlin,Single Family,2,2.0,1238.0,23958.000000000004,59,1,Fair,1,0,0,1,1,0,1,25,20,1,1,0,0,0,5,36,32,6,1,5544,1998,20,0,0,0,1,0,9425,Street,Electric,Central AC,Metal,Crawl Space,Hardwood,Wood,Municipal,Septic,Spring,349900.0,369656,19756.0,5.34
PROP_0166,Bridgeport,Townhouse,4,2.0,1630.0,3049.2000000000003,65,1,Distressed,3,0,0,0,1,1,1,23,20,0,0,1,172,0,6,52,44,6,1,6523,1630,10,0,0,0,0,1,44764,Garage,Electric,Central AC,Asphalt Shingle,Crawl Space,Laminate,Vinyl Siding,Municipal,Municipal,Spring,265000.0,242362,-22638.0,-9.34
PROP_0167,Stratford,Single Family,4,3.0,2144.0,50529.6,55,2,Fair,3,0,0,0,0,1,1,25,20,0,0,0,0,0,6,45,35,1,0,10485,2989,120,3,0,0,1,0,23858,Street,Gas,Window Units,Asphalt Shingle,Basement,Hardwood,Stucco,Municipal,Municipal,Winter,529900.0,546152,16252.0,2.98
PROP_0168,Deep River,Condo,2,1.0,884.0,8712.0,47,1,Fair,1,0,1,0,1,1,0,23,20,0,0,1,248,0,9,100,90,4,1,2084,901,30,0,0,0,1,1,4952,Driveway,Electric,Central AC,Asphalt Shingle,Crawl Space,Carpet,Vinyl Siding,Municipal,Septic,Spring,159900.0,157787,-2113.0,-1.34
PROP_0169,Hartford,Single Family,3,3.0,1445.0,5227.2,65,1,Distressed,2,0,1,0,1,1,1,21,20,1,1,0,0,0,6,94,76,3,0,3062,885,10,1,0,0,0,0,21698,Garage,Gas,Window Units,Asphalt Shingle,Basement,Hardwood,Vinyl Siding,Municipal,Municipal,Winter,139900.0,135232,-4668.0,-3.45
PROP_0170,New Milford,Single Family,1,2.0,1644.0,558003.6,54,2,Fair,0,0,1,1,1,1,1,25,20,1,1,0,0,0,7,59,57,3,0,11308,4623,10,0,0,0,0,0,24607,Driveway,Gas,Central AC,Asphalt Shingle,Slab,Tile,Wood,Municipal,Municipal,Winter,750000.0,808100,58100.0,7.19
PROP_0171,Trumbull,Townhouse,2,2.0,1400.0,15245.999999999998,60,1,Poor,1,0,1,0,1,1,1,25,20,0,0,1,270,0,5,73,58,1,0,13721,3120,20,2,0,1,0,0,28942,Driveway,Gas,Window Units,Tile,Crawl Space,Hardwood,Stucco,Municipal,Municipal,Winter,574900.0,729067,154167.0,21.15
PROP_0172,Stratford,Single Family,3,2.0,1134.0,10454.4,53,1,Poor,2,0,0,1,0,1,0,25,20,1,0,0,0,0,6,100,94,10,0,5228,2406,10,0,0,1,1,0,39089,Garage,Electric,None,Metal,Slab,Hardwood,Brick,Municipal,Municipal,Fall,425000.0,468612,43612.0,9.31
PROP_0173,Enfield,Single Family,3,1.0,1008.0,12632.4,48,1,Fair,2,0,0,1,1,1,1,24,20,1,0,0,0,0,6,44,36,10,0,4706,1422,60,0,0,0,1,0,11028,Street,Oil,Central AC,Asphalt Shingle,Basement,Hardwood,Brick,Municipal,Septic,Fall,239900.0,246701,6801.0,2.76
PROP_0174,Uncasville,Townhouse,2,2.0,1286.0,8712.0,55,1,Poor,1,0,0,0,1,1,0,25,20,1,0,1,217,0,9,69,58,12,0,4385,1271,20,1,0,0,0,1,19100,Carport,Gas,Window Units,Metal,Crawl Space,Hardwood,Brick,Municipal,Municipal,Fall,229995.0,241024,11029.0,4.58
PROP_0175,Naugatuck,Condo,3,1.0,912.0,9583.2,63,1,Distressed,2,0,0,0,1,1,1,25,20,1,1,1,189,0,7,100,89,12,0,5477,1211,30,1,0,0,1,0,41263,Garage,Gas,Central AC,Asphalt Shingle,Crawl Space,Carpet,Brick,Municipal,Municipal,Fall,224000.0,206038,-17962.0,-8.72
PROP_0176,Stamford,Townhouse,3,2.0,1786.0,15245.999999999998,55,2,Fair,2,0,0,0,0,1,1,25,20,1,1,1,462,0,6,100,72,1,0,8794,3646,20,0,0,0,1,0,27329,Carport,Heat Pump,Central AC,Asphalt Shingle,Crawl Space,Hardwood,Vinyl Siding,Municipal,Municipal,Winter,599000.0,578058,-20942.0,-3.62
PROP_0177,Tolland,Single Family,3,3.0,2461.0,192535.19999999998,60,2,Distressed,2,0,0,1,0,0,1,25,20,0,1,0,0,0,8,39,37,9,0,8059,3256,10,1,1,0,1,1,63227,Driveway,Electric,Central AC,Asphalt Shingle,Crawl Space,Carpet,Wood,Municipal,Municipal,Summer,498000.0,573251,75251.0,13.13
PROP_0178,Windham,Single Family,3,2.0,1781.0,6098.400000000001,66,2,Poor,2,0,1,0,1,1,0,25,20,0,0,0,0,0,7,43,31,7,1,4513,1127,90,1,0,0,0,1,19441,Street,Electric,Central AC,Asphalt Shingle,Crawl Space,Carpet,Brick,Municipal,Municipal,Summer,199000.0,186707,-12293.0,-6.58
PROP_0179,East Lyme,Single Family,4,4.0,1764.0,20037.600000000002,48,2,Fair,3,0,1,0,0,1,1,25,20,1,0,0,0,0,7,48,37,4,1,6968,2400,20,1,0,0,0,0,7486,Garage,Gas,Central AC,Asphalt Shingle,Crawl Space,Laminate,Vinyl Siding,Municipal,Municipal,Spring,369000.0,361108,-7892.0,-2.19
PROP_0180,Greenwich,Single Family,4,3.0,2943.0,13068.0,49,2,Poor,3,1,1,0,1,1,0,25,20,0,1,0,0,0,7,57,42,12,0,43618,14424,60,1,0,0,0,1,225674,Street,Gas,Window Units,Asphalt Shingle,Basement,Carpet,Vinyl Siding,Municipal,Septic,Fall,2350000.0,2169405,-180595.0,-8.32
PROP_0181,New Britain,Single Family,5,2.0,2328.0,7405.200000000001,61,2,Poor,3,0,1,0,1,0,1,25,20,1,1,0,0,0,6,39,27,8,1,6366,1641,60,0,0,0,0,0,14144,Street,Gas,None,Metal,Slab,Carpet,Brick,Municipal,Septic,Summer,259900.0,243587,-16313.0,-6.7
PROP_0182,New Britain,Single Family,6,3.0,2722.0,5227.2,64,2,Poor,3,0,0,0,0,1,1,25,20,1,0,0,0,0,7,27,20,8,1,4955,1760,20,1,0,0,1,1,13538,Garage,Electric,Window Units,Asphalt Shingle,Basement,Hardwood,Wood,Municipal,Municipal,Summer,325000.0,326658,1658.0,0.51
PROP_0183,Danbury,Townhouse,1,1.0,882.0,8712.0,53,1,Fair,0,0,0,0,0,0,1,22,20,1,1,0,0,0,7,76,62,3,0,3752,998,60,1,0,0,1,0,3799,Carport,Electric,Central AC,Asphalt Shingle,Basement,Hardwood,Vinyl Siding,Municipal,Municipal,Winter,179000.0,170941,-8059.0,-4.71
PROP_0184,New Haven,Single Family,3,1.0,1353.0,6098.400000000001,53,1,Fair,2,0,0,0,0,1,0,25,20,1,1,0,0,0,7,34,28,8,1,2205,924,60,1,0,0,0,0,8345,Driveway,Gas,None,Asphalt Shingle,Slab,Laminate,Vinyl Siding,Municipal,Municipal,Summer,150000.0,162506,12506.0,7.7
PROP_0185,Bridgeport,Single Family,4,2.0,1721.0,9583.2,52,1,Fair,3,0,0,0,1,1,1,25,20,0,1,0,0,0,8,54,48,10,0,4971,2436,90,1,0,0,1,0,16515,Driveway,Gas,Central AC,Asphalt Shingle,Basement,Tile,Vinyl Siding,Municipal,Municipal,Fall,379900.0,365245,-14655.0,-4.01
PROP_0186,Meriden,Condo,1,1.0,968.0,8712.0,62,1,Distressed,0,0,0,0,1,1,1,25,20,1,0,1,423,0,6,72,60,6,1,2044,654,20,0,0,0,0,0,8980,Garage,Heat Pump,Central AC,Asphalt Shingle,Crawl Space,Hardwood,Stucco,Municipal,Municipal,Spring,100000.0,81830,-18170.0,-22.2
PROP_0187,New Fairfield,Single Family,2,3.0,1488.0,8712.0,61,1,Poor,1,0,0,0,1,0,1,25,20,1,0,0,0,0,5,89,69,4,1,8905,2562,90,3,0,0,0,0,24404,Driveway,Electric,Central AC,Asphalt Shingle,Crawl Space,Hardwood,Wood,Municipal,Municipal,Spring,399999.0,370105,-29894.0,-8.08
PROP_0188,Bristol,Single Family,6,2.0,2400.0,3920.3999999999996,59,1,Fair,3,0,1,1,0,1,1,25,20,0,0,0,0,0,7,45,35,10,0,6218,1634,60,0,0,0,1,0,16305,Garage,Oil,Window Units,Asphalt Shingle,Crawl Space,Tile,Brick,Municipal,Municipal,Fall,277000.0,286857,9857.0,3.44
PROP_0189,Hamden,Single Family,4,4.0,2696.0,42253.2,47,1,Fair,3,1,0,0,0,1,0,25,20,1,0,0,0,0,8,94,75,1,0,16101,5272,90,1,0,0,1,1,36406,Carport,Electric,Central AC,Asphalt Shingle,Slab,Tile,Wood,Municipal,Septic,Winter,799540.0,886838,87298.0,9.84
PROP_0190,Norwalk,Condo,2,2.0,952.0,8712.0,59,1,Fair,1,0,1,0,0,1,1,25,20,0,0,1,166,0,7,100,93,7,1,6058,1711,60,0,0,0,0,0,9152,Garage,Heat Pump,Window Units,Flat,Slab,Carpet,Vinyl Siding,Municipal,Septic,Summer,295000.0,322150,27150.0,8.43
PROP_0191,Norwich,Single Family,5,3.0,1917.0,13068.0,55,2,Fair,3,0,1,0,1,1,1,25,20,0,0,0,0,0,7,38,33,8,1,3947,925,60,0,0,0,1,0,5214,Driveway,Electric,Central AC,Asphalt Shingle,Basement,Tile,Vinyl Siding,Municipal,Septic,Summer,159900.0,168900,9000.0,5.33
PROP_0192,Griswold,Single Family,5,4.0,2976.0,270072.0,59,2,Fair,3,1,1,0,1,0,1,25,20,0,0,0,0,0,7,43,39,2,0,11869,3056,20,0,0,0,1,2,23009,Garage,Electric,Central AC,Metal,Basement,Laminate,Vinyl Siding,Municipal,Municipal,Winter,525000.0,522269,-2731.0,-0.52
PROP_0193,Hamden,Single Family,4,3.0,3646.0,174675.59999999998,58,2,Fair,3,0,0,1,0,1,1,19,20,0,0,0,0,0,8,33,30,2,0,12129,4266,10,0,0,0,0,3,39845,Street,Oil,Central AC,Asphalt Shingle,Slab,Carpet,Vinyl Siding,Municipal,Municipal,Winter,676400.0,748590,72190.0,9.64
PROP_0194,Milford,Single Family,2,2.0,1050.0,8712.0,59,1,Poor,1,0,0,1,1,1,1,25,20,1,0,0,0,0,8,39,34,1,0,4077,1839,90,1,0,0,0,0,13435,Street,Electric,Central AC,Asphalt Shingle,Crawl Space,Tile,Brick,Municipal,Municipal,Winter,315000.0,320264,5264.0,1.64
PROP_0195,New Haven,Single Family,3,1.0,1673.0,4356.0,48,2,Fair,2,0,0,1,1,1,1,15,20,1,1,0,0,0,7,73,55,6,1,3028,930,180,0,0,0,1,0,7055,Garage,Heat Pump,Central AC,Asphalt Shingle,Basement,Laminate,Vinyl Siding,Municipal,Municipal,Spring,168900.0,206903,38003.0,18.37
PROP_0196,Monroe,Single Family,2,2.0,2066.0,8712.0,52,1,Fair,1,0,1,0,1,1,0,20,20,0,0,0,0,0,5,38,27,11,0,12814,2892,60,3,0,0,0,0,22106,Garage,Electric,Central AC,Metal,Crawl Space,Carpet,Vinyl Siding,Municipal,Municipal,Fall,529900.0,519198,-10702.0,-2.06
PROP_0197,Naugatuck,Single Family,3,2.0,1338.0,3920.3999999999996,51,1,Poor,2,0,0,0,0,1,1,25,20,1,1,0,0,0,7,51,41,5,1,4483,1734,20,0,0,0,0,0,18089,Garage,Gas,None,Asphalt Shingle,Basement,Hardwood,Vinyl Siding,Municipal,Septic,Spring,269900.0,290530,20630.0,7.1
PROP_0198,Norwalk,Single Family,3,2.0,1650.0,8712.0,56,1,Poor,2,0,0,0,0,1,1,17,20,0,1,0,0,0,8,64,52,1,0,9201,2879,60,0,0,0,0,0,22584,Garage,Heat Pump,Central AC,Asphalt Shingle,Slab,Tile,Brick,Well,Municipal,Winter,459900.0,497914,38014.0,7.63
PROP_0199,Enfield,Townhouse,3,3.0,1234.0,16988.4,63,1,Distressed,2,0,0,0,0,1,1,25,20,1,0,1,411,0,8,71,66,6,1,5217,2121,30,0,0,0,1,0,26123,Driveway,Heat Pump,Central AC,Asphalt Shingle,Crawl Space,Carpet,Brick,Municipal,Municipal,Spring,339900.0,303814,-36086.0,-11.88
PROP_0200,South Windsor,Townhouse,3,1.0,912.0,26571.6,55,1,Poor,2,0,0,0,0,1,1,25,20,1,1,1,204,0,7,74,55,12,0,2970,1582,60,3,0,0,1,0,11551,Driveway,Electric,Central AC,Asphalt Shingle,Basement,Hardwood,Vinyl Siding,Municipal,Municipal,Fall,244900.0,246914,2014.0,0.82
PROP_0201,East Lyme,Single Family,2,2.0,1820.0,8712.0,44,2,Poor,1,0,0,1,1,1,1,20,18,1,0,0,0,0,7,32,26,7,1,8634,3487,20,2,0,0,1,0,31632,Driveway,Oil,Central AC,Metal,Crawl Space,Tile,Brick,Municipal,Municipal,Summer,541000.0,544819,3819.0,0.7
PROP_0202,Guilford,Single Family,3,3.0,2044.0,81457.20000000001,52,1,Poor,2,0,0,1,1,0,0,25,20,1,1,0,0,0,7,33,28,5,1,11783,3200,30,1,0,0,0,2,23251,Driveway,Heat Pump,Central AC,Asphalt Shingle,Slab,Hardwood,Brick,Municipal,Municipal,Spring,559900.0,541074,-18826.0,-3.48
PROP_0203,Orange,Townhouse,2,3.0,1150.0,8712.0,64,1,Distressed,1,0,0,0,0,1,1,25,20,0,0,0,0,0,5,68,53,10,0,2536,1190,60,0,0,0,1,0,17543,Driveway,Electric,Central AC,Asphalt Shingle,Basement,Tile,Vinyl Siding,Municipal,Septic,Fall,186000.0,165041,-20959.0,-12.7
PROP_0204,West Hartford,Single Family,4,2.0,2020.0,9147.6,51,2,Fair,3,0,1,1,0,1,1,21,20,0,1,0,0,0,7,75,61,10,0,4925,2011,90,0,0,0,1,0,12039,Garage,Oil,Central AC,Asphalt Shingle,Crawl Space,Hardwood,Vinyl Siding,Municipal,Municipal,Fall,314900.0,340469,25569.0,7.51
PROP_0205,Hamden,Single Family,3,2.0,2158.0,24829.199999999997,58,2,Fair,2,0,1,1,1,1,1,25,20,0,0,0,0,0,7,75,56,4,1,4679,1961,10,0,0,0,1,0,11164,Street,Gas,Central AC,Asphalt Shingle,Crawl Space,Tile,Vinyl Siding,Municipal,Municipal,Spring,299900.0,327287,27387.0,8.37
PROP_0206,Norwich,Townhouse,1,2.0,1040.0,8712.0,57,1,Fair,0,0,0,0,0,0,0,20,20,0,1,1,483,0,9,82,65,8,1,2851,1149,90,1,1,0,1,0,4831,Street,Electric,Window Units,Flat,Basement,Carpet,Wood,Municipal,Municipal,Summer,194900.0,294130,99230.0,33.74
PROP_0207,New Haven,Single Family,8,3.0,3556.0,5662.8,63,2,Poor,3,0,1,0,1,1,1,25,20,1,0,0,0,0,7,74,68,11,0,3881,1599,20,0,1,0,0,0,13954,Driveway,Oil,Central AC,Tile,Crawl Space,Tile,Wood,Municipal,Municipal,Fall,250000.0,292677,42677.0,14.58
PROP_0208,Newington,Single Family,3,3.0,1212.0,6969.6,50,1,Fair,2,0,1,0,1,1,0,25,20,0,0,0,0,0,6,100,81,11,0,2024,876,120,1,0,0,1,0,4147,Garage,Gas,Central AC,Tile,Crawl Space,Laminate,Brick,Municipal,Septic,Fall,139000.0,159320,20320.0,12.75
PROP_0209,Hamden,Single Family,3,1.0,1232.0,6098.400000000001,58,1,Fair,2,0,0,1,0,1,0,25,20,0,0,0,0,0,7,38,36,6,1,6638,1658,30,1,0,0,0,0,9258,Driveway,Gas,Central AC,Asphalt Shingle,Basement,Hardwood,Brick,Municipal,Municipal,Spring,275000.0,269486,-5514.0,-2.05
PROP_0210,Southbury,Single Family,2,2.0,1365.0,8712.0,65,1,Poor,1,0,0,1,1,1,1,25,20,0,0,0,0,0,7,51,39,10,0,2458,1153,20,0,0,0,1,0,23147,Garage,Gas,Central AC,Asphalt Shingle,Crawl Space,Carpet,Brick,Municipal,Septic,Fall,199000.0,203467,4467.0,2.2
PROP_0211,Stafford,Single Family,3,1.0,1092.0,8712.0,60,1,Poor,2,0,0,0,1,0,0,25,20,1,1,0,0,0,7,77,76,7,1,3269,1557,20,0,0,0,1,0,12768,Driveway,Electric,Central AC,Metal,Crawl Space,Laminate,Vinyl Siding,Municipal,Municipal,Summer,249900.0,266390,16490.0,6.19
PROP_0212,Norwalk,Single Family,2,2.0,1297.0,3920.3999999999996,49,1,Fair,1,0,1,1,1,1,1,25,20,0,0,0,0,0,5,75,61,9,0,6937,2297,20,0,0,1,1,0,13902,Garage,Gas,Central AC,Tile,Slab,Hardwood,Wood,Municipal,Municipal,Summer,385000.0,497988,112988.0,22.69
PROP_0213,Newtown,Single Family,5,5.0,4000.0,108900.0,63,3,Distressed,3,0,1,0,0,1,1,25,20,0,1,0,0,0,9,68,61,6,1,13204,5393,20,2,0,0,0,1,214697,Garage,Gas,Central AC,Asphalt Shingle,Slab,Carpet,Vinyl Siding,Well,Municipal,Spring,979900.0,910325,-69575.0,-7.64
PROP_0214,Greenwich,Single Family,2,2.0,1184.0,2613.6,43,1,Fair,1,0,1,1,1,1,1,25,20,0,0,0,0,0,9,70,60,1,0,12165,4638,30,0,0,0,1,0,22712,Garage,Gas,Central AC,Asphalt Shingle,Slab,Laminate,Brick,Municipal,Municipal,Winter,799999.0,899390,99391.0,11.05
PROP_0215,North Haven,Single Family,4,3.0,2272.0,8712.0,51,2,Fair,3,0,1,0,0,1,0,25,20,0,1,0,0,0,6,76,60,8,1,6786,3117,20,0,0,0,1,0,16351,Street,Gas,Central AC,Asphalt Shingle,Crawl Space,Hardwood,Brick,Municipal,Septic,Summer,489900.0,489840,-60.0,-0.01
PROP_0216,East Windsor,Single Family,2,2.0,1700.0,8712.0,48,2,Poor,1,0,0,1,1,1,0,15,20,1,0,0,0,0,7,56,52,9,0,6666,2156,30,1,0,1,1,0,36627,Street,Electric,Window Units,Metal,Crawl Space,Hardwood,Brick,Municipal,Municipal,Summer,349900.0,448703,98803.0,22.02
PROP_0217,New Britain,Single Family,6,3.0,4577.0,10890.0,60,3,Poor,3,0,1,0,1,1,1,25,20,1,1,0,0,0,9,72,61,11,0,6397,2056,90,2,0,0,1,0,15940,Street,Electric,Central AC,Tile,Slab,Tile,Vinyl Siding,Municipal,Municipal,Fall,329900.0,327684,-2216.0,-0.68
PROP_0218,Ridgefield,Single Family,6,3.0,3534.0,46173.600000000006,56,3,Poor,3,0,0,1,1,1,1,25,20,0,0,0,0,0,8,26,25,8,1,16237,6351,90,0,0,0,1,0,114835,Garage,Electric,Central AC,Asphalt Shingle,Slab,Tile,Brick,Municipal,Municipal,Summer,995000.0,963965,-31035.0,-3.22
PROP_0219,Enfield,Single Family,3,3.0,2142.0,33105.6,61,2,Poor,2,0,0,0,1,1,1,25,20,1,1,0,0,0,7,56,44,10,0,8794,3156,20,0,0,0,1,1,21664,Garage,Oil,Central AC,Asphalt Shingle,Basement,Carpet,Vinyl Siding,Municipal,Municipal,Fall,499900.0,470888,-29012.0,-6.16
PROP_0220,Naugatuck,Single Family,3,2.0,1526.0,21780.0,47,2,Poor,2,0,0,1,1,1,1,25,19,0,1,0,0,0,7,35,29,12,0,4501,1779,20,2,0,0,0,2,17769,Garage,Gas,Central AC,Tile,Crawl Space,Carpet,Vinyl Siding,Municipal,Municipal,Fall,285000.0,284070,-930.0,-0.33
PROP_0221,Canton,Single Family,3,2.0,2046.0,34848.0,63,2,Distressed,2,0,1,0,1,0,0,25,20,1,1,0,0,0,5,66,50,1,0,8021,2088,120,2,0,0,1,0,75232,Driveway,Gas,Window Units,Asphalt Shingle,Crawl Space,Carpet,Stucco,Municipal,Septic,Winter,359000.0,307078,-51922.0,-16.91
PROP_0222,Middletown,Townhouse,4,3.0,2150.0,13068.0,62,1,Distressed,3,0,1,0,1,0,1,25,20,1,0,1,141,0,8,89,71,12,0,6522,2830,20,2,0,0,0,0,50680,Carport,Gas,Central AC,Asphalt Shingle,Crawl Space,Laminate,Brick,Municipal,Municipal,Fall,429900.0,419896,-10004.0,-2.38
PROP_0223,Hebron,Single Family,3,3.0,1772.0,8712.0,54,2,Poor,2,0,0,1,0,1,1,25,20,1,1,0,0,0,7,100,71,6,1,5805,1749,120,1,0,0,0,0,35684,Garage,Electric,None,Tile,Crawl Space,Carpet,Vinyl Siding,Municipal,Municipal,Spring,300900.0,290057,-10843.0,-3.74
PROP_0224,Milford,Single Family,2,3.0,2079.0,8712.0,61,2,Poor,1,0,1,1,0,0,1,25,20,0,1,0,0,0,5,32,24,11,0,8462,2111,10,1,0,0,0,2,37782,Garage,Heat Pump,Central AC,Flat,Slab,Carpet,Vinyl Siding,Municipal,Municipal,Fall,349900.0,372858,22958.0,6.16
PROP_0225,Deep River,Single Family,3,2.0,2130.0,142005.59999999998,60,2,Poor,2,0,0,0,1,0,0,25,20,1,0,0,0,0,5,78,69,3,0,5858,1476,30,1,0,0,0,1,28435,Driveway,Gas,Central AC,Asphalt Shingle,Basement,Hardwood,Vinyl Siding,Municipal,Municipal,Winter,239900.0,228003,-11897.0,-5.22
PROP_0226,West Hartford,Single Family,3,2.0,1556.0,13503.6,50,1,Fair,2,0,0,1,1,1,0,25,20,0,0,0,0,0,7,35,27,12,0,7232,2134,10,1,0,0,1,1,15233,Driveway,Electric,Central AC,Metal,Crawl Space,Laminate,Wood,Well,Municipal,Fall,389900.0,378548,-11352.0,-3.0
PROP_0227,Marlborough,Single Family,3,2.0,1152.0,41817.6,54,1,Fair,2,0,0,1,1,1,1,25,20,0,1,0,0,0,7,66,52,4,1,3798,1790,30,1,0,0,1,1,6479,Driveway,Electric,Central AC,Metal,Crawl Space,Hardwood,Brick,Municipal,Municipal,Spring,310000.0,310320,320.0,0.1
PROP_0228,Stamford,Single Family,4,4.0,3987.0,43560.0,60,2,Distressed,3,0,0,0,0,1,0,25,20,0,1,0,0,0,6,92,69,10,0,18876,6285,60,1,0,0,1,0,198702,Street,Gas,Central AC,Asphalt Shingle,Slab,Hardwood,Brick,Municipal,Municipal,Fall,975000.0,945752,-29248.0,-3.09
PROP_0229,Waterbury,Condo,2,2.0,960.0,8276.4,48,1,Fair,1,0,0,0,0,1,1,23,20,1,1,1,100,0,7,87,72,9,0,3562,1219,20,0,0,0,1,0,9633,Street,Gas,Central AC,Tile,Crawl Space,Hardwood,Vinyl Siding,Municipal,Municipal,Summer,217500.0,233853,16353.0,6.99
PROP_0230,Norwalk,Single Family,8,8.0,3540.0,7840.799999999999,56,2,Fair,3,1,0,1,0,1,1,19,20,1,1,0,0,0,5,30,21,2,0,15184,5599,60,1,0,0,0,0,46279,Garage,Gas,Window Units,Metal,Basement,Carpet,Brick,Municipal,Septic,Winter,859000.0,893982,34982.0,3.91
PROP_0231,East Hartford,Single Family,4,2.0,1200.0,6098.400000000001,59,1,Fair,3,0,1,1,1,0,1,25,20,0,1,0,0,0,7,56,54,10,0,4231,1224,30,2,0,0,1,0,10283,Street,Gas,Central AC,Asphalt Shingle,Slab,Hardwood,Stucco,Well,Municipal,Fall,195000.0,213099,18099.0,8.49
PROP_0232,East Hampton,Single Family,3,3.0,2262.0,8712.0,59,2,Poor,2,0,0,0,1,1,1,23,20,1,0,0,0,0,5,58,44,7,1,5588,2431,90,2,0,0,1,0,36637,Driveway,Oil,Window Units,Metal,Slab,Hardwood,Vinyl Siding,Municipal,Septic,Summer,389000.0,397066,8066.0,2.03
PROP_0233,East Hampton,Single Family,4,3.0,1767.0,54450.0,56,1,Poor,3,0,1,1,1,0,0,25,20,1,0,0,0,0,7,50,41,6,1,3001,1476,10,0,0,0,0,1,9645,Street,Electric,Central AC,Asphalt Shingle,Basement,Tile,Vinyl Siding,Well,Municipal,Spring,239900.0,236085,-3815.0,-1.62
PROP_0234,Weston,Single Family,4,5.0,4750.0,87555.59999999999,45,3,Fair,3,0,0,0,1,1,1,23,20,0,0,0,0,0,8,72,65,11,0,33180,13441,10,0,0,0,1,0,82751,Street,Gas,Central AC,Asphalt Shingle,Slab,Tile,Wood,Municipal,Municipal,Fall,2100000.0,2183110,83110.0,3.81
PROP_0235,Meriden,Single Family,6,4.0,2995.0,7840.799999999999,64,2,Poor,3,0,0,1,1,1,0,25,20,0,0,0,0,0,7,43,36,5,1,3082,1576,10,0,0,0,0,0,14860,Garage,Gas,Central AC,Metal,Crawl Space,Hardwood,Brick,Well,Municipal,Spring,240000.0,241814,1814.0,0.75
PROP_0236,Thomaston,Single Family,2,2.0,1858.0,17424.0,67,1,Poor,1,0,1,1,0,1,1,24,20,0,0,0,0,0,7,38,33,2,0,2506,1026,60,2,0,0,1,0,12018,Garage,Oil,Central AC,Metal,Slab,Laminate,Vinyl Siding,Well,Municipal,Winter,175000.0,160764,-14236.0,-8.86
PROP_0237,Bloomfield,Single Family,3,4.0,2444.0,8712.0,61,2,Distressed,2,0,0,1,1,1,0,23,20,0,1,0,0,0,7,29,21,7,1,6730,2228,60,1,0,0,1,1,86836,Carport,Gas,Central AC,Asphalt Shingle,Slab,Carpet,Vinyl Siding,Municipal,Septic,Summer,395000.0,320604,-74396.0,-23.2
PROP_0238,Simsbury,Single Family,4,3.0,2000.0,24829.199999999997,57,2,Fair,3,0,0,1,0,0,0,25,20,0,0,0,0,0,8,61,53,7,1,6685,2504,60,2,0,0,1,0,10629,Driveway,Gas,Central AC,Asphalt Shingle,Basement,Tile,Stucco,Municipal,Municipal,Summer,399900.0,394369,-5531.0,-1.4
PROP_0239,Bridgeport,Condo,2,1.0,926.0,4791.6,47,1,Fair,1,0,1,0,1,1,1,25,20,0,0,1,382,0,5,56,48,10,0,4319,1658,20,0,0,1,0,1,16716,Driveway,Electric,None,Asphalt Shingle,Basement,Carpet,Vinyl Siding,Municipal,Municipal,Fall,299900.0,385276,85376.0,22.16
PROP_0240,Simsbury,Single Family,3,1.0,1077.0,17859.6,62,1,Distressed,2,0,0,0,1,0,0,25,20,0,0,0,0,0,9,99,96,4,1,3798,1162,90,3,0,0,1,0,28174,Carport,Electric,Window Units,Asphalt Shingle,Crawl Space,Carpet,Brick,Municipal,Septic,Spring,180000.0,170769,-9231.0,-5.41
PROP_0241,Groton,Single Family,4,3.0,3093.0,39639.6,53,2,Poor,3,1,1,0,0,1,1,25,20,0,0,0,0,0,6,16,12,10,0,17855,5243,120,0,0,0,1,0,90034,Garage,Gas,Central AC,Tile,Basement,Laminate,Vinyl Siding,Municipal,Municipal,Fall,800000.0,844238,44238.0,5.24
PROP_0242,Griswold,Single Family,3,1.0,1422.0,200375.99999999997,47,1,Fair,2,0,0,0,0,1,1,20,20,0,0,0,0,0,6,63,48,6,1,4393,1355,60,1,0,0,1,2,10518,Driveway,Electric,None,Asphalt Shingle,Crawl Space,Laminate,Wood,Municipal,Municipal,Spring,239900.0,264054,24154.0,9.15
PROP_0243,Waterbury,Single Family,3,2.0,1200.0,7840.799999999999,50,1,Fair,2,0,0,1,1,1,0,25,20,0,0,0,0,0,7,52,45,12,0,4914,1349,20,0,0,0,1,1,6506,Driveway,Gas,Central AC,Asphalt Shingle,Crawl Space,Hardwood,Vinyl Siding,Municipal,Municipal,Fall,225000.0,243472,18472.0,7.59
PROP_0244,Bolton,Single Family,4,4.0,2929.0,40075.200000000004,56,1,Fair,3,1,0,1,1,1,0,21,20,0,1,0,0,0,7,58,43,10,0,6023,2423,60,0,0,0,1,0,8314,Driveway,Electric,Central AC,Tile,Slab,Hardwood,Vinyl Siding,Municipal,Municipal,Fall,375000.0,386144,11144.0,2.89
PROP_0245,New Britain,Single Family,5,4.0,2728.0,16988.4,56,2,Poor,3,1,1,0,1,0,1,19,20,0,0,0,0,0,8,92,72,8,1,6841,1688,20,0,0,0,1,0,28387,Driveway,Gas,Window Units,Flat,Basement,Hardwood,Vinyl Siding,Municipal,Municipal,Summer,279000.0,301827,22827.0,7.56
PROP_0246,Plainville,Single Family,4,2.0,1624.0,17859.6,53,2,Poor,3,0,1,1,0,1,0,25,20,1,0,0,0,0,7,65,60,6,1,2268,891,10,0,0,0,1,0,8384,Carport,Oil,Central AC,Metal,Basement,Tile,Stucco,Municipal,Municipal,Spring,155000.0,152019,-2981.0,-1.96
PROP_0247,Westport,Single Family,3,4.0,3150.0,4791.6,46,2,Poor,2,0,0,0,1,1,0,25,20,1,0,0,0,0,8,75,59,11,0,54009,14113,30,2,0,0,1,0,271491,Garage,Electric,Window Units,Asphalt Shingle,Crawl Space,Tile,Brick,Municipal,Municipal,Fall,2588000.0,2781046,193046.0,6.94
PROP_0248,East Haven,Single Family,3,1.0,1452.0,4791.6,59,1,Fair,2,0,1,1,1,1,1,23,20,1,1,0,0,0,8,67,66,12,0,2578,1047,60,1,0,0,0,0,5453,Driveway,Gas,Central AC,Asphalt Shingle,Slab,Laminate,Vinyl Siding,Municipal,Municipal,Fall,165000.0,166025,1025.0,0.62
PROP_0249,Norwich,Townhouse,3,2.0,1404.0,8712.0,59,1,Fair,2,0,1,0,1,1,0,25,20,1,0,0,0,0,5,19,15,1,0,5422,1267,20,2,0,0,0,1,8711,Carport,Gas,Central AC,Asphalt Shingle,Crawl Space,Carpet,Vinyl Siding,Municipal,Municipal,Winter,228500.0,241374,12874.0,5.33
PROP_0250,New Hartford,Townhouse,2,2.0,2087.0,43560.0,52,2,Fair,1,0,0,0,0,1,1,25,20,0,0,0,0,0,7,36,33,7,1,3590,1614,120,0,0,0,0,2,15829,Driveway,Oil,Central AC,Flat,Slab,Carpet,Vinyl Siding,Municipal,Municipal,Summer,285000.0,309720,24720.0,7.98
PROP_0251,New Canaan,Single Family,4,4.0,3413.0,43995.6,59,2,Poor,3,0,0,0,0,1,0,23,20,1,0,0,0,0,7,23,20,1,0,24756,7561,10,0,0,0,1,0,142425,Garage,Oil,Central AC,Asphalt Shingle,Crawl Space,Hardwood,Vinyl Siding,Municipal,Septic,Winter,1349000.0,1284935,-64065.0,-4.99
PROP_0252,Watertown,Single Family,3,3.0,1826.0,53578.799999999996,47,1,Poor,2,0,0,0,0,1,1,25,20,1,1,0,0,0,8,66,60,9,0,8324,2329,20,0,0,0,1,0,26780,Street,Electric,None,Asphalt Shingle,Slab,Laminate,Vinyl Siding,Municipal,Septic,Summer,369000.0,355032,-13968.0,-3.93
PROP_0253,Monroe,Single Family,2,2.0,2066.0,8712.0,47,2,Fair,1,0,1,1,0,1,0,14,20,0,0,0,0,0,5,50,42,6,1,9769,3304,120,0,0,0,1,0,21335,Driveway,Oil,Central AC,Flat,Slab,Hardwood,Wood,Municipal,Septic,Spring,549900.0,600806,50906.0,8.47
PROP_0254,East Lyme,Single Family,2,2.0,1610.0,8712.0,45,2,Fair,1,0,0,1,0,1,1,25,20,0,0,0,0,0,6,68,56,3,0,7647,3502,30,0,0,0,0,0,27168,Garage,Gas,Central AC,Asphalt Shingle,Slab,Laminate,Brick,Municipal,Septic,Winter,569000.0,646764,77764.0,12.02
PROP_0255,New Canaan,Single Family,3,2.0,1125.0,260488.80000000002,31,1,Fair,2,0,0,0,1,1,1,16,20,0,1,0,0,0,5,79,58,11,0,25745,5881,10,2,0,0,0,0,57302,Street,Gas,Central AC,Asphalt Shingle,Slab,Hardwood,Brick,Municipal,Municipal,Fall,1050000.0,1099549,49549.0,4.51
PROP_0256,Waterbury,Single Family,3,2.0,1272.0,6534.0,63,1,Distressed,2,0,1,1,1,1,0,25,20,1,1,0,0,0,7,66,64,3,0,2698,1133,10,0,0,0,1,0,21600,Driveway,Electric,Central AC,Asphalt Shingle,Crawl Space,Hardwood,Vinyl Siding,Municipal,Municipal,Winter,180000.0,168888,-11112.0,-6.58
PROP_0257,Westport,Single Family,5,4.0,2578.0,26136.0,44,2,Fair,3,0,1,0,1,1,1,20,20,1,1,0,0,0,7,74,72,2,0,23616,7612,20,0,0,0,1,0,43820,Street,Electric,Window Units,Metal,Crawl Space,Carpet,Brick,Municipal,Municipal,Winter,1400000.0,1551048,151048.0,9.74
PROP_0258,Stamford,Single Family,2,1.0,1050.0,8712.0,55,1,Fair,1,0,1,1,1,1,0,25,20,1,1,0,0,0,7,59,44,1,0,3590,1441,20,2,0,0,1,0,8764,Driveway,Electric,Central AC,Asphalt Shingle,Crawl Space,Carpet,Brick,Municipal,Septic,Winter,255000.0,247221,-7779.0,-3.15
PROP_0259,New Britain,Single Family,4,4.0,2260.0,12632.4,62,1,Poor,3,0,1,1,1,1,1,21,20,1,1,0,0,0,9,86,73,2,0,4599,1990,60,2,0,0,0,0,32052,Carport,Gas,Central AC,Asphalt Shingle,Basement,Hardwood,Vinyl Siding,Municipal,Municipal,Winter,335000.0,315311,-19689.0,-6.24
PROP_0260,South Windsor,Single Family,4,3.0,3123.0,40075.200000000004,53,3,Fair,3,0,1,0,1,1,1,25,20,1,0,0,0,0,6,32,27,5,1,15982,3643,10,0,0,0,1,2,33684,Garage,Gas,None,Asphalt Shingle,Basement,Laminate,Brick,Municipal,Municipal,Spring,669000.0,703949,34949.0,4.96
PROP_0261,Simsbury,Single Family,4,4.0,3723.0,87120.0,61,3,Distressed,3,0,1,0,1,0,1,25,20,1,0,0,0,0,7,77,73,9,0,14023,5264,30,0,0,0,0,1,137210,Street,Gas,None,Flat,Slab,Tile,Wood,Municipal,Septic,Summer,799000.0,661818,-137182.0,-20.73
PROP_0262,Sherman,Single Family,4,3.0,2462.0,155073.6,55,2,Poor,3,0,0,0,1,1,0,21,20,0,0,0,0,0,8,85,70,2,0,18140,8602,10,0,0,0,1,0,115352,Driveway,Electric,None,Asphalt Shingle,Slab,Hardwood,Wood,Municipal,Septic,Winter,1375000.0,1448428,73428.0,5.07
PROP_0263,Cromwell,Single Family,3,2.0,1632.0,14810.400000000001,51,2,Fair,2,0,0,1,0,0,0,25,20,0,0,0,0,0,7,39,35,10,0,5172,1641,90,0,0,0,1,0,8889,Garage,Electric,Central AC,Asphalt Shingle,Slab,Laminate,Wood,Municipal,Septic,Fall,260000.0,263369,3369.0,1.28
PROP_0264,Rocky Hill,Condo,2,1.0,840.0,10454.4,45,1,Fair,1,0,1,0,1,1,1,19,20,0,1,1,238,0,6,85,65,4,1,2830,1291,20,1,0,0,1,0,9240,Driveway,Gas,None,Tile,Slab,Tile,Vinyl Siding,Municipal,Municipal,Spring,199900.0,206227,6327.0,3.07
PROP_0265,Stonington,Single Family,6,3.0,2959.0,28749.600000000002,51,1,Fair,3,0,0,1,0,1,0,25,20,0,1,0,0,0,7,83,79,2,0,21354,9425,10,0,0,0,1,0,62806,Driveway,Heat Pump,Window Units,Asphalt Shingle,Crawl Space,Carpet,Stucco,Well,Municipal,Winter,1695000.0,1804527,109527.0,6.07
PROP_0266,Waterford,Single Family,4,3.0,2681.0,52707.6,50,2,Fair,3,0,1,0,1,0,0,21,20,0,0,0,0,0,5,66,48,12,0,7922,3306,20,0,0,0,0,0,11907,Driveway,Oil,Window Units,Asphalt Shingle,Crawl Space,Hardwood,Wood,Municipal,Septic,Fall,520000.0,577020,57020.0,9.88
PROP_0267,Cromwell,Townhouse,3,2.0,1581.0,21780.0,48,1,Fair,2,0,1,0,1,1,0,16,20,0,0,1,399,0,9,28,24,8,1,4726,1657,30,2,0,0,0,1,8986,Garage,Heat Pump,Central AC,Asphalt Shingle,Crawl Space,Laminate,Vinyl Siding,Well,Municipal,Summer,299900.0,290753,-9147.0,-3.15
PROP_0268,Madison,Single Family,4,4.0,4004.0,24393.600000000002,61,2,Poor,3,0,1,0,1,1,0,25,20,0,0,0,0,0,6,52,46,10,0,14567,6440,20,0,1,0,0,0,62962,Driveway,Gas,Central AC,Tile,Slab,Carpet,Vinyl Siding,Municipal,Municipal,Fall,989000.0,1103775,114775.0,10.4
PROP_0269,East Lyme,Townhouse,2,1.0,1100.0,10018.800000000001,55,1,Poor,1,0,1,0,0,1,0,23,20,0,1,0,0,0,6,50,39,4,1,5998,2178,10,0,0,0,0,1,28247,Garage,Gas,Central AC,Metal,Crawl Space,Hardwood,Vinyl Siding,Municipal,Septic,Spring,339900.0,355295,15395.0,4.33
PROP_0270,Coventry,Single Family,4,3.0,2313.0,74923.2,64,2,Distressed,3,0,0,1,1,1,1,25,20,0,0,0,0,0,8,64,50,7,1,9603,3396,10,2,1,0,0,0,116421,Driveway,Gas,Window Units,Asphalt Shingle,Slab,Laminate,Vinyl Siding,Well,Municipal,Summer,519900.0,542721,22821.0,4.2
PROP_0271,Middlebury,Townhouse,4,3.0,2400.0,15245.999999999998,53,1,Fair,3,0,1,0,1,1,0,25,20,1,0,1,212,0,9,53,46,3,0,8526,3471,60,1,0,0,1,0,24446,Driveway,Oil,Central AC,Asphalt Shingle,Basement,Laminate,Brick,Municipal,Municipal,Winter,549900.0,576166,26266.0,4.56
PROP_0272,Bethel,Townhouse,3,3.0,2100.0,8712.0,53,2,Fair,2,0,1,0,0,0,1,25,20,0,0,1,467,0,7,34,27,10,0,11028,3614,20,0,0,0,0,0,27064,Garage,Electric,Central AC,Tile,Slab,Hardwood,Vinyl Siding,Municipal,Municipal,Fall,556995.0,551827,-5168.0,-0.94
PROP_0273,Plainville,Single Family,3,2.0,1056.0,12632.4,46,1,Poor,2,0,1,1,0,1,1,25,20,1,0,0,0,0,7,78,58,2,0,4979,1660,10,1,0,0,1,0,28663,Driveway,Electric,Central AC,Asphalt Shingle,Crawl Space,Hardwood,Stucco,Municipal,Municipal,Winter,269900.0,269911,11.0,0.0
PROP_0274,Norwalk,Single Family,4,2.0,1152.0,6969.6,46,1,Fair,3,0,1,1,1,1,0,25,20,0,1,0,0,0,6,66,48,6,1,9853,3001,30,1,0,0,1,0,28900,Carport,Gas,Central AC,Asphalt Shingle,Crawl Space,Carpet,Vinyl Siding,Municipal,Municipal,Spring,524900.0,580259,55359.0,9.54
PROP_0275,Danbury,Townhouse,3,2.0,1170.0,7840.799999999999,46,1,Poor,2,0,1,0,1,1,0,19,20,1,0,0,0,0,7,22,16,7,1,5337,1923,90,0,0,0,1,0,38216,Driveway,Oil,Window Units,Asphalt Shingle,Slab,Laminate,Vinyl Siding,Municipal,Septic,Summer,349000.0,378416,29416.0,7.77
PROP_0276,Stratford,Single Family,3,2.0,1596.0,22215.600000000002,44,2,Fair,2,0,0,1,1,1,1,25,20,1,0,0,0,0,7,23,20,2,0,9897,3262,20,0,0,0,0,0,12288,Street,Heat Pump,Central AC,Tile,Crawl Space,Tile,Wood,Municipal,Municipal,Winter,525000.0,506075,-18925.0,-3.74
PROP_0277,Bridgewater,Single Family,4,4.0,3400.0,108900.0,54,2,Poor,3,0,1,0,0,1,1,25,20,1,0,0,0,0,9,95,82,3,0,20251,5699,180,0,0,0,0,1,66301,Driveway,Electric,Central AC,Asphalt Shingle,Slab,Tile,Vinyl Siding,Municipal,Municipal,Winter,869000.0,1065483,196483.0,18.44
PROP_0278,Plainfield,Single Family,6,2.0,3409.0,41382.0,61,3,Poor,3,0,1,0,0,1,1,25,20,1,1,0,0,0,6,42,39,8,1,2520,1101,20,1,0,1,0,2,9565,Driveway,Gas,Central AC,Asphalt Shingle,Basement,Carpet,Vinyl Siding,Municipal,Municipal,Summer,199000.0,231341,32341.0,13.98
PROP_0279,New Haven,Single Family,6,2.0,2116.0,4356.0,60,2,Distressed,3,0,1,0,1,1,1,22,20,1,1,0,0,0,6,58,57,1,0,6429,1458,30,1,0,0,1,0,49926,Carport,Heat Pump,Central AC,Flat,Slab,Hardwood,Vinyl Siding,Municipal,Municipal,Winter,270000.0,262344,-7656.0,-2.92
PROP_0280,Hamden,Single Family,4,3.0,2373.0,14374.800000000001,57,1,Poor,3,0,0,1,1,1,1,25,20,0,1,0,0,0,5,72,57,11,0,5176,2097,30,1,0,0,0,0,35324,Driveway,Gas,Window Units,Asphalt Shingle,Crawl Space,Laminate,Brick,Municipal,Municipal,Fall,349999.0,351156,1157.0,0.33
PROP_0281,Preston,Condo,3,2.0,883.0,10890.0,59,1,Fair,2,0,1,0,0,1,0,25,20,0,0,1,207,0,8,46,40,12,0,4878,1365,10,1,0,0,1,0,10850,Garage,Electric,None,Asphalt Shingle,Slab,Hardwood,Wood,Municipal,Municipal,Fall,219500.0,246221,26721.0,10.85
PROP_0282,Watertown,Single Family,3,2.0,1040.0,11325.6,44,1,Fair,2,0,0,0,1,1,0,25,20,1,0,0,0,0,6,39,29,1,0,5234,1610,20,0,1,0,0,2,11891,Garage,Gas,Central AC,Asphalt Shingle,Slab,Laminate,Brick,Municipal,Municipal,Winter,269900.0,372858,102958.0,27.61
PROP_0283,Goshen,Single Family,4,3.0,3735.0,435600.0,53,2,Poor,3,1,1,0,0,0,0,25,20,0,1,0,0,0,6,44,35,12,0,27087,5938,30,1,0,0,1,0,49054,Carport,Gas,Window Units,Asphalt Shingle,Crawl Space,Carpet,Brick,Municipal,Septic,Fall,1095000.0,1165893,70893.0,6.08
PROP_0284,Milford,Single Family,3,2.0,1617.0,11761.2,63,2,Poor,2,0,0,1,0,0,0,25,20,0,0,0,0,0,7,50,37,1,0,5263,2172,10,2,0,0,1,0,35308,Street,Electric,Central AC,Asphalt Shingle,Crawl Space,Laminate,Vinyl Siding,Municipal,Municipal,Winter,330000.0,308886,-21114.0,-6.84
PROP_0285,Rocky Hill,Condo,2,1.0,716.0,20037.600000000002,60,1,Poor,1,0,0,0,0,1,0,25,20,0,1,1,104,0,7,44,43,10,0,5501,1893,10,2,0,0,1,1,23136,Driveway,Gas,Central AC,Tile,Slab,Hardwood,Wood,Municipal,Municipal,Fall,305000.0,284608,-20392.0,-7.16
PROP_0286,Darien,Single Family,4,4.0,3670.0,43560.0,44,2,Fair,3,0,1,1,1,1,1,16,20,0,0,0,0,0,7,47,40,11,0,24508,10719,10,0,0,0,0,0,102764,Driveway,Gas,Central AC,Asphalt Shingle,Slab,Hardwood,Brick,Municipal,Municipal,Fall,1895000.0,2036477,141477.0,6.95
PROP_0287,Portland,Single Family,3,2.0,1155.0,10454.4,58,1,Fair,2,0,0,1,1,1,0,25,20,1,0,0,0,0,7,63,46,4,1,2896,1405,90,0,0,0,1,0,8350,Street,Gas,Window Units,Tile,Basement,Tile,Brick,Municipal,Septic,Spring,215000.0,241919,26919.0,11.13
PROP_0288,Bridgeport,Single Family,2,2.0,1149.0,8712.0,62,1,Distressed,1,0,0,1,1,1,0,25,20,0,1,0,0,0,7,47,35,1,0,1944,839,10,0,0,0,0,1,11311,Street,Oil,None,Asphalt Shingle,Crawl Space,Hardwood,Vinyl Siding,Municipal,Municipal,Winter,150000.0,131090,-18910.0,-14.43
PROP_0289,Southington,Single Family,3,2.0,1448.0,38332.8,50,1,Fair,2,0,1,1,0,0,0,25,20,0,0,0,0,0,6,11,10,8,1,9078,2374,30,0,0,0,0,0,18266,Street,Electric,Central AC,Asphalt Shingle,Basement,Hardwood,Vinyl Siding,Municipal,Municipal,Summer,390000.0,436017,46017.0,10.55
PROP_0290,Naugatuck,Single Family,3,3.0,3042.0,13503.6,49,3,Poor,2,0,0,0,0,1,0,25,20,0,1,0,0,0,8,47,36,4,1,5526,2263,20,0,0,0,1,1,25782,Garage,Oil,Central AC,Asphalt Shingle,Slab,Carpet,Vinyl Siding,Municipal,Municipal,Spring,375975.0,395244,19269.0,4.88
PROP_0291,Southington,Single Family,3,3.0,1900.0,50965.2,59,2,Fair,2,0,0,0,1,0,1,24,20,0,1,0,0,0,7,26,20,9,0,12440,2911,60,3,0,0,0,1,10705,Driveway,Gas,None,Metal,Crawl Space,Laminate,Brick,Municipal,Municipal,Summer,499900.0,512156,12256.0,2.39
PROP_0292,Naugatuck,Single Family,3,1.0,1459.0,9583.2,53,1,Poor,2,0,1,0,1,1,1,25,20,0,0,0,0,0,7,68,58,3,0,5901,1612,120,0,0,0,0,0,18030,Driveway,Gas,Central AC,Asphalt Shingle,Basement,Hardwood,Vinyl Siding,Municipal,Municipal,Winter,248000.0,226755,-21245.0,-9.37
PROP_0293,Bristol,Townhouse,2,2.0,1017.0,8712.0,48,1,Poor,1,0,0,0,1,1,0,20,20,1,0,1,394,0,9,42,39,7,1,2782,953,30,0,0,0,1,0,12259,Driveway,Electric,Central AC,Tile,Crawl Space,Hardwood,Vinyl Siding,Municipal,Municipal,Summer,148000.0,147777,-223.0,-0.15
PROP_0294,Mansfield,Single Family,4,3.0,1964.0,88426.79999999999,62,2,Distressed,3,0,1,0,1,1,0,25,20,0,0,0,0,0,8,46,45,6,1,9015,2197,20,1,0,0,1,1,52810,Garage,Electric,Central AC,Asphalt Shingle,Slab,Hardwood,Vinyl Siding,Well,Municipal,Spring,369900.0,321636,-48264.0,-15.01
PROP_0295,Suffield,Single Family,4,4.0,4089.0,60112.799999999996,62,2,Poor,3,0,0,0,1,1,1,20,20,0,0,0,0,0,8,53,45,6,1,13659,5380,120,0,1,0,1,0,67116,Driveway,Oil,None,Asphalt Shingle,Crawl Space,Hardwood,Wood,Municipal,Municipal,Spring,827000.0,895853,68853.0,7.69
PROP_0296,Bristol,Single Family,2,3.0,1883.0,8712.0,65,2,Poor,1,0,0,0,0,0,1,25,20,1,1,0,0,0,8,86,83,10,0,8069,2133,10,0,0,0,1,0,27827,Driveway,Electric,Central AC,Asphalt Shingle,Crawl Space,Laminate,Vinyl Siding,Municipal,Municipal,Fall,349900.0,328694,-21206.0,-6.45
PROP_0297,Old Saybrook,Single Family,4,3.0,1718.0,43124.4,46,1,Fair,3,0,1,0,1,1,0,14,19,1,0,0,0,0,8,79,63,8,1,8515,3207,180,3,1,0,0,0,20618,Carport,Heat Pump,Central AC,Metal,Crawl Space,Hardwood,Vinyl Siding,Municipal,Municipal,Summer,549000.0,731276,182276.0,24.93
PROP_0298,New Haven,Single Family,3,3.0,1500.0,5227.2,53,2,Poor,2,0,1,1,0,1,1,25,20,0,0,0,0,0,7,61,46,10,0,4289,1463,30,0,0,0,1,0,13349,Garage,Electric,Window Units,Asphalt Shingle,Slab,Carpet,Wood,Municipal,Municipal,Fall,260000.0,262099,2099.0,0.8
PROP_0299,Middlebury,Single Family,3,3.0,2638.0,8712.0,64,1,Poor,2,0,1,0,0,1,1,22,20,1,0,0,0,0,5,73,60,7,1,13384,3017,20,0,0,0,0,2,28039,Garage,Electric,None,Tile,Crawl Space,Laminate,Vinyl Siding,Municipal,Municipal,Summer,550000.0,504738,-45262.0,-8.97
PROP_0300,Danbury,Single Family,3,3.0,1673.0,8712.0,60,2,Poor,2,0,0,1,0,0,1,24,20,0,0,0,0,0,8,100,88,9,0,15202,3994,20,0,0,0,1,0,29180,Driveway,Electric,Central AC,Metal,Slab,Tile,Wood,Municipal,Municipal,Summer,610995.0,579038,-31957.0,-5.52
PROP_0301,New Haven,Single Family,7,3.0,2998.0,5662.8,49,2,Poor,3,0,1,0,1,1,0,25,20,1,0,0,0,0,8,64,55,8,1,11532,3672,30,0,0,0,0,0,61875,Driveway,Gas,Window Units,Asphalt Shingle,Basement,Hardwood,Stucco,Municipal,Municipal,Summer,579900.0,561322,-18578.0,-3.31
PROP_0302,Middlefield,Single Family,4,4.0,2074.0,32234.399999999998,55,2,Poor,3,0,1,0,1,1,1,25,20,0,0,0,0,0,6,78,56,9,0,4889,2229,30,0,0,0,1,0,18100,Street,Gas,Window Units,Asphalt Shingle,Slab,Tile,Vinyl Siding,Municipal,Municipal,Summer,370000.0,347263,-22737.0,-6.55
PROP_0303,Naugatuck,Single Family,3,2.0,1651.0,10454.4,57,2,Fair,2,0,0,1,0,1,0,24,20,0,1,0,0,0,7,71,67,8,1,4509,1872,120,0,0,0,1,0,16988,Street,Heat Pump,Central AC,Asphalt Shingle,Slab,Tile,Brick,Municipal,Municipal,Summer,310000.0,346218,36218.0,10.46
PROP_0304,Southington,Townhouse,2,1.0,696.0,7405.200000000001,52,1,Fair,1,0,0,0,1,0,1,25,20,1,1,1,279,1,7,29,23,8,1,3861,1239,30,2,0,0,1,0,7417,Street,Gas,Central AC,Asphalt Shingle,Crawl Space,Carpet,Vinyl Siding,Municipal,Municipal,Summer,192900.0,209886,16986.0,8.09
PROP_0305,Trumbull,Single Family,4,4.0,2956.0,31363.199999999997,58,2,Fair,3,0,1,0,1,1,0,25,20,0,0,0,0,0,6,55,40,3,0,9070,4283,60,0,0,0,1,2,28751,Street,Electric,Central AC,Asphalt Shingle,Crawl Space,Carpet,Brick,Municipal,Municipal,Winter,699900.0,696298,-3602.0,-0.52
PROP_0306,Darien,Single Family,6,5.0,4621.0,37026.0,40,2,Poor,3,0,1,0,1,1,1,18,20,0,1,0,0,0,9,61,51,5,1,50771,14522,60,1,0,0,1,0,126341,Driveway,Gas,Central AC,Asphalt Shingle,Basement,Tile,Wood,Municipal,Municipal,Spring,2500000.0,2443427,-56573.0,-2.32
PROP_0307,Bristol,Single Family,2,2.0,1052.0,8712.0,65,1,Poor,1,0,1,1,0,1,1,25,20,0,0,0,0,0,7,93,83,8,1,3046,1052,60,1,0,0,0,0,6892,Driveway,Electric,Window Units,Metal,Crawl Space,Tile,Brick,Municipal,Municipal,Summer,164900.0,156043,-8857.0,-5.68
PROP_0308,Meriden,Single Family,3,2.0,1080.0,10454.4,59,1,Fair,2,0,0,0,1,1,0,20,20,0,0,0,0,0,7,33,32,12,0,4039,1047,60,0,0,0,1,0,7816,Garage,Heat Pump,Window Units,Asphalt Shingle,Basement,Carpet,Vinyl Siding,Municipal,Municipal,Fall,175000.0,185778,10778.0,5.8
PROP_0309,Middletown,Single Family,3,1.0,1040.0,3920.3999999999996,65,1,Distressed,2,0,0,1,0,1,1,21,20,0,0,0,0,0,7,45,34,1,0,3697,892,20,2,0,1,0,0,33031,Driveway,Gas,Central AC,Asphalt Shingle,Slab,Hardwood,Stucco,Municipal,Municipal,Winter,164000.0,147684,-16316.0,-11.05
PROP_0310,Winchester,Single Family,5,3.0,2482.0,601128.0,58,2,Poor,3,0,0,0,1,0,1,25,20,1,0,0,0,0,8,59,48,1,0,7737,2044,30,1,0,0,0,0,42937,Street,Gas,Central AC,Asphalt Shingle,Basement,Hardwood,Brick,Municipal,Municipal,Winter,365000.0,378674,13674.0,3.61
PROP_0311,Cromwell,Townhouse,3,2.0,1448.0,8712.0,59,1,Fair,2,0,1,0,0,0,0,23,20,0,1,0,0,0,7,45,39,7,1,3385,1204,30,0,0,0,0,0,4258,Street,Oil,Central AC,Asphalt Shingle,Slab,Laminate,Brick,Well,Municipal,Summer,209900.0,231976,22076.0,9.52
PROP_0312,Meriden,Single Family,2,2.0,1294.0,14810.400000000001,55,1,Fair,1,0,0,0,0,1,0,25,20,0,0,0,0,0,7,47,35,5,1,5799,1843,20,1,1,0,0,0,16286,Street,Oil,Central AC,Asphalt Shingle,Basement,Hardwood,Brick,Municipal,Septic,Spring,315900.0,407368,91468.0,22.45
PROP_0313,East Haddam,Single Family,4,3.0,2350.0,33976.8,50,2,Fair,3,0,0,1,0,0,1,25,20,0,0,0,0,0,6,54,51,11,0,9520,3076,120,1,0,0,0,0,21827,Garage,Gas,Central AC,Tile,Basement,Hardwood,Vinyl Siding,Municipal,Municipal,Fall,485700.0,500742,15042.0,3.0
PROP_0314,Waterbury,Single Family,2,1.0,1008.0,10018.800000000001,52,1,Fair,1,0,0,0,0,0,0,25,20,1,0,0,0,0,7,76,70,6,1,3450,975,120,0,0,0,1,0,5546,Driveway,Gas,Central AC,Tile,Slab,Laminate,Stucco,Municipal,Municipal,Spring,149900.0,165580,15680.0,9.47
PROP_0315,Bridgeport,Townhouse,3,2.0,1184.0,2613.6,49,1,Poor,2,0,0,0,1,1,1,22,20,1,0,1,476,0,5,56,50,5,1,5304,1461,30,0,0,0,1,0,13922,Driveway,Oil,Central AC,Asphalt Shingle,Basement,Laminate,Brick,Municipal,Municipal,Spring,245000.0,254176,9176.0,3.61
PROP_0316,Canterbury,Single Family,2,2.0,1469.0,139392.0,57,1,Poor,1,0,0,1,1,0,1,25,20,0,0,0,0,0,8,59,57,6,1,4264,2277,90,0,0,0,1,0,41782,Driveway,Gas,Window Units,Asphalt Shingle,Slab,Laminate,Vinyl Siding,Municipal,Municipal,Spring,355000.0,329372,-25628.0,-7.78
PROP_0317,East Hartford,Condo,2,1.0,624.0,6969.6,48,1,Poor,1,0,0,0,1,1,0,25,20,0,0,1,489,0,5,71,56,11,0,3507,925,30,1,0,0,1,0,14733,Carport,Gas,Window Units,Asphalt Shingle,Crawl Space,Carpet,Stucco,Municipal,Municipal,Fall,158500.0,166048,7548.0,4.55
PROP_0318,Monroe,Single Family,3,2.0,1799.0,44431.200000000004,55,2,Poor,2,0,0,0,0,1,0,16,20,0,0,0,0,0,7,57,56,7,1,7470,2266,30,1,0,0,1,0,24221,Carport,Gas,Central AC,Asphalt Shingle,Slab,Hardwood,Vinyl Siding,Municipal,Municipal,Summer,409900.0,427533,17633.0,4.12
PROP_0319,Norwalk,Single Family,4,3.0,1952.0,11325.6,60,2,Poor,3,0,1,0,1,1,1,25,20,0,1,0,0,0,8,75,68,2,0,9406,3697,60,0,0,0,0,1,43496,Garage,Gas,Window Units,Asphalt Shingle,Slab,Tile,Vinyl Siding,Municipal,Septic,Winter,562000.0,570672,8672.0,1.52
PROP_0320,East Hartford,Townhouse,2,1.0,1384.0,7840.799999999999,62,1,Distressed,1,0,1,0,0,1,1,25,20,0,1,1,103,0,5,100,73,5,1,2177,1050,60,0,0,0,0,0,13437,Street,Gas,Window Units,Asphalt Shingle,Slab,Laminate,Brick,Municipal,Municipal,Spring,167500.0,141333,-26167.0,-18.51
PROP_0321,Plymouth,Condo,1,1.0,480.0,3920.3999999999996,49,1,Fair,0,0,0,0,1,1,1,20,20,0,0,1,347,0,6,97,69,5,1,1171,464,180,0,0,0,0,0,3778,Driveway,Oil,Central AC,Metal,Slab,Laminate,Vinyl Siding,Well,Municipal,Spring,79900.0,107902,28002.0,25.95
PROP_0322,Waterbury,Single Family,4,2.0,1943.0,12632.4,60,1,Distressed,3,0,0,1,1,1,1,25,20,0,0,0,0,0,6,48,41,2,0,6133,1642,30,0,0,0,1,0,33819,Garage,Oil,Window Units,Asphalt Shingle,Crawl Space,Tile,Brick,Municipal,Municipal,Winter,260000.0,214995,-45005.0,-20.93
PROP_0323,Bethlehem,Condo,1,1.0,674.0,21780.0,46,1,Fair,0,0,0,0,1,1,0,22,20,1,0,1,387,0,7,70,51,5,1,6316,2194,30,1,0,0,1,0,10634,Carport,Heat Pump,Central AC,Metal,Basement,Laminate,Vinyl Siding,Well,Municipal,Spring,342900.0,386351,43451.0,11.25
PROP_0324,Danbury,Single Family,3,2.0,1092.0,14810.400000000001,52,1,Poor,2,0,0,0,0,1,1,23,20,0,0,0,0,0,7,86,81,12,0,5177,2510,20,2,0,0,0,0,40352,Driveway,Oil,Window Units,Flat,Slab,Hardwood,Vinyl Siding,Municipal,Municipal,Fall,414900.0,376903,-37997.0,-10.08
PROP_0325,East Haven,Single Family,3,3.0,2128.0,62290.799999999996,46,2,Poor,2,0,0,1,1,1,1,15,20,1,0,0,0,0,7,87,75,11,0,8184,2901,30,2,0,1,0,2,55535,Street,Oil,Central AC,Tile,Basement,Carpet,Wood,Municipal,Municipal,Fall,500000.0,545241,45241.0,8.3
PROP_0326,Brookfield,Single Family,4,4.0,2524.0,8712.0,54,1,Poor,3,0,1,1,0,1,0,21,20,0,1,0,0,0,7,69,68,7,1,12011,3352,90,0,0,0,1,1,50899,Carport,Oil,Central AC,Asphalt Shingle,Basement,Hardwood,Brick,Municipal,Municipal,Summer,609000.0,641516,32516.0,5.07
PROP_0327,New Haven,Single Family,4,3.0,2591.0,7840.799999999999,60,2,Poor,3,0,1,1,0,1,0,25,20,1,0,0,0,0,7,28,24,4,1,12158,3467,120,1,1,0,0,2,55392,Street,Oil,Central AC,Asphalt Shingle,Slab,Hardwood,Brick,Municipal,Municipal,Spring,545000.0,601105,56105.0,9.33
PROP_0328,Naugatuck,Townhouse,5,3.0,1704.0,13503.6,54,1,Fair,3,0,0,0,0,0,0,25,20,0,0,1,146,0,9,83,80,1,0,4009,1726,30,2,0,0,1,0,10997,Driveway,Heat Pump,Central AC,Asphalt Shingle,Basement,Hardwood,Wood,Municipal,Septic,Winter,299900.0,318247,18347.0,5.77
PROP_0329,Killingly,Townhouse,4,2.0,2002.0,36154.799999999996,57,2,Fair,3,0,1,0,1,1,1,18,20,0,1,0,0,0,6,61,47,4,1,8423,2010,30,2,0,0,0,1,18195,Garage,Electric,Central AC,Asphalt Shingle,Slab,Hardwood,Brick,Municipal,Municipal,Spring,340000.0,347966,7966.0,2.29
PROP_0330,West Haven,Single Family,3,2.0,1192.0,5662.8,63,1,Poor,2,0,0,1,1,1,1,25,20,1,0,0,0,0,7,71,53,3,0,6225,1959,20,1,0,0,0,0,34425,Driveway,Electric,Window Units,Asphalt Shingle,Crawl Space,Laminate,Brick,Municipal,Municipal,Winter,349900.0,333696,-16204.0,-4.86
PROP_0331,Lebanon,Single Family,3,1.0,1080.0,54014.4,57,1,Poor,2,0,0,1,1,0,1,25,20,0,0,0,0,0,5,7,5,7,1,4730,1695,10,0,0,0,0,0,15746,Driveway,Oil,None,Metal,Crawl Space,Hardwood,Wood,Municipal,Municipal,Summer,259900.0,283139,23239.0,8.21
PROP_0332,Darien,Single Family,6,9.0,9764.0,87120.0,47,2,Fair,3,0,1,1,1,1,1,25,20,1,0,0,0,0,7,100,93,7,1,63085,23751,60,3,0,0,1,0,172268,Street,Electric,Central AC,Asphalt Shingle,Basement,Carpet,Vinyl Siding,Municipal,Municipal,Summer,4295000.0,4644117,349117.0,7.52
PROP_0333,Westport,Single Family,5,9.0,7193.0,87120.0,54,2,Fair,3,1,0,1,1,1,0,25,20,0,0,0,0,0,8,79,69,11,0,56601,25683,60,2,0,0,1,0,158108,Street,Gas,Window Units,Asphalt Shingle,Basement,Hardwood,Brick,Municipal,Municipal,Fall,3995000.0,4118638,123638.0,3.0
PROP_0334,Bristol,Single Family,4,3.0,3098.0,25700.399999999998,63,2,Distressed,3,0,0,0,0,1,0,25,20,0,1,0,0,0,7,25,22,5,1,6856,2909,120,0,0,0,0,0,96815,Street,Gas,Central AC,Flat,Basement,Carpet,Vinyl Siding,Municipal,Municipal,Spring,479900.0,435967,-43933.0,-10.08
PROP_0335,Bristol,Single Family,3,2.0,1116.0,8712.0,60,1,Distressed,2,0,0,0,0,0,0,25,20,0,0,0,0,0,8,10,7,9,0,2468,929,20,0,0,0,1,0,14120,Driveway,Oil,Central AC,Asphalt Shingle,Basement,Laminate,Wood,Municipal,Municipal,Summer,149900.0,141851,-8049.0,-5.67
PROP_0336,Enfield,Townhouse,3,2.0,1456.0,6098.400000000001,63,1,Poor,2,0,1,0,1,1,1,19,20,0,1,1,277,0,8,37,36,4,1,7090,1650,30,3,0,0,1,0,29309,Garage,Gas,Central AC,Asphalt Shingle,Slab,Tile,Wood,Municipal,Municipal,Spring,295000.0,275631,-19369.0,-7.03
PROP_0337,Stamford,Townhouse,4,3.0,2110.0,10018.800000000001,47,2,Fair,3,0,0,0,0,1,0,25,20,1,1,0,0,0,8,63,53,11,0,13343,3538,10,0,0,0,0,1,18070,Street,Gas,Central AC,Asphalt Shingle,Basement,Hardwood,Vinyl Siding,Municipal,Municipal,Fall,640000.0,687098,47098.0,6.85
PROP_0338,Danbury,Single Family,3,3.0,2323.0,27442.8,44,1,Poor,2,0,0,1,0,1,1,25,20,1,1,0,0,0,9,44,31,1,0,13914,4116,90,0,0,0,1,0,49031,Street,Gas,Central AC,Asphalt Shingle,Slab,Laminate,Stucco,Municipal,Municipal,Winter,655000.0,706969,51969.0,7.35
PROP_0339,Southington,Single Family,3,2.0,1296.0,24393.600000000002,62,1,Poor,2,0,0,0,0,1,0,25,20,0,1,0,0,0,7,68,65,1,0,6598,1707,20,1,0,0,0,0,20133,Street,Heat Pump,Central AC,Asphalt Shingle,Crawl Space,Laminate,Brick,Well,Municipal,Winter,304000.0,276972,-27028.0,-9.76
PROP_0340,Wallingford,Single Family,2,2.0,1026.0,8712.0,51,1,Poor,1,0,1,1,1,0,1,25,20,0,1,0,0,0,8,39,29,10,0,4013,903,60,0,0,0,0,0,16953,Driveway,Gas,Central AC,Tile,Basement,Tile,Brick,Municipal,Municipal,Fall,165000.0,154567,-10433.0,-6.75
PROP_0341,Wilton,Single Family,6,6.0,5694.0,87991.2,46,3,Fair,3,1,1,1,1,1,1,18,20,0,0,0,0,0,6,64,46,11,0,29364,7027,20,0,0,0,1,0,66689,Garage,Gas,Central AC,Asphalt Shingle,Basement,Carpet,Vinyl Siding,Well,Municipal,Fall,1295000.0,1236585,-58415.0,-4.72
PROP_0342,Watertown,Single Family,4,3.0,1396.0,14810.400000000001,52,1,Fair,3,0,0,0,0,1,1,23,20,0,0,0,0,0,7,37,36,2,0,6526,1666,60,0,0,0,0,2,5963,Driveway,Gas,Central AC,Asphalt Shingle,Basement,Laminate,Brick,Municipal,Septic,Winter,289900.0,306832,16932.0,5.52
PROP_0343,Woodbridge,Townhouse,2,2.0,935.0,16988.4,55,1,Poor,1,0,0,0,0,1,1,20,20,1,1,1,390,0,8,80,68,8,1,8564,2495,30,2,0,0,1,2,40230,Street,Electric,None,Asphalt Shingle,Crawl Space,Carpet,Vinyl Siding,Municipal,Municipal,Summer,389900.0,358742,-31158.0,-8.69
PROP_0344,Stafford,Single Family,4,2.0,1629.0,40946.399999999994,57,2,Fair,3,0,0,1,1,1,1,25,20,0,0,0,0,0,5,61,58,6,1,3892,1396,120,2,1,0,1,0,7003,Garage,Gas,Central AC,Asphalt Shingle,Basement,Tile,Vinyl Siding,Municipal,Municipal,Spring,220000.0,263702,43702.0,16.57
PROP_0345,Greenwich,Single Family,2,2.0,1596.0,1306.8,60,2,Poor,1,0,0,1,1,1,0,25,20,1,0,0,0,0,7,76,75,8,1,15544,3876,60,1,0,0,0,1,50547,Garage,Oil,Central AC,Asphalt Shingle,Slab,Tile,Vinyl Siding,Municipal,Municipal,Summer,695000.0,744310,49310.0,6.62
PROP_0346,Stamford,Single Family,5,5.0,5272.0,87120.0,47,3,Fair,3,0,1,0,0,1,0,21,20,0,1,0,0,0,5,36,35,5,1,37833,9833,10,2,0,0,1,1,88116,Garage,Oil,Window Units,Metal,Basement,Hardwood,Brick,Municipal,Septic,Spring,1649000.0,1579147,-69853.0,-4.42
PROP_0347,New Britain,Single Family,3,2.0,1188.0,12632.4,63,1,Poor,2,0,0,0,1,1,0,25,20,0,0,0,0,0,8,100,73,12,0,5281,1424,90,0,0,0,0,0,21733,Driveway,Gas,None,Flat,Slab,Laminate,Brick,Well,Municipal,Fall,245000.0,250054,5054.0,2.02
PROP_0348,Windsor Locks,Single Family,3,2.0,1665.0,7405.200000000001,59,2,Poor,2,0,1,0,1,0,0,25,20,0,1,0,0,0,9,79,58,1,0,4353,1445,10,0,0,0,1,0,17924,Garage,Electric,Central AC,Asphalt Shingle,Basement,Carpet,Wood,Municipal,Septic,Winter,249900.0,266762,16862.0,6.32
PROP_0349,Hamden,Townhouse,3,2.0,1412.0,10890.0,59,1,Fair,2,0,0,0,1,0,0,25,20,0,0,1,138,0,8,55,51,10,0,3078,1506,20,2,0,0,1,0,11231,Carport,Electric,Central AC,Metal,Crawl Space,Carpet,Brick,Municipal,Municipal,Fall,250000.0,276065,26065.0,9.44
PROP_0350,Berlin,Single Family,3,3.0,1400.0,7405.200000000001,55,1,Fair,2,0,1,0,1,1,1,25,20,1,0,0,0,0,6,30,28,2,0,3049,1060,90,0,0,0,0,1,4011,Driveway,Gas,Window Units,Asphalt Shingle,Slab,Laminate,Vinyl Siding,Municipal,Septic,Winter,189900.0,209866,19966.0,9.51
PROP_0351,Guilford,Single Family,2,3.0,3837.0,104108.40000000001,45,2,Poor,1,0,0,1,0,1,1,25,20,0,1,0,0,0,9,86,71,10,0,31853,8664,20,1,0,0,1,0,100978,Carport,Heat Pump,Central AC,Metal,Slab,Carpet,Vinyl Siding,Municipal,Municipal,Fall,1450000.0,1505437,55437.0,3.68
PROP_0352,Bridgeport,Single Family,6,3.0,3602.0,2613.6,62,2,Poor,3,0,0,1,0,1,0,25,20,1,0,0,0,0,9,72,68,2,0,7867,2461,30,2,0,0,0,0,26696,Driveway,Gas,Central AC,Asphalt Shingle,Slab,Carpet,Brick,Municipal,Municipal,Winter,425000.0,420402,-4598.0,-1.09
PROP_0353,Milford,Single Family,4,4.0,2850.0,3049.2000000000003,59,2,Fair,3,1,1,0,1,1,1,25,20,1,0,0,0,0,7,56,51,9,0,16707,5156,60,0,1,0,1,0,27059,Carport,Gas,Central AC,Metal,Basement,Hardwood,Vinyl Siding,Well,Municipal,Summer,849900.0,1042096,192196.0,18.44
PROP_0354,Rocky Hill,Single Family,3,4.0,1706.0,8712.0,52,1,Fair,2,0,1,0,1,1,1,25,20,0,0,0,0,0,6,84,62,6,1,4799,2288,10,2,0,0,1,0,12253,Driveway,Gas,Central AC,Asphalt Shingle,Slab,Carpet,Brick,Municipal,Municipal,Spring,399000.0,442819,43819.0,9.9
PROP_0355,Newington,Single Family,4,3.0,2059.0,20037.600000000002,64,2,Poor,3,0,1,1,1,0,1,25,20,0,1,0,0,0,5,60,56,3,0,9700,2567,10,1,0,0,0,0,36377,Street,Gas,Central AC,Tile,Slab,Hardwood,Vinyl Siding,Municipal,Municipal,Winter,394900.0,374852,-20048.0,-5.35
PROP_0356,Darien,Single Family,6,6.0,3873.0,21344.399999999998,44,3,Fair,3,0,1,1,1,1,1,25,17,1,1,0,0,0,9,35,29,9,0,30895,16072,10,0,0,0,0,0,130595,Carport,Heat Pump,Window Units,Metal,Crawl Space,Carpet,Vinyl Siding,Municipal,Municipal,Summer,2495000.0,2652974,157974.0,5.95
PROP_0357,Westport,Townhouse,3,3.0,2340.0,59677.200000000004,51,2,Poor,2,0,0,0,0,1,1,17,20,0,0,0,0,0,7,38,27,6,1,21837,6039,30,0,0,0,1,0,74145,Garage,Gas,Window Units,Asphalt Shingle,Crawl Space,Carpet,Wood,Municipal,Municipal,Spring,969000.0,1019101,50101.0,4.92
PROP_0358,Danbury,Single Family,2,3.0,1460.0,8712.0,59,1,Fair,1,0,1,1,1,0,1,25,20,0,1,0,0,0,6,69,48,6,1,5923,2442,60,0,0,0,0,1,18283,Street,Gas,Central AC,Asphalt Shingle,Crawl Space,Laminate,Vinyl Siding,Municipal,Municipal,Spring,399000.0,449641,50641.0,11.26
PROP_0359,West Haven,Single Family,5,3.0,2541.0,5662.8,65,2,Poor,3,1,1,0,1,1,1,25,20,0,0,0,0,0,7,88,76,4,1,4658,1732,120,0,1,0,1,0,26229,Garage,Gas,Central AC,Tile,Basement,Carpet,Brick,Municipal,Municipal,Spring,279900.0,332295,52395.0,15.77
PROP_0360,Manchester,Single Family,3,1.0,1120.0,20037.600000000002,56,1,Fair,2,0,0,1,1,1,1,21,20,0,0,0,0,0,7,48,36,11,0,3691,1463,90,0,0,0,1,0,7888,Street,Gas,Central AC,Asphalt Shingle,Slab,Tile,Vinyl Siding,Municipal,Septic,Fall,239900.0,256910,17010.0,6.62
PROP_0361,Orange,Townhouse,4,4.0,2291.0,39204.0,61,2,Distressed,3,0,0,0,1,0,0,25,20,0,0,1,242,0,6,57,51,10,0,16155,4063,20,1,0,0,1,0,124399,Garage,Oil,Window Units,Asphalt Shingle,Slab,Carpet,Brick,Municipal,Municipal,Fall,679000.0,608279,-70721.0,-11.63
PROP_0362,West Hartford,Single Family,4,3.0,1898.0,14374.800000000001,47,1,Poor,3,0,1,1,0,1,0,25,20,1,1,0,0,0,9,42,41,7,1,11424,2875,180,3,0,0,0,3,23544,Garage,Gas,Central AC,Asphalt Shingle,Crawl Space,Laminate,Vinyl Siding,Municipal,Municipal,Summer,508900.0,599195,90295.0,15.07
PROP_0363,Litchfield,Single Family,4,4.0,2900.0,474804.0,61,2,Poor,3,0,0,1,1,1,1,25,20,1,0,0,0,0,8,68,56,12,0,20388,5248,120,0,0,0,1,0,81182,Street,Electric,Central AC,Asphalt Shingle,Crawl Space,Hardwood,Stucco,Municipal,Municipal,Fall,849900.0,782557,-67343.0,-8.61
PROP_0364,Litchfield,Single Family,4,4.0,2932.0,26136.0,58,1,Fair,3,1,0,0,1,1,1,21,20,0,0,0,0,0,6,89,85,3,0,12765,3283,10,0,0,0,1,0,28189,Street,Gas,Central AC,Tile,Crawl Space,Tile,Brick,Municipal,Septic,Winter,565000.0,587891,22891.0,3.89
PROP_0365,Danbury,Single Family,3,2.0,1808.0,6969.6,45,2,Fair,2,0,1,1,0,1,1,25,20,0,0,0,0,0,8,71,67,8,1,12362,5548,10,0,0,0,1,0,54665,Driveway,Oil,Central AC,Metal,Slab,Tile,Brick,Municipal,Municipal,Summer,999900.0,1100518,100618.0,9.14
PROP_0366,New Haven,Townhouse,3,3.0,1322.0,16552.8,63,1,Distressed,2,0,0,0,1,0,1,25,20,0,0,0,0,0,8,91,90,3,0,5930,1915,60,0,0,0,0,0,54923,Driveway,Electric,Central AC,Asphalt Shingle,Slab,Laminate,Brick,Municipal,Municipal,Winter,325000.0,316719,-8281.0,-2.61
PROP_0367,Somers,Townhouse,2,1.0,846.0,19602.0,52,1,Fair,1,0,0,0,0,1,0,25,20,1,1,0,0,0,6,61,59,10,0,4464,1107,60,1,0,0,0,3,11298,Carport,Electric,Window Units,Asphalt Shingle,Crawl Space,Tile,Stucco,Municipal,Municipal,Fall,189900.0,187752,-2148.0,-1.14
PROP_0368,Hamden,Single Family,2,2.0,1788.0,11325.6,52,2,Poor,1,0,0,0,1,1,1,25,20,1,0,0,0,0,8,32,26,10,0,4974,1440,30,1,0,0,1,0,20031,Driveway,Gas,Central AC,Asphalt Shingle,Crawl Space,Laminate,Brick,Municipal,Municipal,Fall,263000.0,273271,10271.0,3.76
PROP_0369,Fairfield,Single Family,5,7.0,5198.0,41817.6,39,2,Fair,3,0,0,1,1,1,1,21,20,0,0,0,0,0,9,38,33,7,1,61467,22173,120,2,0,0,1,0,169865,Street,Gas,Central AC,Asphalt Shingle,Basement,Tile,Stucco,Municipal,Septic,Summer,3988000.0,4035000,47000.0,1.16
PROP_0370,Southington,Single Family,3,1.0,1200.0,20037.600000000002,53,1,Fair,2,0,1,1,1,0,0,25,20,0,1,0,0,0,5,35,26,12,0,6194,1738,10,0,0,0,0,3,17955,Street,Gas,Central AC,Metal,Basement,Hardwood,Brick,Municipal,Municipal,Fall,299900.0,303941,4041.0,1.33
PROP_0371,East Haven,Single Family,3,2.0,1152.0,6534.0,64,1,Poor,2,0,0,1,1,1,0,21,20,1,1,0,0,0,9,86,67,10,0,4153,1516,10,1,0,0,1,0,23102,Garage,Gas,Window Units,Asphalt Shingle,Slab,Tile,Stucco,Municipal,Municipal,Fall,239900.0,254813,14913.0,5.85
PROP_0372,Middletown,Condo,2,2.0,950.0,8712.0,50,1,Fair,1,0,0,0,1,1,0,16,20,0,1,1,488,0,8,98,76,2,0,2616,927,10,0,1,0,0,0,6124,Garage,Heat Pump,None,Asphalt Shingle,Slab,Hardwood,Vinyl Siding,Well,Municipal,Winter,150000.0,183311,33311.0,18.17
PROP_0373,Milford,Single Family,2,2.0,1006.0,8712.0,50,1,Fair,1,0,1,1,1,1,1,25,20,1,1,0,0,0,6,63,61,1,0,4683,1814,30,1,0,0,0,1,14392,Carport,Oil,Central AC,Asphalt Shingle,Slab,Hardwood,Vinyl Siding,Municipal,Municipal,Winter,299700.0,303601,3901.0,1.28
PROP_0374,Hamden,Single Family,3,2.0,1396.0,7840.799999999999,64,1,Distressed,2,0,0,1,1,1,1,25,20,0,0,0,0,0,8,86,71,10,0,7197,1719,10,0,0,0,0,2,55825,Street,Gas,Central AC,Asphalt Shingle,Crawl Space,Carpet,Brick,Municipal,Septic,Fall,297000.0,251044,-45956.0,-18.31
PROP_0375,Simsbury,Single Family,5,6.0,4639.0,121967.99999999999,62,2,Distressed,3,1,1,1,1,1,0,19,20,0,1,0,0,0,9,37,36,6,1,20979,7770,60,1,0,0,1,1,219811,Street,Gas,Central AC,Metal,Crawl Space,Carpet,Wood,Municipal,Municipal,Spring,1200000.0,982044,-217956.0,-22.19
PROP_0376,Putnam,Single Family,4,2.0,1828.0,38768.4,49,1,Poor,3,0,0,1,0,1,0,25,20,1,1,0,0,0,7,48,43,4,1,2981,1356,90,1,0,0,0,0,18072,Driveway,Gas,Central AC,Tile,Crawl Space,Tile,Brick,Municipal,Municipal,Spring,229000.0,244948,15948.0,6.51
PROP_0377,Southington,Single Family,3,1.0,1072.0,12196.800000000001,59,1,Fair,2,0,1,1,0,1,1,25,20,1,0,0,0,0,7,47,44,5,1,3934,1635,90,2,0,0,1,0,11773,Driveway,Electric,Central AC,Asphalt Shingle,Slab,Carpet,Brick,Municipal,Municipal,Spring,248900.0,261524,12624.0,4.83
PROP_0378,Sherman,Townhouse,4,3.0,1864.0,80586.0,61,1,Distressed,3,0,1,0,0,1,1,25,20,0,0,1,151,0,7,44,43,5,1,12589,3045,30,0,0,0,0,0,111662,Driveway,Gas,None,Asphalt Shingle,Slab,Tile,Vinyl Siding,Municipal,Municipal,Spring,525000.0,506803,-18197.0,-3.59
PROP_0379,Griswold,Single Family,3,3.0,2088.0,130244.40000000001,63,1,Poor,2,0,1,1,1,0,0,22,20,1,1,0,0,0,8,48,41,5,1,9002,2281,20,0,0,0,1,0,29341,Driveway,Gas,Window Units,Asphalt Shingle,Slab,Hardwood,Vinyl Siding,Municipal,Municipal,Spring,374900.0,357342,-17558.0,-4.91
PROP_0380,Harwinton,Single Family,4,3.0,3300.0,174240.0,64,2,Poor,3,0,1,1,1,1,0,24,20,0,0,0,0,0,7,81,70,3,0,7750,3341,10,0,1,0,0,0,21823,Garage,Heat Pump,Window Units,Tile,Slab,Hardwood,Vinyl Siding,Municipal,Municipal,Winter,525000.0,669478,144478.0,21.58
PROP_0381,Cromwell,Condo,2,2.0,979.0,8712.0,63,1,Poor,1,0,0,0,1,0,0,25,20,0,1,1,110,0,7,86,76,2,0,2769,802,20,2,1,0,1,0,8382,Carport,Heat Pump,Central AC,Tile,Slab,Carpet,Vinyl Siding,Municipal,Municipal,Winter,144900.0,190387,45487.0,23.89
PROP_0382,Glastonbury,Single Family,4,4.0,2943.0,60983.99999999999,48,2,Fair,3,1,0,0,1,1,1,25,20,0,0,0,0,0,7,39,32,6,1,15813,3814,20,1,0,0,1,1,35290,Driveway,Gas,Central AC,Asphalt Shingle,Crawl Space,Tile,Brick,Well,Municipal,Spring,699900.0,708675,8775.0,1.24
PROP_0383,Danbury,Townhouse,2,2.0,1536.0,8712.0,51,2,Fair,1,0,1,0,0,1,0,18,20,0,0,1,443,0,8,83,61,4,1,8946,2390,20,0,0,0,1,0,12620,Street,Electric,Central AC,Metal,Slab,Tile,Brick,Well,Septic,Spring,364000.0,372085,8085.0,2.17
PROP_0384,Windsor,Single Family,3,3.0,2286.0,28749.600000000002,48,2,Poor,2,0,1,0,1,1,0,25,20,0,0,0,0,0,8,57,53,2,0,6443,2601,10,0,0,0,0,0,39078,Driveway,Electric,Central AC,Asphalt Shingle,Crawl Space,Laminate,Brick,Well,Municipal,Winter,399000.0,405351,6351.0,1.57
PROP_0385,Stonington,Single Family,4,5.0,2290.0,12196.800000000001,47,2,Poor,3,0,0,0,0,1,1,21,20,1,1,0,0,0,8,70,60,2,0,37450,11058,10,1,0,0,0,0,137360,Street,Gas,Central AC,Asphalt Shingle,Basement,Tile,Wood,Municipal,Septic,Winter,1875000.0,1875044,44.0,0.0
PROP_0386,Litchfield,Single Family,3,3.0,2100.0,66211.2,51,2,Fair,2,0,0,0,0,1,1,25,20,0,1,0,0,0,6,60,43,7,1,6650,2853,60,1,0,0,1,0,15499,Garage,Electric,Central AC,Metal,Crawl Space,Carpet,Brick,Municipal,Municipal,Summer,499000.0,549258,50258.0,9.15
PROP_0387,Waterbury,Single Family,3,1.0,1116.0,7405.200000000001,65,1,Distressed,2,0,0,0,0,1,1,25,20,0,1,0,0,0,7,73,65,1,0,2504,1275,10,0,0,0,0,0,20054,Carport,Gas,Central AC,Metal,Slab,Laminate,Vinyl Siding,Municipal,Municipal,Winter,204900.0,171222,-33678.0,-19.67
